match,away_team,home_team,player_name,line,over_price,under_price,market_name,agency,player_team,opposition_team
Orlando Magic v Charlotte Hornets,Charlotte Hornets,Orlando Magic,Brandon Miller,9.5,1.055,NA,Player Points,Bet365,Charlotte Hornets,Orlando Magic
Orlando Magic v Charlotte Hornets,Charlotte Hornets,Orlando Magic,Brandon Miller,14.5,1.29,NA,Player Points,Bet365,Charlotte Hornets,Orlando Magic
Orlando Magic v Charlotte Hornets,Charlotte Hornets,Orlando Magic,Brandon Miller,19.5,1.9,1.83,Player Points,Bet365,Charlotte Hornets,Orlando Magic
Orlando Magic v Charlotte Hornets,Charlotte Hornets,Orlando Magic,Brandon Miller,19.5,1.9,NA,Player Points,Bet365,Charlotte Hornets,Orlando Magic
Orlando Magic v Charlotte Hornets,Charlotte Hornets,Orlando Magic,Brandon Miller,24.5,3.7,NA,Player Points,Bet365,Charlotte Hornets,Orlando Magic
Orlando Magic v Charlotte Hornets,Charlotte Hornets,Orlando Magic,Brandon Miller,29.5,8,NA,Player Points,Bet365,Charlotte Hornets,Orlando Magic
Orlando Magic v Charlotte Hornets,Charlotte Hornets,Orlando Magic,Brandon Miller,34.5,17,NA,Player Points,Bet365,Charlotte Hornets,Orlando Magic
Orlando Magic v Charlotte Hornets,Charlotte Hornets,Orlando Magic,Brandon Miller,39.5,29,NA,Player Points,Bet365,Charlotte Hornets,Orlando Magic
Orlando Magic v Charlotte Hornets,Charlotte Hornets,Orlando Magic,Franz Wagner,14.5,1.071,NA,Player Points,Bet365,Orlando Magic,Charlotte Hornets
Orlando Magic v Charlotte Hornets,Charlotte Hornets,Orlando Magic,Franz Wagner,19.5,1.32,NA,Player Points,Bet365,Orlando Magic,Charlotte Hornets
Orlando Magic v Charlotte Hornets,Charlotte Hornets,Orlando Magic,Franz Wagner,24.5,1.95,1.8,Player Points,Bet365,Orlando Magic,Charlotte Hornets
Orlando Magic v Charlotte Hornets,Charlotte Hornets,Orlando Magic,Franz Wagner,24.5,1.95,NA,Player Points,Bet365,Orlando Magic,Charlotte Hornets
Orlando Magic v Charlotte Hornets,Charlotte Hornets,Orlando Magic,Franz Wagner,29.5,3.65,NA,Player Points,Bet365,Orlando Magic,Charlotte Hornets
Orlando Magic v Charlotte Hornets,Charlotte Hornets,Orlando Magic,Franz Wagner,34.5,8,NA,Player Points,Bet365,Orlando Magic,Charlotte Hornets
Orlando Magic v Charlotte Hornets,Charlotte Hornets,Orlando Magic,Franz Wagner,39.5,16,NA,Player Points,Bet365,Orlando Magic,Charlotte Hornets
Orlando Magic v Charlotte Hornets,Charlotte Hornets,Orlando Magic,Goga Bitadze,4.5,1.055,NA,Player Points,Bet365,Orlando Magic,Charlotte Hornets
Orlando Magic v Charlotte Hornets,Charlotte Hornets,Orlando Magic,Goga Bitadze,9.5,1.62,NA,Player Points,Bet365,Orlando Magic,Charlotte Hornets
Orlando Magic v Charlotte Hornets,Charlotte Hornets,Orlando Magic,Goga Bitadze,10.5,1.86,1.86,Player Points,Bet365,Orlando Magic,Charlotte Hornets
Orlando Magic v Charlotte Hornets,Charlotte Hornets,Orlando Magic,Goga Bitadze,14.5,4.1,NA,Player Points,Bet365,Orlando Magic,Charlotte Hornets
Orlando Magic v Charlotte Hornets,Charlotte Hornets,Orlando Magic,Goga Bitadze,19.5,13,NA,Player Points,Bet365,Orlando Magic,Charlotte Hornets
Orlando Magic v Charlotte Hornets,Charlotte Hornets,Orlando Magic,Goga Bitadze,24.5,29,NA,Player Points,Bet365,Orlando Magic,Charlotte Hornets
Orlando Magic v Charlotte Hornets,Charlotte Hornets,Orlando Magic,Jalen Suggs,9.5,1.12,NA,Player Points,Bet365,Orlando Magic,Charlotte Hornets
Orlando Magic v Charlotte Hornets,Charlotte Hornets,Orlando Magic,Jalen Suggs,14.5,1.6,NA,Player Points,Bet365,Orlando Magic,Charlotte Hornets
Orlando Magic v Charlotte Hornets,Charlotte Hornets,Orlando Magic,Jalen Suggs,15.5,1.8,1.95,Player Points,Bet365,Orlando Magic,Charlotte Hornets
Orlando Magic v Charlotte Hornets,Charlotte Hornets,Orlando Magic,Jalen Suggs,19.5,3.1,NA,Player Points,Bet365,Orlando Magic,Charlotte Hornets
Orlando Magic v Charlotte Hornets,Charlotte Hornets,Orlando Magic,Jalen Suggs,24.5,7.5,NA,Player Points,Bet365,Orlando Magic,Charlotte Hornets
Orlando Magic v Charlotte Hornets,Charlotte Hornets,Orlando Magic,Jalen Suggs,29.5,16,NA,Player Points,Bet365,Orlando Magic,Charlotte Hornets
Orlando Magic v Charlotte Hornets,Charlotte Hornets,Orlando Magic,Jalen Suggs,34.5,34,NA,Player Points,Bet365,Orlando Magic,Charlotte Hornets
Orlando Magic v Charlotte Hornets,Charlotte Hornets,Orlando Magic,Josh Green,4.5,1.58,NA,Player Points,Bet365,Charlotte Hornets,Orlando Magic
Orlando Magic v Charlotte Hornets,Charlotte Hornets,Orlando Magic,Josh Green,5.5,1.86,1.86,Player Points,Bet365,Charlotte Hornets,Orlando Magic
Orlando Magic v Charlotte Hornets,Charlotte Hornets,Orlando Magic,Josh Green,9.5,4.75,NA,Player Points,Bet365,Charlotte Hornets,Orlando Magic
Orlando Magic v Charlotte Hornets,Charlotte Hornets,Orlando Magic,Josh Green,14.5,16,NA,Player Points,Bet365,Charlotte Hornets,Orlando Magic
Orlando Magic v Charlotte Hornets,Charlotte Hornets,Orlando Magic,Josh Green,19.5,41,NA,Player Points,Bet365,Charlotte Hornets,Orlando Magic
Orlando Magic v Charlotte Hornets,Charlotte Hornets,Orlando Magic,Kentavious Caldwell-Pope,4.5,1.15,NA,Player Points,Bet365,Orlando Magic,Charlotte Hornets
Orlando Magic v Charlotte Hornets,Charlotte Hornets,Orlando Magic,Kentavious Caldwell-Pope,9.5,1.95,1.8,Player Points,Bet365,Orlando Magic,Charlotte Hornets
Orlando Magic v Charlotte Hornets,Charlotte Hornets,Orlando Magic,Kentavious Caldwell-Pope,9.5,1.95,NA,Player Points,Bet365,Orlando Magic,Charlotte Hornets
Orlando Magic v Charlotte Hornets,Charlotte Hornets,Orlando Magic,Kentavious Caldwell-Pope,14.5,5,NA,Player Points,Bet365,Orlando Magic,Charlotte Hornets
Orlando Magic v Charlotte Hornets,Charlotte Hornets,Orlando Magic,Kentavious Caldwell-Pope,19.5,15,NA,Player Points,Bet365,Orlando Magic,Charlotte Hornets
Orlando Magic v Charlotte Hornets,Charlotte Hornets,Orlando Magic,Kentavious Caldwell-Pope,24.5,34,NA,Player Points,Bet365,Orlando Magic,Charlotte Hornets
Orlando Magic v Charlotte Hornets,Charlotte Hornets,Orlando Magic,LaMelo Ball,14.5,1.05,NA,Player Points,Bet365,Charlotte Hornets,Orlando Magic
Orlando Magic v Charlotte Hornets,Charlotte Hornets,Orlando Magic,LaMelo Ball,19.5,1.18,NA,Player Points,Bet365,Charlotte Hornets,Orlando Magic
Orlando Magic v Charlotte Hornets,Charlotte Hornets,Orlando Magic,LaMelo Ball,24.5,1.52,NA,Player Points,Bet365,Charlotte Hornets,Orlando Magic
Orlando Magic v Charlotte Hornets,Charlotte Hornets,Orlando Magic,LaMelo Ball,27.5,1.86,1.86,Player Points,Bet365,Charlotte Hornets,Orlando Magic
Orlando Magic v Charlotte Hornets,Charlotte Hornets,Orlando Magic,LaMelo Ball,29.5,2.35,NA,Player Points,Bet365,Charlotte Hornets,Orlando Magic
Orlando Magic v Charlotte Hornets,Charlotte Hornets,Orlando Magic,LaMelo Ball,34.5,4.1,NA,Player Points,Bet365,Charlotte Hornets,Orlando Magic
Orlando Magic v Charlotte Hornets,Charlotte Hornets,Orlando Magic,LaMelo Ball,39.5,8,NA,Player Points,Bet365,Charlotte Hornets,Orlando Magic
Detroit Pistons v Miami Heat,Miami Heat,Detroit Pistons,Bam Adebayo,9.5,1.04,NA,Player Points,Bet365,Miami Heat,Detroit Pistons
Detroit Pistons v Miami Heat,Miami Heat,Detroit Pistons,Bam Adebayo,14.5,1.26,NA,Player Points,Bet365,Miami Heat,Detroit Pistons
Detroit Pistons v Miami Heat,Miami Heat,Detroit Pistons,Bam Adebayo,18.5,1.8,1.95,Player Points,Bet365,Miami Heat,Detroit Pistons
Detroit Pistons v Miami Heat,Miami Heat,Detroit Pistons,Bam Adebayo,19.5,1.95,NA,Player Points,Bet365,Miami Heat,Detroit Pistons
Detroit Pistons v Miami Heat,Miami Heat,Detroit Pistons,Bam Adebayo,24.5,4.2,NA,Player Points,Bet365,Miami Heat,Detroit Pistons
Detroit Pistons v Miami Heat,Miami Heat,Detroit Pistons,Bam Adebayo,29.5,10.5,NA,Player Points,Bet365,Miami Heat,Detroit Pistons
Detroit Pistons v Miami Heat,Miami Heat,Detroit Pistons,Bam Adebayo,34.5,19,NA,Player Points,Bet365,Miami Heat,Detroit Pistons
Detroit Pistons v Miami Heat,Miami Heat,Detroit Pistons,Bam Adebayo,39.5,41,NA,Player Points,Bet365,Miami Heat,Detroit Pistons
Detroit Pistons v Miami Heat,Miami Heat,Detroit Pistons,Haywood Highsmith,4.5,1.22,NA,Player Points,Bet365,Miami Heat,Detroit Pistons
Detroit Pistons v Miami Heat,Miami Heat,Detroit Pistons,Haywood Highsmith,7.5,1.8,1.95,Player Points,Bet365,Miami Heat,Detroit Pistons
Detroit Pistons v Miami Heat,Miami Heat,Detroit Pistons,Haywood Highsmith,9.5,2.6,NA,Player Points,Bet365,Miami Heat,Detroit Pistons
Detroit Pistons v Miami Heat,Miami Heat,Detroit Pistons,Haywood Highsmith,14.5,8,NA,Player Points,Bet365,Miami Heat,Detroit Pistons
Detroit Pistons v Miami Heat,Miami Heat,Detroit Pistons,Haywood Highsmith,19.5,18,NA,Player Points,Bet365,Miami Heat,Detroit Pistons
Detroit Pistons v Miami Heat,Miami Heat,Detroit Pistons,Haywood Highsmith,24.5,41,NA,Player Points,Bet365,Miami Heat,Detroit Pistons
Detroit Pistons v Miami Heat,Miami Heat,Detroit Pistons,Terry Rozier,4.5,1.012,NA,Player Points,Bet365,Miami Heat,Detroit Pistons
Detroit Pistons v Miami Heat,Miami Heat,Detroit Pistons,Terry Rozier,9.5,1.15,NA,Player Points,Bet365,Miami Heat,Detroit Pistons
Detroit Pistons v Miami Heat,Miami Heat,Detroit Pistons,Terry Rozier,14.5,1.68,NA,Player Points,Bet365,Miami Heat,Detroit Pistons
Detroit Pistons v Miami Heat,Miami Heat,Detroit Pistons,Terry Rozier,15.5,1.86,1.86,Player Points,Bet365,Miami Heat,Detroit Pistons
Detroit Pistons v Miami Heat,Miami Heat,Detroit Pistons,Terry Rozier,19.5,3.25,NA,Player Points,Bet365,Miami Heat,Detroit Pistons
Detroit Pistons v Miami Heat,Miami Heat,Detroit Pistons,Terry Rozier,24.5,8,NA,Player Points,Bet365,Miami Heat,Detroit Pistons
Detroit Pistons v Miami Heat,Miami Heat,Detroit Pistons,Terry Rozier,29.5,17,NA,Player Points,Bet365,Miami Heat,Detroit Pistons
Detroit Pistons v Miami Heat,Miami Heat,Detroit Pistons,Terry Rozier,34.5,34,NA,Player Points,Bet365,Miami Heat,Detroit Pistons
Detroit Pistons v Miami Heat,Miami Heat,Detroit Pistons,Tyler Herro,9.5,1.025,NA,Player Points,Bet365,Miami Heat,Detroit Pistons
Detroit Pistons v Miami Heat,Miami Heat,Detroit Pistons,Tyler Herro,14.5,1.13,NA,Player Points,Bet365,Miami Heat,Detroit Pistons
Detroit Pistons v Miami Heat,Miami Heat,Detroit Pistons,Tyler Herro,19.5,1.47,NA,Player Points,Bet365,Miami Heat,Detroit Pistons
Detroit Pistons v Miami Heat,Miami Heat,Detroit Pistons,Tyler Herro,22.5,1.86,1.86,Player Points,Bet365,Miami Heat,Detroit Pistons
Detroit Pistons v Miami Heat,Miami Heat,Detroit Pistons,Tyler Herro,24.5,2.35,NA,Player Points,Bet365,Miami Heat,Detroit Pistons
Detroit Pistons v Miami Heat,Miami Heat,Detroit Pistons,Tyler Herro,29.5,4.5,NA,Player Points,Bet365,Miami Heat,Detroit Pistons
Detroit Pistons v Miami Heat,Miami Heat,Detroit Pistons,Tyler Herro,34.5,9.5,NA,Player Points,Bet365,Miami Heat,Detroit Pistons
Detroit Pistons v Miami Heat,Miami Heat,Detroit Pistons,Tyler Herro,39.5,17,NA,Player Points,Bet365,Miami Heat,Detroit Pistons
Philadelphia 76ers v New York Knicks,New York Knicks,Philadelphia 76ers,Caleb Martin,4.5,1.15,NA,Player Points,Bet365,Philadelphia 76ers,New York Knicks
Philadelphia 76ers v New York Knicks,New York Knicks,Philadelphia 76ers,Caleb Martin,8.5,1.83,1.9,Player Points,Bet365,Philadelphia 76ers,New York Knicks
Philadelphia 76ers v New York Knicks,New York Knicks,Philadelphia 76ers,Caleb Martin,9.5,2.15,NA,Player Points,Bet365,Philadelphia 76ers,New York Knicks
Philadelphia 76ers v New York Knicks,New York Knicks,Philadelphia 76ers,Caleb Martin,14.5,6,NA,Player Points,Bet365,Philadelphia 76ers,New York Knicks
Philadelphia 76ers v New York Knicks,New York Knicks,Philadelphia 76ers,Caleb Martin,19.5,17,NA,Player Points,Bet365,Philadelphia 76ers,New York Knicks
Philadelphia 76ers v New York Knicks,New York Knicks,Philadelphia 76ers,Caleb Martin,24.5,41,NA,Player Points,Bet365,Philadelphia 76ers,New York Knicks
Philadelphia 76ers v New York Knicks,New York Knicks,Philadelphia 76ers,Jalen Brunson,14.5,1.05,NA,Player Points,Bet365,New York Knicks,Philadelphia 76ers
Philadelphia 76ers v New York Knicks,New York Knicks,Philadelphia 76ers,Jalen Brunson,19.5,1.22,NA,Player Points,Bet365,New York Knicks,Philadelphia 76ers
Philadelphia 76ers v New York Knicks,New York Knicks,Philadelphia 76ers,Jalen Brunson,24.5,1.71,NA,Player Points,Bet365,New York Knicks,Philadelphia 76ers
Philadelphia 76ers v New York Knicks,New York Knicks,Philadelphia 76ers,Jalen Brunson,25.5,1.86,1.86,Player Points,Bet365,New York Knicks,Philadelphia 76ers
Philadelphia 76ers v New York Knicks,New York Knicks,Philadelphia 76ers,Jalen Brunson,29.5,3,NA,Player Points,Bet365,New York Knicks,Philadelphia 76ers
Philadelphia 76ers v New York Knicks,New York Knicks,Philadelphia 76ers,Jalen Brunson,34.5,6,NA,Player Points,Bet365,New York Knicks,Philadelphia 76ers
Philadelphia 76ers v New York Knicks,New York Knicks,Philadelphia 76ers,Jalen Brunson,39.5,13,NA,Player Points,Bet365,New York Knicks,Philadelphia 76ers
Philadelphia 76ers v New York Knicks,New York Knicks,Philadelphia 76ers,Joel Embiid,9.5,1.02,NA,Player Points,Bet365,Philadelphia 76ers,New York Knicks
Philadelphia 76ers v New York Knicks,New York Knicks,Philadelphia 76ers,Joel Embiid,14.5,1.09,NA,Player Points,Bet365,Philadelphia 76ers,New York Knicks
Philadelphia 76ers v New York Knicks,New York Knicks,Philadelphia 76ers,Joel Embiid,19.5,1.3,NA,Player Points,Bet365,Philadelphia 76ers,New York Knicks
Philadelphia 76ers v New York Knicks,New York Knicks,Philadelphia 76ers,Joel Embiid,24.5,1.83,NA,Player Points,Bet365,Philadelphia 76ers,New York Knicks
Philadelphia 76ers v New York Knicks,New York Knicks,Philadelphia 76ers,Joel Embiid,25.5,1.95,1.8,Player Points,Bet365,Philadelphia 76ers,New York Knicks
Philadelphia 76ers v New York Knicks,New York Knicks,Philadelphia 76ers,Joel Embiid,29.5,3.1,NA,Player Points,Bet365,Philadelphia 76ers,New York Knicks
Philadelphia 76ers v New York Knicks,New York Knicks,Philadelphia 76ers,Joel Embiid,34.5,6,NA,Player Points,Bet365,Philadelphia 76ers,New York Knicks
Philadelphia 76ers v New York Knicks,New York Knicks,Philadelphia 76ers,Joel Embiid,39.5,13,NA,Player Points,Bet365,Philadelphia 76ers,New York Knicks
Philadelphia 76ers v New York Knicks,New York Knicks,Philadelphia 76ers,Josh Hart,4.5,1.05,NA,Player Points,Bet365,New York Knicks,Philadelphia 76ers
Philadelphia 76ers v New York Knicks,New York Knicks,Philadelphia 76ers,Josh Hart,9.5,1.5,NA,Player Points,Bet365,New York Knicks,Philadelphia 76ers
Philadelphia 76ers v New York Knicks,New York Knicks,Philadelphia 76ers,Josh Hart,11.5,1.9,1.83,Player Points,Bet365,New York Knicks,Philadelphia 76ers
Philadelphia 76ers v New York Knicks,New York Knicks,Philadelphia 76ers,Josh Hart,14.5,3.3,NA,Player Points,Bet365,New York Knicks,Philadelphia 76ers
Philadelphia 76ers v New York Knicks,New York Knicks,Philadelphia 76ers,Josh Hart,19.5,10,NA,Player Points,Bet365,New York Knicks,Philadelphia 76ers
Philadelphia 76ers v New York Knicks,New York Knicks,Philadelphia 76ers,Josh Hart,24.5,21,NA,Player Points,Bet365,New York Knicks,Philadelphia 76ers
Philadelphia 76ers v New York Knicks,New York Knicks,Philadelphia 76ers,Josh Hart,29.5,41,NA,Player Points,Bet365,New York Knicks,Philadelphia 76ers
Philadelphia 76ers v New York Knicks,New York Knicks,Philadelphia 76ers,Karl-Anthony Towns,9.5,1.02,NA,Player Points,Bet365,New York Knicks,Philadelphia 76ers
Philadelphia 76ers v New York Knicks,New York Knicks,Philadelphia 76ers,Karl-Anthony Towns,14.5,1.11,NA,Player Points,Bet365,New York Knicks,Philadelphia 76ers
Philadelphia 76ers v New York Knicks,New York Knicks,Philadelphia 76ers,Karl-Anthony Towns,19.5,1.4,NA,Player Points,Bet365,New York Knicks,Philadelphia 76ers
Philadelphia 76ers v New York Knicks,New York Knicks,Philadelphia 76ers,Karl-Anthony Towns,23.5,1.86,1.86,Player Points,Bet365,New York Knicks,Philadelphia 76ers
Philadelphia 76ers v New York Knicks,New York Knicks,Philadelphia 76ers,Karl-Anthony Towns,24.5,2.1,NA,Player Points,Bet365,New York Knicks,Philadelphia 76ers
Philadelphia 76ers v New York Knicks,New York Knicks,Philadelphia 76ers,Karl-Anthony Towns,29.5,4,NA,Player Points,Bet365,New York Knicks,Philadelphia 76ers
Philadelphia 76ers v New York Knicks,New York Knicks,Philadelphia 76ers,Karl-Anthony Towns,34.5,8,NA,Player Points,Bet365,New York Knicks,Philadelphia 76ers
Philadelphia 76ers v New York Knicks,New York Knicks,Philadelphia 76ers,Karl-Anthony Towns,39.5,16,NA,Player Points,Bet365,New York Knicks,Philadelphia 76ers
Philadelphia 76ers v New York Knicks,New York Knicks,Philadelphia 76ers,Kelly Oubre Jr,4.5,1.028,NA,Player Points,Bet365,NA,NA
Philadelphia 76ers v New York Knicks,New York Knicks,Philadelphia 76ers,Kelly Oubre Jr,9.5,1.29,NA,Player Points,Bet365,NA,NA
Philadelphia 76ers v New York Knicks,New York Knicks,Philadelphia 76ers,Kelly Oubre Jr,13.5,1.9,1.83,Player Points,Bet365,NA,NA
Philadelphia 76ers v New York Knicks,New York Knicks,Philadelphia 76ers,Kelly Oubre Jr,14.5,2.3,NA,Player Points,Bet365,NA,NA
Philadelphia 76ers v New York Knicks,New York Knicks,Philadelphia 76ers,Kelly Oubre Jr,19.5,5.25,NA,Player Points,Bet365,NA,NA
Philadelphia 76ers v New York Knicks,New York Knicks,Philadelphia 76ers,Kelly Oubre Jr,24.5,14,NA,Player Points,Bet365,NA,NA
Philadelphia 76ers v New York Knicks,New York Knicks,Philadelphia 76ers,Kelly Oubre Jr,29.5,26,NA,Player Points,Bet365,NA,NA
Philadelphia 76ers v New York Knicks,New York Knicks,Philadelphia 76ers,Kelly Oubre Jr,34.5,41,NA,Player Points,Bet365,NA,NA
Philadelphia 76ers v New York Knicks,New York Knicks,Philadelphia 76ers,Kyle Lowry,4.5,1.5,NA,Player Points,Bet365,Philadelphia 76ers,New York Knicks
Philadelphia 76ers v New York Knicks,New York Knicks,Philadelphia 76ers,Kyle Lowry,5.5,1.76,2,Player Points,Bet365,Philadelphia 76ers,New York Knicks
Philadelphia 76ers v New York Knicks,New York Knicks,Philadelphia 76ers,Kyle Lowry,9.5,4.1,NA,Player Points,Bet365,Philadelphia 76ers,New York Knicks
Philadelphia 76ers v New York Knicks,New York Knicks,Philadelphia 76ers,Kyle Lowry,14.5,14,NA,Player Points,Bet365,Philadelphia 76ers,New York Knicks
Philadelphia 76ers v New York Knicks,New York Knicks,Philadelphia 76ers,Kyle Lowry,19.5,34,NA,Player Points,Bet365,Philadelphia 76ers,New York Knicks
Philadelphia 76ers v New York Knicks,New York Knicks,Philadelphia 76ers,Mikal Bridges,4.5,1.015,NA,Player Points,Bet365,New York Knicks,Philadelphia 76ers
Philadelphia 76ers v New York Knicks,New York Knicks,Philadelphia 76ers,Mikal Bridges,9.5,1.2,NA,Player Points,Bet365,New York Knicks,Philadelphia 76ers
Philadelphia 76ers v New York Knicks,New York Knicks,Philadelphia 76ers,Mikal Bridges,14.5,1.86,1.86,Player Points,Bet365,New York Knicks,Philadelphia 76ers
Philadelphia 76ers v New York Knicks,New York Knicks,Philadelphia 76ers,Mikal Bridges,14.5,1.86,NA,Player Points,Bet365,New York Knicks,Philadelphia 76ers
Philadelphia 76ers v New York Knicks,New York Knicks,Philadelphia 76ers,Mikal Bridges,19.5,4.1,NA,Player Points,Bet365,New York Knicks,Philadelphia 76ers
Philadelphia 76ers v New York Knicks,New York Knicks,Philadelphia 76ers,Mikal Bridges,24.5,10.5,NA,Player Points,Bet365,New York Knicks,Philadelphia 76ers
Philadelphia 76ers v New York Knicks,New York Knicks,Philadelphia 76ers,Mikal Bridges,29.5,19,NA,Player Points,Bet365,New York Knicks,Philadelphia 76ers
Philadelphia 76ers v New York Knicks,New York Knicks,Philadelphia 76ers,Mikal Bridges,34.5,41,NA,Player Points,Bet365,New York Knicks,Philadelphia 76ers
Philadelphia 76ers v New York Knicks,New York Knicks,Philadelphia 76ers,Miles McBride,4.5,1.09,NA,Player Points,Bet365,New York Knicks,Philadelphia 76ers
Philadelphia 76ers v New York Knicks,New York Knicks,Philadelphia 76ers,Miles McBride,9.5,1.71,NA,Player Points,Bet365,New York Knicks,Philadelphia 76ers
Philadelphia 76ers v New York Knicks,New York Knicks,Philadelphia 76ers,Miles McBride,10.5,1.9,1.83,Player Points,Bet365,New York Knicks,Philadelphia 76ers
Philadelphia 76ers v New York Knicks,New York Knicks,Philadelphia 76ers,Miles McBride,14.5,4,NA,Player Points,Bet365,New York Knicks,Philadelphia 76ers
Philadelphia 76ers v New York Knicks,New York Knicks,Philadelphia 76ers,Miles McBride,19.5,10.5,NA,Player Points,Bet365,New York Knicks,Philadelphia 76ers
Philadelphia 76ers v New York Knicks,New York Knicks,Philadelphia 76ers,Miles McBride,24.5,19,NA,Player Points,Bet365,New York Knicks,Philadelphia 76ers
Philadelphia 76ers v New York Knicks,New York Knicks,Philadelphia 76ers,Miles McBride,29.5,41,NA,Player Points,Bet365,New York Knicks,Philadelphia 76ers
Philadelphia 76ers v New York Knicks,New York Knicks,Philadelphia 76ers,OG Anunoby,4.5,1.02,NA,Player Points,Bet365,New York Knicks,Philadelphia 76ers
Philadelphia 76ers v New York Knicks,New York Knicks,Philadelphia 76ers,OG Anunoby,9.5,1.22,NA,Player Points,Bet365,New York Knicks,Philadelphia 76ers
Philadelphia 76ers v New York Knicks,New York Knicks,Philadelphia 76ers,OG Anunoby,14.5,1.86,1.86,Player Points,Bet365,New York Knicks,Philadelphia 76ers
Philadelphia 76ers v New York Knicks,New York Knicks,Philadelphia 76ers,OG Anunoby,14.5,1.86,NA,Player Points,Bet365,New York Knicks,Philadelphia 76ers
Philadelphia 76ers v New York Knicks,New York Knicks,Philadelphia 76ers,OG Anunoby,19.5,4.2,NA,Player Points,Bet365,New York Knicks,Philadelphia 76ers
Philadelphia 76ers v New York Knicks,New York Knicks,Philadelphia 76ers,OG Anunoby,24.5,10.5,NA,Player Points,Bet365,New York Knicks,Philadelphia 76ers
Philadelphia 76ers v New York Knicks,New York Knicks,Philadelphia 76ers,OG Anunoby,29.5,19,NA,Player Points,Bet365,New York Knicks,Philadelphia 76ers
Philadelphia 76ers v New York Knicks,New York Knicks,Philadelphia 76ers,OG Anunoby,34.5,41,NA,Player Points,Bet365,New York Knicks,Philadelphia 76ers
Philadelphia 76ers v New York Knicks,New York Knicks,Philadelphia 76ers,Paul George,9.5,1.083,NA,Player Points,Bet365,Philadelphia 76ers,New York Knicks
Philadelphia 76ers v New York Knicks,New York Knicks,Philadelphia 76ers,Paul George,14.5,1.4,NA,Player Points,Bet365,Philadelphia 76ers,New York Knicks
Philadelphia 76ers v New York Knicks,New York Knicks,Philadelphia 76ers,Paul George,18.5,1.95,1.8,Player Points,Bet365,Philadelphia 76ers,New York Knicks
Philadelphia 76ers v New York Knicks,New York Knicks,Philadelphia 76ers,Paul George,19.5,2.25,NA,Player Points,Bet365,Philadelphia 76ers,New York Knicks
Philadelphia 76ers v New York Knicks,New York Knicks,Philadelphia 76ers,Paul George,24.5,4.5,NA,Player Points,Bet365,Philadelphia 76ers,New York Knicks
Philadelphia 76ers v New York Knicks,New York Knicks,Philadelphia 76ers,Paul George,29.5,10,NA,Player Points,Bet365,Philadelphia 76ers,New York Knicks
Philadelphia 76ers v New York Knicks,New York Knicks,Philadelphia 76ers,Paul George,34.5,18,NA,Player Points,Bet365,Philadelphia 76ers,New York Knicks
Philadelphia 76ers v New York Knicks,New York Knicks,Philadelphia 76ers,Paul George,39.5,41,NA,Player Points,Bet365,Philadelphia 76ers,New York Knicks
Milwaukee Bucks v Toronto Raptors,Toronto Raptors,Milwaukee Bucks,Brook Lopez,4.5,1.028,NA,Player Points,Bet365,Milwaukee Bucks,Toronto Raptors
Milwaukee Bucks v Toronto Raptors,Toronto Raptors,Milwaukee Bucks,Brook Lopez,9.5,1.28,NA,Player Points,Bet365,Milwaukee Bucks,Toronto Raptors
Milwaukee Bucks v Toronto Raptors,Toronto Raptors,Milwaukee Bucks,Brook Lopez,13.5,1.86,1.86,Player Points,Bet365,Milwaukee Bucks,Toronto Raptors
Milwaukee Bucks v Toronto Raptors,Toronto Raptors,Milwaukee Bucks,Brook Lopez,14.5,2.25,NA,Player Points,Bet365,Milwaukee Bucks,Toronto Raptors
Milwaukee Bucks v Toronto Raptors,Toronto Raptors,Milwaukee Bucks,Brook Lopez,19.5,5,NA,Player Points,Bet365,Milwaukee Bucks,Toronto Raptors
Milwaukee Bucks v Toronto Raptors,Toronto Raptors,Milwaukee Bucks,Brook Lopez,24.5,13,NA,Player Points,Bet365,Milwaukee Bucks,Toronto Raptors
Milwaukee Bucks v Toronto Raptors,Toronto Raptors,Milwaukee Bucks,Brook Lopez,29.5,23,NA,Player Points,Bet365,Milwaukee Bucks,Toronto Raptors
Milwaukee Bucks v Toronto Raptors,Toronto Raptors,Milwaukee Bucks,Brook Lopez,34.5,41,NA,Player Points,Bet365,Milwaukee Bucks,Toronto Raptors
Milwaukee Bucks v Toronto Raptors,Toronto Raptors,Milwaukee Bucks,Giannis Antetokounmpo,19.5,1.028,NA,Player Points,Bet365,Milwaukee Bucks,Toronto Raptors
Milwaukee Bucks v Toronto Raptors,Toronto Raptors,Milwaukee Bucks,Giannis Antetokounmpo,24.5,1.12,NA,Player Points,Bet365,Milwaukee Bucks,Toronto Raptors
Milwaukee Bucks v Toronto Raptors,Toronto Raptors,Milwaukee Bucks,Giannis Antetokounmpo,29.5,1.37,NA,Player Points,Bet365,Milwaukee Bucks,Toronto Raptors
Milwaukee Bucks v Toronto Raptors,Toronto Raptors,Milwaukee Bucks,Giannis Antetokounmpo,33.5,1.8,1.95,Player Points,Bet365,Milwaukee Bucks,Toronto Raptors
Milwaukee Bucks v Toronto Raptors,Toronto Raptors,Milwaukee Bucks,Giannis Antetokounmpo,34.5,1.9,NA,Player Points,Bet365,Milwaukee Bucks,Toronto Raptors
Milwaukee Bucks v Toronto Raptors,Toronto Raptors,Milwaukee Bucks,Giannis Antetokounmpo,39.5,3.3,NA,Player Points,Bet365,Milwaukee Bucks,Toronto Raptors
Milwaukee Bucks v Toronto Raptors,Toronto Raptors,Milwaukee Bucks,Immanuel Quickley,4.5,1.01,NA,Player Points,Bet365,Toronto Raptors,Milwaukee Bucks
Milwaukee Bucks v Toronto Raptors,Toronto Raptors,Milwaukee Bucks,Immanuel Quickley,9.5,1.09,NA,Player Points,Bet365,Toronto Raptors,Milwaukee Bucks
Milwaukee Bucks v Toronto Raptors,Toronto Raptors,Milwaukee Bucks,Immanuel Quickley,14.5,1.37,NA,Player Points,Bet365,Toronto Raptors,Milwaukee Bucks
Milwaukee Bucks v Toronto Raptors,Toronto Raptors,Milwaukee Bucks,Immanuel Quickley,18.5,1.9,1.83,Player Points,Bet365,Toronto Raptors,Milwaukee Bucks
Milwaukee Bucks v Toronto Raptors,Toronto Raptors,Milwaukee Bucks,Immanuel Quickley,19.5,2.15,NA,Player Points,Bet365,Toronto Raptors,Milwaukee Bucks
Milwaukee Bucks v Toronto Raptors,Toronto Raptors,Milwaukee Bucks,Immanuel Quickley,24.5,4.2,NA,Player Points,Bet365,Toronto Raptors,Milwaukee Bucks
Milwaukee Bucks v Toronto Raptors,Toronto Raptors,Milwaukee Bucks,Immanuel Quickley,29.5,9.5,NA,Player Points,Bet365,Toronto Raptors,Milwaukee Bucks
Milwaukee Bucks v Toronto Raptors,Toronto Raptors,Milwaukee Bucks,Immanuel Quickley,34.5,17.5,NA,Player Points,Bet365,Toronto Raptors,Milwaukee Bucks
Milwaukee Bucks v Toronto Raptors,Toronto Raptors,Milwaukee Bucks,Immanuel Quickley,39.5,34,NA,Player Points,Bet365,Toronto Raptors,Milwaukee Bucks
Milwaukee Bucks v Toronto Raptors,Toronto Raptors,Milwaukee Bucks,Jakob Poeltl,4.5,1.05,NA,Player Points,Bet365,NA,NA
Milwaukee Bucks v Toronto Raptors,Toronto Raptors,Milwaukee Bucks,Jakob Poeltl,9.5,1.37,NA,Player Points,Bet365,NA,NA
Milwaukee Bucks v Toronto Raptors,Toronto Raptors,Milwaukee Bucks,Jakob Poeltl,12.5,1.86,1.86,Player Points,Bet365,NA,NA
Milwaukee Bucks v Toronto Raptors,Toronto Raptors,Milwaukee Bucks,Jakob Poeltl,14.5,2.55,NA,Player Points,Bet365,NA,NA
Milwaukee Bucks v Toronto Raptors,Toronto Raptors,Milwaukee Bucks,Jakob Poeltl,19.5,6.25,NA,Player Points,Bet365,NA,NA
Milwaukee Bucks v Toronto Raptors,Toronto Raptors,Milwaukee Bucks,Jakob Poeltl,24.5,16,NA,Player Points,Bet365,NA,NA
Milwaukee Bucks v Toronto Raptors,Toronto Raptors,Milwaukee Bucks,Jakob Poeltl,29.5,41,NA,Player Points,Bet365,NA,NA
Milwaukee Bucks v Toronto Raptors,Toronto Raptors,Milwaukee Bucks,RJ Barrett,9.5,1.028,NA,Player Points,Bet365,Toronto Raptors,Milwaukee Bucks
Milwaukee Bucks v Toronto Raptors,Toronto Raptors,Milwaukee Bucks,RJ Barrett,14.5,1.16,NA,Player Points,Bet365,Toronto Raptors,Milwaukee Bucks
Milwaukee Bucks v Toronto Raptors,Toronto Raptors,Milwaukee Bucks,RJ Barrett,19.5,1.62,NA,Player Points,Bet365,Toronto Raptors,Milwaukee Bucks
Milwaukee Bucks v Toronto Raptors,Toronto Raptors,Milwaukee Bucks,RJ Barrett,21.5,1.9,1.83,Player Points,Bet365,Toronto Raptors,Milwaukee Bucks
Milwaukee Bucks v Toronto Raptors,Toronto Raptors,Milwaukee Bucks,RJ Barrett,24.5,2.8,NA,Player Points,Bet365,Toronto Raptors,Milwaukee Bucks
Milwaukee Bucks v Toronto Raptors,Toronto Raptors,Milwaukee Bucks,RJ Barrett,29.5,5.75,NA,Player Points,Bet365,Toronto Raptors,Milwaukee Bucks
Milwaukee Bucks v Toronto Raptors,Toronto Raptors,Milwaukee Bucks,RJ Barrett,34.5,13,NA,Player Points,Bet365,Toronto Raptors,Milwaukee Bucks
Milwaukee Bucks v Toronto Raptors,Toronto Raptors,Milwaukee Bucks,RJ Barrett,39.5,19,NA,Player Points,Bet365,Toronto Raptors,Milwaukee Bucks
Milwaukee Bucks v Toronto Raptors,Toronto Raptors,Milwaukee Bucks,Taurean Prince,4.5,1.11,NA,Player Points,Bet365,Milwaukee Bucks,Toronto Raptors
Milwaukee Bucks v Toronto Raptors,Toronto Raptors,Milwaukee Bucks,Taurean Prince,9.5,1.83,1.9,Player Points,Bet365,Milwaukee Bucks,Toronto Raptors
Milwaukee Bucks v Toronto Raptors,Toronto Raptors,Milwaukee Bucks,Taurean Prince,9.5,1.83,NA,Player Points,Bet365,Milwaukee Bucks,Toronto Raptors
Milwaukee Bucks v Toronto Raptors,Toronto Raptors,Milwaukee Bucks,Taurean Prince,14.5,4.5,NA,Player Points,Bet365,Milwaukee Bucks,Toronto Raptors
Milwaukee Bucks v Toronto Raptors,Toronto Raptors,Milwaukee Bucks,Taurean Prince,19.5,13,NA,Player Points,Bet365,Milwaukee Bucks,Toronto Raptors
Milwaukee Bucks v Toronto Raptors,Toronto Raptors,Milwaukee Bucks,Taurean Prince,24.5,26,NA,Player Points,Bet365,Milwaukee Bucks,Toronto Raptors
Milwaukee Bucks v Toronto Raptors,Toronto Raptors,Milwaukee Bucks,Taurean Prince,29.5,41,NA,Player Points,Bet365,Milwaukee Bucks,Toronto Raptors
Utah Jazz v Phoenix Suns,Phoenix Suns,Utah Jazz,Bradley Beal,9.5,1.025,NA,Player Points,Bet365,Phoenix Suns,Utah Jazz
Utah Jazz v Phoenix Suns,Phoenix Suns,Utah Jazz,Bradley Beal,14.5,1.15,NA,Player Points,Bet365,Phoenix Suns,Utah Jazz
Utah Jazz v Phoenix Suns,Phoenix Suns,Utah Jazz,Bradley Beal,19.5,1.58,NA,Player Points,Bet365,Phoenix Suns,Utah Jazz
Utah Jazz v Phoenix Suns,Phoenix Suns,Utah Jazz,Bradley Beal,21.5,1.86,1.86,Player Points,Bet365,Phoenix Suns,Utah Jazz
Utah Jazz v Phoenix Suns,Phoenix Suns,Utah Jazz,Bradley Beal,24.5,2.65,NA,Player Points,Bet365,Phoenix Suns,Utah Jazz
Utah Jazz v Phoenix Suns,Phoenix Suns,Utah Jazz,Bradley Beal,29.5,5.25,NA,Player Points,Bet365,Phoenix Suns,Utah Jazz
Utah Jazz v Phoenix Suns,Phoenix Suns,Utah Jazz,Bradley Beal,34.5,12,NA,Player Points,Bet365,Phoenix Suns,Utah Jazz
Utah Jazz v Phoenix Suns,Phoenix Suns,Utah Jazz,Bradley Beal,39.5,19,NA,Player Points,Bet365,Phoenix Suns,Utah Jazz
Utah Jazz v Phoenix Suns,Phoenix Suns,Utah Jazz,Cody Williams,4.5,1.64,NA,Player Points,Bet365,Utah Jazz,Phoenix Suns
Utah Jazz v Phoenix Suns,Phoenix Suns,Utah Jazz,Cody Williams,5.5,1.9,1.83,Player Points,Bet365,Utah Jazz,Phoenix Suns
Utah Jazz v Phoenix Suns,Phoenix Suns,Utah Jazz,Cody Williams,9.5,5,NA,Player Points,Bet365,Utah Jazz,Phoenix Suns
Utah Jazz v Phoenix Suns,Phoenix Suns,Utah Jazz,Cody Williams,14.5,17,NA,Player Points,Bet365,Utah Jazz,Phoenix Suns
Utah Jazz v Phoenix Suns,Phoenix Suns,Utah Jazz,Cody Williams,19.5,41,NA,Player Points,Bet365,Utah Jazz,Phoenix Suns
Utah Jazz v Phoenix Suns,Phoenix Suns,Utah Jazz,Collin Sexton,4.5,1.01,NA,Player Points,Bet365,Utah Jazz,Phoenix Suns
Utah Jazz v Phoenix Suns,Phoenix Suns,Utah Jazz,Collin Sexton,9.5,1.1,NA,Player Points,Bet365,Utah Jazz,Phoenix Suns
Utah Jazz v Phoenix Suns,Phoenix Suns,Utah Jazz,Collin Sexton,14.5,1.44,NA,Player Points,Bet365,Utah Jazz,Phoenix Suns
Utah Jazz v Phoenix Suns,Phoenix Suns,Utah Jazz,Collin Sexton,17.5,1.86,1.86,Player Points,Bet365,Utah Jazz,Phoenix Suns
Utah Jazz v Phoenix Suns,Phoenix Suns,Utah Jazz,Collin Sexton,19.5,2.45,NA,Player Points,Bet365,Utah Jazz,Phoenix Suns
Utah Jazz v Phoenix Suns,Phoenix Suns,Utah Jazz,Collin Sexton,24.5,5,NA,Player Points,Bet365,Utah Jazz,Phoenix Suns
Utah Jazz v Phoenix Suns,Phoenix Suns,Utah Jazz,Collin Sexton,29.5,11,NA,Player Points,Bet365,Utah Jazz,Phoenix Suns
Utah Jazz v Phoenix Suns,Phoenix Suns,Utah Jazz,Collin Sexton,34.5,18,NA,Player Points,Bet365,Utah Jazz,Phoenix Suns
Utah Jazz v Phoenix Suns,Phoenix Suns,Utah Jazz,Collin Sexton,39.5,41,NA,Player Points,Bet365,Utah Jazz,Phoenix Suns
Utah Jazz v Phoenix Suns,Phoenix Suns,Utah Jazz,Devin Booker,14.5,1.02,NA,Player Points,Bet365,Phoenix Suns,Utah Jazz
Utah Jazz v Phoenix Suns,Phoenix Suns,Utah Jazz,Devin Booker,19.5,1.1,NA,Player Points,Bet365,Phoenix Suns,Utah Jazz
Utah Jazz v Phoenix Suns,Phoenix Suns,Utah Jazz,Devin Booker,24.5,1.33,NA,Player Points,Bet365,Phoenix Suns,Utah Jazz
Utah Jazz v Phoenix Suns,Phoenix Suns,Utah Jazz,Devin Booker,29.5,1.86,1.86,Player Points,Bet365,Phoenix Suns,Utah Jazz
Utah Jazz v Phoenix Suns,Phoenix Suns,Utah Jazz,Devin Booker,29.5,1.86,NA,Player Points,Bet365,Phoenix Suns,Utah Jazz
Utah Jazz v Phoenix Suns,Phoenix Suns,Utah Jazz,Devin Booker,34.5,3.25,NA,Player Points,Bet365,Phoenix Suns,Utah Jazz
Utah Jazz v Phoenix Suns,Phoenix Suns,Utah Jazz,Devin Booker,39.5,6.5,NA,Player Points,Bet365,Phoenix Suns,Utah Jazz
Utah Jazz v Phoenix Suns,Phoenix Suns,Utah Jazz,Jordan Clarkson,4.5,1.083,NA,Player Points,Bet365,Utah Jazz,Phoenix Suns
Utah Jazz v Phoenix Suns,Phoenix Suns,Utah Jazz,Jordan Clarkson,9.5,1.37,NA,Player Points,Bet365,Utah Jazz,Phoenix Suns
Utah Jazz v Phoenix Suns,Phoenix Suns,Utah Jazz,Jordan Clarkson,12.5,1.8,1.95,Player Points,Bet365,Utah Jazz,Phoenix Suns
Utah Jazz v Phoenix Suns,Phoenix Suns,Utah Jazz,Jordan Clarkson,14.5,2.3,NA,Player Points,Bet365,Utah Jazz,Phoenix Suns
Utah Jazz v Phoenix Suns,Phoenix Suns,Utah Jazz,Jordan Clarkson,19.5,4.75,NA,Player Points,Bet365,Utah Jazz,Phoenix Suns
Utah Jazz v Phoenix Suns,Phoenix Suns,Utah Jazz,Jordan Clarkson,24.5,12,NA,Player Points,Bet365,Utah Jazz,Phoenix Suns
Utah Jazz v Phoenix Suns,Phoenix Suns,Utah Jazz,Jordan Clarkson,29.5,23,NA,Player Points,Bet365,Utah Jazz,Phoenix Suns
Utah Jazz v Phoenix Suns,Phoenix Suns,Utah Jazz,Jordan Clarkson,34.5,41,NA,Player Points,Bet365,Utah Jazz,Phoenix Suns
Utah Jazz v Phoenix Suns,Phoenix Suns,Utah Jazz,Jusuf Nurkic,4.5,1.05,NA,Player Points,Bet365,NA,NA
Utah Jazz v Phoenix Suns,Phoenix Suns,Utah Jazz,Jusuf Nurkic,9.5,1.43,NA,Player Points,Bet365,NA,NA
Utah Jazz v Phoenix Suns,Phoenix Suns,Utah Jazz,Jusuf Nurkic,11.5,1.8,1.95,Player Points,Bet365,NA,NA
Utah Jazz v Phoenix Suns,Phoenix Suns,Utah Jazz,Jusuf Nurkic,14.5,2.8,NA,Player Points,Bet365,NA,NA
Utah Jazz v Phoenix Suns,Phoenix Suns,Utah Jazz,Jusuf Nurkic,19.5,7,NA,Player Points,Bet365,NA,NA
Utah Jazz v Phoenix Suns,Phoenix Suns,Utah Jazz,Jusuf Nurkic,24.5,17,NA,Player Points,Bet365,NA,NA
Utah Jazz v Phoenix Suns,Phoenix Suns,Utah Jazz,Jusuf Nurkic,29.5,34,NA,Player Points,Bet365,NA,NA
Utah Jazz v Phoenix Suns,Phoenix Suns,Utah Jazz,Keyonte George,4.5,1.02,NA,Player Points,Bet365,Utah Jazz,Phoenix Suns
Utah Jazz v Phoenix Suns,Phoenix Suns,Utah Jazz,Keyonte George,9.5,1.16,NA,Player Points,Bet365,Utah Jazz,Phoenix Suns
Utah Jazz v Phoenix Suns,Phoenix Suns,Utah Jazz,Keyonte George,14.5,1.71,NA,Player Points,Bet365,Utah Jazz,Phoenix Suns
Utah Jazz v Phoenix Suns,Phoenix Suns,Utah Jazz,Keyonte George,15.5,1.86,1.86,Player Points,Bet365,Utah Jazz,Phoenix Suns
Utah Jazz v Phoenix Suns,Phoenix Suns,Utah Jazz,Keyonte George,19.5,3.25,NA,Player Points,Bet365,Utah Jazz,Phoenix Suns
Utah Jazz v Phoenix Suns,Phoenix Suns,Utah Jazz,Keyonte George,24.5,7.5,NA,Player Points,Bet365,Utah Jazz,Phoenix Suns
Utah Jazz v Phoenix Suns,Phoenix Suns,Utah Jazz,Keyonte George,29.5,17,NA,Player Points,Bet365,Utah Jazz,Phoenix Suns
Utah Jazz v Phoenix Suns,Phoenix Suns,Utah Jazz,Keyonte George,34.5,34,NA,Player Points,Bet365,Utah Jazz,Phoenix Suns
Utah Jazz v Phoenix Suns,Phoenix Suns,Utah Jazz,Lauri Markkanen,9.5,1.04,NA,Player Points,Bet365,Utah Jazz,Phoenix Suns
Utah Jazz v Phoenix Suns,Phoenix Suns,Utah Jazz,Lauri Markkanen,14.5,1.2,NA,Player Points,Bet365,Utah Jazz,Phoenix Suns
Utah Jazz v Phoenix Suns,Phoenix Suns,Utah Jazz,Lauri Markkanen,19.5,1.71,NA,Player Points,Bet365,Utah Jazz,Phoenix Suns
Utah Jazz v Phoenix Suns,Phoenix Suns,Utah Jazz,Lauri Markkanen,20.5,1.86,1.86,Player Points,Bet365,Utah Jazz,Phoenix Suns
Utah Jazz v Phoenix Suns,Phoenix Suns,Utah Jazz,Lauri Markkanen,24.5,3.1,NA,Player Points,Bet365,Utah Jazz,Phoenix Suns
Utah Jazz v Phoenix Suns,Phoenix Suns,Utah Jazz,Lauri Markkanen,29.5,6.25,NA,Player Points,Bet365,Utah Jazz,Phoenix Suns
Utah Jazz v Phoenix Suns,Phoenix Suns,Utah Jazz,Lauri Markkanen,34.5,14,NA,Player Points,Bet365,Utah Jazz,Phoenix Suns
Utah Jazz v Phoenix Suns,Phoenix Suns,Utah Jazz,Lauri Markkanen,39.5,21,NA,Player Points,Bet365,Utah Jazz,Phoenix Suns
Utah Jazz v Phoenix Suns,Phoenix Suns,Utah Jazz,Tyus Jones,4.5,1.033,NA,Player Points,Bet365,Phoenix Suns,Utah Jazz
Utah Jazz v Phoenix Suns,Phoenix Suns,Utah Jazz,Tyus Jones,9.5,1.34,NA,Player Points,Bet365,Phoenix Suns,Utah Jazz
Utah Jazz v Phoenix Suns,Phoenix Suns,Utah Jazz,Tyus Jones,12.5,1.86,1.86,Player Points,Bet365,Phoenix Suns,Utah Jazz
Utah Jazz v Phoenix Suns,Phoenix Suns,Utah Jazz,Tyus Jones,14.5,2.5,NA,Player Points,Bet365,Phoenix Suns,Utah Jazz
Utah Jazz v Phoenix Suns,Phoenix Suns,Utah Jazz,Tyus Jones,19.5,5.75,NA,Player Points,Bet365,Phoenix Suns,Utah Jazz
Utah Jazz v Phoenix Suns,Phoenix Suns,Utah Jazz,Tyus Jones,24.5,15,NA,Player Points,Bet365,Phoenix Suns,Utah Jazz
Utah Jazz v Phoenix Suns,Phoenix Suns,Utah Jazz,Tyus Jones,29.5,26,NA,Player Points,Bet365,Phoenix Suns,Utah Jazz
Utah Jazz v Phoenix Suns,Phoenix Suns,Utah Jazz,Tyus Jones,34.5,41,NA,Player Points,Bet365,Phoenix Suns,Utah Jazz
Golden State Warriors v Dallas Mavericks,Dallas Mavericks,Golden State Warriors,Andrew Wiggins,4.5,1.015,NA,Player Points,Bet365,Golden State Warriors,Dallas Mavericks
Golden State Warriors v Dallas Mavericks,Dallas Mavericks,Golden State Warriors,Andrew Wiggins,9.5,1.18,NA,Player Points,Bet365,Golden State Warriors,Dallas Mavericks
Golden State Warriors v Dallas Mavericks,Dallas Mavericks,Golden State Warriors,Andrew Wiggins,14.5,1.86,1.86,Player Points,Bet365,Golden State Warriors,Dallas Mavericks
Golden State Warriors v Dallas Mavericks,Dallas Mavericks,Golden State Warriors,Andrew Wiggins,14.5,1.86,NA,Player Points,Bet365,Golden State Warriors,Dallas Mavericks
Golden State Warriors v Dallas Mavericks,Dallas Mavericks,Golden State Warriors,Andrew Wiggins,19.5,3.9,NA,Player Points,Bet365,Golden State Warriors,Dallas Mavericks
Golden State Warriors v Dallas Mavericks,Dallas Mavericks,Golden State Warriors,Andrew Wiggins,24.5,9.5,NA,Player Points,Bet365,Golden State Warriors,Dallas Mavericks
Golden State Warriors v Dallas Mavericks,Dallas Mavericks,Golden State Warriors,Andrew Wiggins,29.5,17.5,NA,Player Points,Bet365,Golden State Warriors,Dallas Mavericks
Golden State Warriors v Dallas Mavericks,Dallas Mavericks,Golden State Warriors,Andrew Wiggins,34.5,41,NA,Player Points,Bet365,Golden State Warriors,Dallas Mavericks
Golden State Warriors v Dallas Mavericks,Dallas Mavericks,Golden State Warriors,Daniel Gafford,4.5,1.05,NA,Player Points,Bet365,Dallas Mavericks,Golden State Warriors
Golden State Warriors v Dallas Mavericks,Dallas Mavericks,Golden State Warriors,Daniel Gafford,9.5,1.5,NA,Player Points,Bet365,Dallas Mavericks,Golden State Warriors
Golden State Warriors v Dallas Mavericks,Dallas Mavericks,Golden State Warriors,Daniel Gafford,11.5,1.9,1.83,Player Points,Bet365,Dallas Mavericks,Golden State Warriors
Golden State Warriors v Dallas Mavericks,Dallas Mavericks,Golden State Warriors,Daniel Gafford,14.5,3.35,NA,Player Points,Bet365,Dallas Mavericks,Golden State Warriors
Golden State Warriors v Dallas Mavericks,Dallas Mavericks,Golden State Warriors,Daniel Gafford,19.5,10.5,NA,Player Points,Bet365,Dallas Mavericks,Golden State Warriors
Golden State Warriors v Dallas Mavericks,Dallas Mavericks,Golden State Warriors,Daniel Gafford,24.5,23,NA,Player Points,Bet365,Dallas Mavericks,Golden State Warriors
Golden State Warriors v Dallas Mavericks,Dallas Mavericks,Golden State Warriors,Daniel Gafford,29.5,41,NA,Player Points,Bet365,Dallas Mavericks,Golden State Warriors
Golden State Warriors v Dallas Mavericks,Dallas Mavericks,Golden State Warriors,DeAnthony Melton,4.5,1.083,NA,Player Points,Bet365,NA,NA
Golden State Warriors v Dallas Mavericks,Dallas Mavericks,Golden State Warriors,DeAnthony Melton,9.5,1.5,NA,Player Points,Bet365,NA,NA
Golden State Warriors v Dallas Mavericks,Dallas Mavericks,Golden State Warriors,DeAnthony Melton,11.5,1.86,1.86,Player Points,Bet365,NA,NA
Golden State Warriors v Dallas Mavericks,Dallas Mavericks,Golden State Warriors,DeAnthony Melton,14.5,2.9,NA,Player Points,Bet365,NA,NA
Golden State Warriors v Dallas Mavericks,Dallas Mavericks,Golden State Warriors,DeAnthony Melton,19.5,6.5,NA,Player Points,Bet365,NA,NA
Golden State Warriors v Dallas Mavericks,Dallas Mavericks,Golden State Warriors,DeAnthony Melton,24.5,16,NA,Player Points,Bet365,NA,NA
Golden State Warriors v Dallas Mavericks,Dallas Mavericks,Golden State Warriors,DeAnthony Melton,29.5,29,NA,Player Points,Bet365,NA,NA
Golden State Warriors v Dallas Mavericks,Dallas Mavericks,Golden State Warriors,DeAnthony Melton,34.5,41,NA,Player Points,Bet365,NA,NA
Golden State Warriors v Dallas Mavericks,Dallas Mavericks,Golden State Warriors,Draymond Green,4.5,1.33,NA,Player Points,Bet365,Golden State Warriors,Dallas Mavericks
Golden State Warriors v Dallas Mavericks,Dallas Mavericks,Golden State Warriors,Draymond Green,6.5,1.76,2,Player Points,Bet365,Golden State Warriors,Dallas Mavericks
Golden State Warriors v Dallas Mavericks,Dallas Mavericks,Golden State Warriors,Draymond Green,9.5,3.2,NA,Player Points,Bet365,Golden State Warriors,Dallas Mavericks
Golden State Warriors v Dallas Mavericks,Dallas Mavericks,Golden State Warriors,Draymond Green,14.5,10.5,NA,Player Points,Bet365,Golden State Warriors,Dallas Mavericks
Golden State Warriors v Dallas Mavericks,Dallas Mavericks,Golden State Warriors,Draymond Green,19.5,23,NA,Player Points,Bet365,Golden State Warriors,Dallas Mavericks
Golden State Warriors v Dallas Mavericks,Dallas Mavericks,Golden State Warriors,Draymond Green,24.5,41,NA,Player Points,Bet365,Golden State Warriors,Dallas Mavericks
Golden State Warriors v Dallas Mavericks,Dallas Mavericks,Golden State Warriors,Klay Thompson,4.5,1.015,NA,Player Points,Bet365,Dallas Mavericks,Golden State Warriors
Golden State Warriors v Dallas Mavericks,Dallas Mavericks,Golden State Warriors,Klay Thompson,9.5,1.14,NA,Player Points,Bet365,Dallas Mavericks,Golden State Warriors
Golden State Warriors v Dallas Mavericks,Dallas Mavericks,Golden State Warriors,Klay Thompson,14.5,1.62,NA,Player Points,Bet365,Dallas Mavericks,Golden State Warriors
Golden State Warriors v Dallas Mavericks,Dallas Mavericks,Golden State Warriors,Klay Thompson,15.5,1.8,1.95,Player Points,Bet365,Dallas Mavericks,Golden State Warriors
Golden State Warriors v Dallas Mavericks,Dallas Mavericks,Golden State Warriors,Klay Thompson,19.5,3,NA,Player Points,Bet365,Dallas Mavericks,Golden State Warriors
Golden State Warriors v Dallas Mavericks,Dallas Mavericks,Golden State Warriors,Klay Thompson,24.5,6.5,NA,Player Points,Bet365,Dallas Mavericks,Golden State Warriors
Golden State Warriors v Dallas Mavericks,Dallas Mavericks,Golden State Warriors,Klay Thompson,29.5,15,NA,Player Points,Bet365,Dallas Mavericks,Golden State Warriors
Golden State Warriors v Dallas Mavericks,Dallas Mavericks,Golden State Warriors,Klay Thompson,34.5,26,NA,Player Points,Bet365,Dallas Mavericks,Golden State Warriors
Golden State Warriors v Dallas Mavericks,Dallas Mavericks,Golden State Warriors,Klay Thompson,39.5,41,NA,Player Points,Bet365,Dallas Mavericks,Golden State Warriors
Golden State Warriors v Dallas Mavericks,Dallas Mavericks,Golden State Warriors,Kyrie Irving,9.5,1.01,NA,Player Points,Bet365,Dallas Mavericks,Golden State Warriors
Golden State Warriors v Dallas Mavericks,Dallas Mavericks,Golden State Warriors,Kyrie Irving,14.5,1.083,NA,Player Points,Bet365,Dallas Mavericks,Golden State Warriors
Golden State Warriors v Dallas Mavericks,Dallas Mavericks,Golden State Warriors,Kyrie Irving,19.5,1.29,NA,Player Points,Bet365,Dallas Mavericks,Golden State Warriors
Golden State Warriors v Dallas Mavericks,Dallas Mavericks,Golden State Warriors,Kyrie Irving,24.5,1.86,NA,Player Points,Bet365,Dallas Mavericks,Golden State Warriors
Golden State Warriors v Dallas Mavericks,Dallas Mavericks,Golden State Warriors,Kyrie Irving,25.5,2,1.76,Player Points,Bet365,Dallas Mavericks,Golden State Warriors
Golden State Warriors v Dallas Mavericks,Dallas Mavericks,Golden State Warriors,Kyrie Irving,29.5,3.2,NA,Player Points,Bet365,Dallas Mavericks,Golden State Warriors
Golden State Warriors v Dallas Mavericks,Dallas Mavericks,Golden State Warriors,Kyrie Irving,34.5,6.25,NA,Player Points,Bet365,Dallas Mavericks,Golden State Warriors
Golden State Warriors v Dallas Mavericks,Dallas Mavericks,Golden State Warriors,Kyrie Irving,39.5,13,NA,Player Points,Bet365,Dallas Mavericks,Golden State Warriors
Golden State Warriors v Dallas Mavericks,Dallas Mavericks,Golden State Warriors,Luka Doncic,14.5,1.015,NA,Player Points,Bet365,NA,NA
Golden State Warriors v Dallas Mavericks,Dallas Mavericks,Golden State Warriors,Luka Doncic,19.5,1.09,NA,Player Points,Bet365,NA,NA
Golden State Warriors v Dallas Mavericks,Dallas Mavericks,Golden State Warriors,Luka Doncic,24.5,1.33,NA,Player Points,Bet365,NA,NA
Golden State Warriors v Dallas Mavericks,Dallas Mavericks,Golden State Warriors,Luka Doncic,28.5,1.76,2,Player Points,Bet365,NA,NA
Golden State Warriors v Dallas Mavericks,Dallas Mavericks,Golden State Warriors,Luka Doncic,29.5,1.86,NA,Player Points,Bet365,NA,NA
Golden State Warriors v Dallas Mavericks,Dallas Mavericks,Golden State Warriors,Luka Doncic,34.5,3.25,NA,Player Points,Bet365,NA,NA
Golden State Warriors v Dallas Mavericks,Dallas Mavericks,Golden State Warriors,Luka Doncic,39.5,6.25,NA,Player Points,Bet365,NA,NA
Golden State Warriors v Dallas Mavericks,Dallas Mavericks,Golden State Warriors,Naji Marshall,4.5,1.11,NA,Player Points,Bet365,Dallas Mavericks,Golden State Warriors
Golden State Warriors v Dallas Mavericks,Dallas Mavericks,Golden State Warriors,Naji Marshall,9.5,1.86,1.86,Player Points,Bet365,Dallas Mavericks,Golden State Warriors
Golden State Warriors v Dallas Mavericks,Dallas Mavericks,Golden State Warriors,Naji Marshall,9.5,1.86,NA,Player Points,Bet365,Dallas Mavericks,Golden State Warriors
Golden State Warriors v Dallas Mavericks,Dallas Mavericks,Golden State Warriors,Naji Marshall,14.5,4.75,NA,Player Points,Bet365,Dallas Mavericks,Golden State Warriors
Golden State Warriors v Dallas Mavericks,Dallas Mavericks,Golden State Warriors,Naji Marshall,19.5,14,NA,Player Points,Bet365,Dallas Mavericks,Golden State Warriors
Golden State Warriors v Dallas Mavericks,Dallas Mavericks,Golden State Warriors,Naji Marshall,24.5,29,NA,Player Points,Bet365,Dallas Mavericks,Golden State Warriors
Golden State Warriors v Dallas Mavericks,Dallas Mavericks,Golden State Warriors,Naji Marshall,29.5,41,NA,Player Points,Bet365,Dallas Mavericks,Golden State Warriors
Golden State Warriors v Dallas Mavericks,Dallas Mavericks,Golden State Warriors,Spencer Dinwiddie,4.5,1.55,NA,Player Points,Bet365,Dallas Mavericks,Golden State Warriors
Golden State Warriors v Dallas Mavericks,Dallas Mavericks,Golden State Warriors,Spencer Dinwiddie,5.5,1.83,1.9,Player Points,Bet365,Dallas Mavericks,Golden State Warriors
Golden State Warriors v Dallas Mavericks,Dallas Mavericks,Golden State Warriors,Spencer Dinwiddie,9.5,4.2,NA,Player Points,Bet365,Dallas Mavericks,Golden State Warriors
Golden State Warriors v Dallas Mavericks,Dallas Mavericks,Golden State Warriors,Spencer Dinwiddie,14.5,14,NA,Player Points,Bet365,Dallas Mavericks,Golden State Warriors
Golden State Warriors v Dallas Mavericks,Dallas Mavericks,Golden State Warriors,Spencer Dinwiddie,19.5,34,NA,Player Points,Bet365,Dallas Mavericks,Golden State Warriors
Golden State Warriors v Dallas Mavericks,Dallas Mavericks,Golden State Warriors,Stephen Curry,14.5,1.062,NA,Player Points,Bet365,Golden State Warriors,Dallas Mavericks
Golden State Warriors v Dallas Mavericks,Dallas Mavericks,Golden State Warriors,Stephen Curry,19.5,1.23,NA,Player Points,Bet365,Golden State Warriors,Dallas Mavericks
Golden State Warriors v Dallas Mavericks,Dallas Mavericks,Golden State Warriors,Stephen Curry,24.5,1.68,NA,Player Points,Bet365,Golden State Warriors,Dallas Mavericks
Golden State Warriors v Dallas Mavericks,Dallas Mavericks,Golden State Warriors,Stephen Curry,25.5,1.83,1.9,Player Points,Bet365,Golden State Warriors,Dallas Mavericks
Golden State Warriors v Dallas Mavericks,Dallas Mavericks,Golden State Warriors,Stephen Curry,29.5,2.7,NA,Player Points,Bet365,Golden State Warriors,Dallas Mavericks
Golden State Warriors v Dallas Mavericks,Dallas Mavericks,Golden State Warriors,Stephen Curry,34.5,5,NA,Player Points,Bet365,Golden State Warriors,Dallas Mavericks
Golden State Warriors v Dallas Mavericks,Dallas Mavericks,Golden State Warriors,Stephen Curry,39.5,10.5,NA,Player Points,Bet365,Golden State Warriors,Dallas Mavericks
Golden State Warriors v Dallas Mavericks,Dallas Mavericks,Golden State Warriors,Trayce Jackson-Davis,4.5,1.45,NA,Player Points,Bet365,Golden State Warriors,Dallas Mavericks
Golden State Warriors v Dallas Mavericks,Dallas Mavericks,Golden State Warriors,Trayce Jackson-Davis,6.5,1.95,1.8,Player Points,Bet365,Golden State Warriors,Dallas Mavericks
Golden State Warriors v Dallas Mavericks,Dallas Mavericks,Golden State Warriors,Trayce Jackson-Davis,9.5,3.7,NA,Player Points,Bet365,Golden State Warriors,Dallas Mavericks
Golden State Warriors v Dallas Mavericks,Dallas Mavericks,Golden State Warriors,Trayce Jackson-Davis,14.5,12,NA,Player Points,Bet365,Golden State Warriors,Dallas Mavericks
Golden State Warriors v Dallas Mavericks,Dallas Mavericks,Golden State Warriors,Trayce Jackson-Davis,19.5,26,NA,Player Points,Bet365,Golden State Warriors,Dallas Mavericks
Golden State Warriors v Dallas Mavericks,Dallas Mavericks,Golden State Warriors,Trayce Jackson-Davis,24.5,41,NA,Player Points,Bet365,Golden State Warriors,Dallas Mavericks
Portland Trail Blazers v Minnesota Timberwolves,Minnesota Timberwolves,Portland Trail Blazers,Anfernee Simons,4.5,1.01,NA,Player Points,Bet365,Portland Trail Blazers,Minnesota Timberwolves
Portland Trail Blazers v Minnesota Timberwolves,Minnesota Timberwolves,Portland Trail Blazers,Anfernee Simons,9.5,1.11,NA,Player Points,Bet365,Portland Trail Blazers,Minnesota Timberwolves
Portland Trail Blazers v Minnesota Timberwolves,Minnesota Timberwolves,Portland Trail Blazers,Anfernee Simons,14.5,1.45,NA,Player Points,Bet365,Portland Trail Blazers,Minnesota Timberwolves
Portland Trail Blazers v Minnesota Timberwolves,Minnesota Timberwolves,Portland Trail Blazers,Anfernee Simons,17.5,1.86,1.86,Player Points,Bet365,Portland Trail Blazers,Minnesota Timberwolves
Portland Trail Blazers v Minnesota Timberwolves,Minnesota Timberwolves,Portland Trail Blazers,Anfernee Simons,19.5,2.4,NA,Player Points,Bet365,Portland Trail Blazers,Minnesota Timberwolves
Portland Trail Blazers v Minnesota Timberwolves,Minnesota Timberwolves,Portland Trail Blazers,Anfernee Simons,24.5,4.75,NA,Player Points,Bet365,Portland Trail Blazers,Minnesota Timberwolves
Portland Trail Blazers v Minnesota Timberwolves,Minnesota Timberwolves,Portland Trail Blazers,Anfernee Simons,29.5,10,NA,Player Points,Bet365,Portland Trail Blazers,Minnesota Timberwolves
Portland Trail Blazers v Minnesota Timberwolves,Minnesota Timberwolves,Portland Trail Blazers,Anfernee Simons,34.5,17.5,NA,Player Points,Bet365,Portland Trail Blazers,Minnesota Timberwolves
Portland Trail Blazers v Minnesota Timberwolves,Minnesota Timberwolves,Portland Trail Blazers,Anfernee Simons,39.5,34,NA,Player Points,Bet365,Portland Trail Blazers,Minnesota Timberwolves
Portland Trail Blazers v Minnesota Timberwolves,Minnesota Timberwolves,Portland Trail Blazers,Anthony Edwards,14.5,1.045,NA,Player Points,Bet365,Minnesota Timberwolves,Portland Trail Blazers
Portland Trail Blazers v Minnesota Timberwolves,Minnesota Timberwolves,Portland Trail Blazers,Anthony Edwards,19.5,1.2,NA,Player Points,Bet365,Minnesota Timberwolves,Portland Trail Blazers
Portland Trail Blazers v Minnesota Timberwolves,Minnesota Timberwolves,Portland Trail Blazers,Anthony Edwards,24.5,1.66,NA,Player Points,Bet365,Minnesota Timberwolves,Portland Trail Blazers
Portland Trail Blazers v Minnesota Timberwolves,Minnesota Timberwolves,Portland Trail Blazers,Anthony Edwards,26.5,1.9,1.83,Player Points,Bet365,Minnesota Timberwolves,Portland Trail Blazers
Portland Trail Blazers v Minnesota Timberwolves,Minnesota Timberwolves,Portland Trail Blazers,Anthony Edwards,29.5,2.8,NA,Player Points,Bet365,Minnesota Timberwolves,Portland Trail Blazers
Portland Trail Blazers v Minnesota Timberwolves,Minnesota Timberwolves,Portland Trail Blazers,Anthony Edwards,34.5,5.5,NA,Player Points,Bet365,Minnesota Timberwolves,Portland Trail Blazers
Portland Trail Blazers v Minnesota Timberwolves,Minnesota Timberwolves,Portland Trail Blazers,Anthony Edwards,39.5,12,NA,Player Points,Bet365,Minnesota Timberwolves,Portland Trail Blazers
Portland Trail Blazers v Minnesota Timberwolves,Minnesota Timberwolves,Portland Trail Blazers,DeAndre Ayton,4.5,1.033,NA,Player Points,Bet365,NA,NA
Portland Trail Blazers v Minnesota Timberwolves,Minnesota Timberwolves,Portland Trail Blazers,DeAndre Ayton,9.5,1.32,NA,Player Points,Bet365,NA,NA
Portland Trail Blazers v Minnesota Timberwolves,Minnesota Timberwolves,Portland Trail Blazers,DeAndre Ayton,12.5,1.83,1.9,Player Points,Bet365,NA,NA
Portland Trail Blazers v Minnesota Timberwolves,Minnesota Timberwolves,Portland Trail Blazers,DeAndre Ayton,14.5,2.5,NA,Player Points,Bet365,NA,NA
Portland Trail Blazers v Minnesota Timberwolves,Minnesota Timberwolves,Portland Trail Blazers,DeAndre Ayton,19.5,6.25,NA,Player Points,Bet365,NA,NA
Portland Trail Blazers v Minnesota Timberwolves,Minnesota Timberwolves,Portland Trail Blazers,DeAndre Ayton,24.5,16,NA,Player Points,Bet365,NA,NA
Portland Trail Blazers v Minnesota Timberwolves,Minnesota Timberwolves,Portland Trail Blazers,DeAndre Ayton,29.5,41,NA,Player Points,Bet365,NA,NA
Portland Trail Blazers v Minnesota Timberwolves,Minnesota Timberwolves,Portland Trail Blazers,Donte DiVincenzo,4.5,1.055,NA,Player Points,Bet365,Minnesota Timberwolves,Portland Trail Blazers
Portland Trail Blazers v Minnesota Timberwolves,Minnesota Timberwolves,Portland Trail Blazers,Donte DiVincenzo,9.5,1.4,NA,Player Points,Bet365,Minnesota Timberwolves,Portland Trail Blazers
Portland Trail Blazers v Minnesota Timberwolves,Minnesota Timberwolves,Portland Trail Blazers,Donte DiVincenzo,12.5,1.9,1.83,Player Points,Bet365,Minnesota Timberwolves,Portland Trail Blazers
Portland Trail Blazers v Minnesota Timberwolves,Minnesota Timberwolves,Portland Trail Blazers,Donte DiVincenzo,14.5,2.6,NA,Player Points,Bet365,Minnesota Timberwolves,Portland Trail Blazers
Portland Trail Blazers v Minnesota Timberwolves,Minnesota Timberwolves,Portland Trail Blazers,Donte DiVincenzo,19.5,6.25,NA,Player Points,Bet365,Minnesota Timberwolves,Portland Trail Blazers
Portland Trail Blazers v Minnesota Timberwolves,Minnesota Timberwolves,Portland Trail Blazers,Donte DiVincenzo,24.5,16,NA,Player Points,Bet365,Minnesota Timberwolves,Portland Trail Blazers
Portland Trail Blazers v Minnesota Timberwolves,Minnesota Timberwolves,Portland Trail Blazers,Donte DiVincenzo,29.5,29,NA,Player Points,Bet365,Minnesota Timberwolves,Portland Trail Blazers
Portland Trail Blazers v Minnesota Timberwolves,Minnesota Timberwolves,Portland Trail Blazers,Donte DiVincenzo,34.5,41,NA,Player Points,Bet365,Minnesota Timberwolves,Portland Trail Blazers
Portland Trail Blazers v Minnesota Timberwolves,Minnesota Timberwolves,Portland Trail Blazers,Jaden McDaniels,4.5,1.11,NA,Player Points,Bet365,Minnesota Timberwolves,Portland Trail Blazers
Portland Trail Blazers v Minnesota Timberwolves,Minnesota Timberwolves,Portland Trail Blazers,Jaden McDaniels,9.5,1.83,1.9,Player Points,Bet365,Minnesota Timberwolves,Portland Trail Blazers
Portland Trail Blazers v Minnesota Timberwolves,Minnesota Timberwolves,Portland Trail Blazers,Jaden McDaniels,9.5,1.83,NA,Player Points,Bet365,Minnesota Timberwolves,Portland Trail Blazers
Portland Trail Blazers v Minnesota Timberwolves,Minnesota Timberwolves,Portland Trail Blazers,Jaden McDaniels,14.5,4.5,NA,Player Points,Bet365,Minnesota Timberwolves,Portland Trail Blazers
Portland Trail Blazers v Minnesota Timberwolves,Minnesota Timberwolves,Portland Trail Blazers,Jaden McDaniels,19.5,14,NA,Player Points,Bet365,Minnesota Timberwolves,Portland Trail Blazers
Portland Trail Blazers v Minnesota Timberwolves,Minnesota Timberwolves,Portland Trail Blazers,Jaden McDaniels,24.5,29,NA,Player Points,Bet365,Minnesota Timberwolves,Portland Trail Blazers
Portland Trail Blazers v Minnesota Timberwolves,Minnesota Timberwolves,Portland Trail Blazers,Jaden McDaniels,29.5,41,NA,Player Points,Bet365,Minnesota Timberwolves,Portland Trail Blazers
Portland Trail Blazers v Minnesota Timberwolves,Minnesota Timberwolves,Portland Trail Blazers,Jerami Grant,9.5,1.1,NA,Player Points,Bet365,Portland Trail Blazers,Minnesota Timberwolves
Portland Trail Blazers v Minnesota Timberwolves,Minnesota Timberwolves,Portland Trail Blazers,Jerami Grant,14.5,1.45,NA,Player Points,Bet365,Portland Trail Blazers,Minnesota Timberwolves
Portland Trail Blazers v Minnesota Timberwolves,Minnesota Timberwolves,Portland Trail Blazers,Jerami Grant,17.5,1.86,1.86,Player Points,Bet365,Portland Trail Blazers,Minnesota Timberwolves
Portland Trail Blazers v Minnesota Timberwolves,Minnesota Timberwolves,Portland Trail Blazers,Jerami Grant,19.5,2.45,NA,Player Points,Bet365,Portland Trail Blazers,Minnesota Timberwolves
Portland Trail Blazers v Minnesota Timberwolves,Minnesota Timberwolves,Portland Trail Blazers,Jerami Grant,24.5,5,NA,Player Points,Bet365,Portland Trail Blazers,Minnesota Timberwolves
Portland Trail Blazers v Minnesota Timberwolves,Minnesota Timberwolves,Portland Trail Blazers,Jerami Grant,29.5,11,NA,Player Points,Bet365,Portland Trail Blazers,Minnesota Timberwolves
Portland Trail Blazers v Minnesota Timberwolves,Minnesota Timberwolves,Portland Trail Blazers,Jerami Grant,34.5,19,NA,Player Points,Bet365,Portland Trail Blazers,Minnesota Timberwolves
Portland Trail Blazers v Minnesota Timberwolves,Minnesota Timberwolves,Portland Trail Blazers,Jerami Grant,39.5,41,NA,Player Points,Bet365,Portland Trail Blazers,Minnesota Timberwolves
Portland Trail Blazers v Minnesota Timberwolves,Minnesota Timberwolves,Portland Trail Blazers,Julius Randle,9.5,1.025,NA,Player Points,Bet365,Minnesota Timberwolves,Portland Trail Blazers
Portland Trail Blazers v Minnesota Timberwolves,Minnesota Timberwolves,Portland Trail Blazers,Julius Randle,14.5,1.15,NA,Player Points,Bet365,Minnesota Timberwolves,Portland Trail Blazers
Portland Trail Blazers v Minnesota Timberwolves,Minnesota Timberwolves,Portland Trail Blazers,Julius Randle,19.5,1.6,NA,Player Points,Bet365,Minnesota Timberwolves,Portland Trail Blazers
Portland Trail Blazers v Minnesota Timberwolves,Minnesota Timberwolves,Portland Trail Blazers,Julius Randle,21.5,1.9,1.83,Player Points,Bet365,Minnesota Timberwolves,Portland Trail Blazers
Portland Trail Blazers v Minnesota Timberwolves,Minnesota Timberwolves,Portland Trail Blazers,Julius Randle,24.5,2.8,NA,Player Points,Bet365,Minnesota Timberwolves,Portland Trail Blazers
Portland Trail Blazers v Minnesota Timberwolves,Minnesota Timberwolves,Portland Trail Blazers,Julius Randle,29.5,6,NA,Player Points,Bet365,Minnesota Timberwolves,Portland Trail Blazers
Portland Trail Blazers v Minnesota Timberwolves,Minnesota Timberwolves,Portland Trail Blazers,Julius Randle,34.5,14,NA,Player Points,Bet365,Minnesota Timberwolves,Portland Trail Blazers
Portland Trail Blazers v Minnesota Timberwolves,Minnesota Timberwolves,Portland Trail Blazers,Julius Randle,39.5,23,NA,Player Points,Bet365,Minnesota Timberwolves,Portland Trail Blazers
Portland Trail Blazers v Minnesota Timberwolves,Minnesota Timberwolves,Portland Trail Blazers,Mike Conley,4.5,1.13,NA,Player Points,Bet365,Minnesota Timberwolves,Portland Trail Blazers
Portland Trail Blazers v Minnesota Timberwolves,Minnesota Timberwolves,Portland Trail Blazers,Mike Conley,9.5,1.86,1.86,Player Points,Bet365,Minnesota Timberwolves,Portland Trail Blazers
Portland Trail Blazers v Minnesota Timberwolves,Minnesota Timberwolves,Portland Trail Blazers,Mike Conley,9.5,1.86,NA,Player Points,Bet365,Minnesota Timberwolves,Portland Trail Blazers
Portland Trail Blazers v Minnesota Timberwolves,Minnesota Timberwolves,Portland Trail Blazers,Mike Conley,14.5,4.5,NA,Player Points,Bet365,Minnesota Timberwolves,Portland Trail Blazers
Portland Trail Blazers v Minnesota Timberwolves,Minnesota Timberwolves,Portland Trail Blazers,Mike Conley,19.5,12,NA,Player Points,Bet365,Minnesota Timberwolves,Portland Trail Blazers
Portland Trail Blazers v Minnesota Timberwolves,Minnesota Timberwolves,Portland Trail Blazers,Mike Conley,24.5,21,NA,Player Points,Bet365,Minnesota Timberwolves,Portland Trail Blazers
Portland Trail Blazers v Minnesota Timberwolves,Minnesota Timberwolves,Portland Trail Blazers,Mike Conley,29.5,41,NA,Player Points,Bet365,Minnesota Timberwolves,Portland Trail Blazers
Portland Trail Blazers v Minnesota Timberwolves,Minnesota Timberwolves,Portland Trail Blazers,Naz Reid,4.5,1.083,NA,Player Points,Bet365,Minnesota Timberwolves,Portland Trail Blazers
Portland Trail Blazers v Minnesota Timberwolves,Minnesota Timberwolves,Portland Trail Blazers,Naz Reid,9.5,1.55,NA,Player Points,Bet365,Minnesota Timberwolves,Portland Trail Blazers
Portland Trail Blazers v Minnesota Timberwolves,Minnesota Timberwolves,Portland Trail Blazers,Naz Reid,11.5,1.86,1.86,Player Points,Bet365,Minnesota Timberwolves,Portland Trail Blazers
Portland Trail Blazers v Minnesota Timberwolves,Minnesota Timberwolves,Portland Trail Blazers,Naz Reid,14.5,3.15,NA,Player Points,Bet365,Minnesota Timberwolves,Portland Trail Blazers
Portland Trail Blazers v Minnesota Timberwolves,Minnesota Timberwolves,Portland Trail Blazers,Naz Reid,19.5,8,NA,Player Points,Bet365,Minnesota Timberwolves,Portland Trail Blazers
Portland Trail Blazers v Minnesota Timberwolves,Minnesota Timberwolves,Portland Trail Blazers,Naz Reid,24.5,17.5,NA,Player Points,Bet365,Minnesota Timberwolves,Portland Trail Blazers
Portland Trail Blazers v Minnesota Timberwolves,Minnesota Timberwolves,Portland Trail Blazers,Naz Reid,29.5,41,NA,Player Points,Bet365,Minnesota Timberwolves,Portland Trail Blazers
Portland Trail Blazers v Minnesota Timberwolves,Minnesota Timberwolves,Portland Trail Blazers,Nickeil Alexander-Walker,4.5,1.34,NA,Player Points,Bet365,Minnesota Timberwolves,Portland Trail Blazers
Portland Trail Blazers v Minnesota Timberwolves,Minnesota Timberwolves,Portland Trail Blazers,Nickeil Alexander-Walker,6.5,1.76,2,Player Points,Bet365,Minnesota Timberwolves,Portland Trail Blazers
Portland Trail Blazers v Minnesota Timberwolves,Minnesota Timberwolves,Portland Trail Blazers,Nickeil Alexander-Walker,9.5,3.1,NA,Player Points,Bet365,Minnesota Timberwolves,Portland Trail Blazers
Portland Trail Blazers v Minnesota Timberwolves,Minnesota Timberwolves,Portland Trail Blazers,Nickeil Alexander-Walker,14.5,10,NA,Player Points,Bet365,Minnesota Timberwolves,Portland Trail Blazers
Portland Trail Blazers v Minnesota Timberwolves,Minnesota Timberwolves,Portland Trail Blazers,Nickeil Alexander-Walker,19.5,21,NA,Player Points,Bet365,Minnesota Timberwolves,Portland Trail Blazers
Portland Trail Blazers v Minnesota Timberwolves,Minnesota Timberwolves,Portland Trail Blazers,Nickeil Alexander-Walker,24.5,41,NA,Player Points,Bet365,Minnesota Timberwolves,Portland Trail Blazers
Portland Trail Blazers v Minnesota Timberwolves,Minnesota Timberwolves,Portland Trail Blazers,Rudy Gobert,4.5,1.055,NA,Player Points,Bet365,Minnesota Timberwolves,Portland Trail Blazers
Portland Trail Blazers v Minnesota Timberwolves,Minnesota Timberwolves,Portland Trail Blazers,Rudy Gobert,9.5,1.58,NA,Player Points,Bet365,Minnesota Timberwolves,Portland Trail Blazers
Portland Trail Blazers v Minnesota Timberwolves,Minnesota Timberwolves,Portland Trail Blazers,Rudy Gobert,10.5,1.83,1.9,Player Points,Bet365,Minnesota Timberwolves,Portland Trail Blazers
Portland Trail Blazers v Minnesota Timberwolves,Minnesota Timberwolves,Portland Trail Blazers,Rudy Gobert,14.5,3.9,NA,Player Points,Bet365,Minnesota Timberwolves,Portland Trail Blazers
Portland Trail Blazers v Minnesota Timberwolves,Minnesota Timberwolves,Portland Trail Blazers,Rudy Gobert,19.5,12,NA,Player Points,Bet365,Minnesota Timberwolves,Portland Trail Blazers
Portland Trail Blazers v Minnesota Timberwolves,Minnesota Timberwolves,Portland Trail Blazers,Rudy Gobert,24.5,29,NA,Player Points,Bet365,Minnesota Timberwolves,Portland Trail Blazers
Portland Trail Blazers v Minnesota Timberwolves,Minnesota Timberwolves,Portland Trail Blazers,Rudy Gobert,29.5,41,NA,Player Points,Bet365,Minnesota Timberwolves,Portland Trail Blazers
Portland Trail Blazers v Minnesota Timberwolves,Minnesota Timberwolves,Portland Trail Blazers,Scoot Henderson,4.5,1.062,NA,Player Points,Bet365,Portland Trail Blazers,Minnesota Timberwolves
Portland Trail Blazers v Minnesota Timberwolves,Minnesota Timberwolves,Portland Trail Blazers,Scoot Henderson,9.5,1.5,NA,Player Points,Bet365,Portland Trail Blazers,Minnesota Timberwolves
Portland Trail Blazers v Minnesota Timberwolves,Minnesota Timberwolves,Portland Trail Blazers,Scoot Henderson,11.5,1.86,1.86,Player Points,Bet365,Portland Trail Blazers,Minnesota Timberwolves
Portland Trail Blazers v Minnesota Timberwolves,Minnesota Timberwolves,Portland Trail Blazers,Scoot Henderson,14.5,3.1,NA,Player Points,Bet365,Portland Trail Blazers,Minnesota Timberwolves
Portland Trail Blazers v Minnesota Timberwolves,Minnesota Timberwolves,Portland Trail Blazers,Scoot Henderson,19.5,8,NA,Player Points,Bet365,Portland Trail Blazers,Minnesota Timberwolves
Portland Trail Blazers v Minnesota Timberwolves,Minnesota Timberwolves,Portland Trail Blazers,Scoot Henderson,24.5,17.5,NA,Player Points,Bet365,Portland Trail Blazers,Minnesota Timberwolves
Portland Trail Blazers v Minnesota Timberwolves,Minnesota Timberwolves,Portland Trail Blazers,Scoot Henderson,29.5,41,NA,Player Points,Bet365,Portland Trail Blazers,Minnesota Timberwolves
Portland Trail Blazers v Minnesota Timberwolves,Minnesota Timberwolves,Portland Trail Blazers,Shaedon Sharpe,4.5,1.11,NA,Player Points,Bet365,Portland Trail Blazers,Minnesota Timberwolves
Portland Trail Blazers v Minnesota Timberwolves,Minnesota Timberwolves,Portland Trail Blazers,Shaedon Sharpe,9.5,1.71,NA,Player Points,Bet365,Portland Trail Blazers,Minnesota Timberwolves
Portland Trail Blazers v Minnesota Timberwolves,Minnesota Timberwolves,Portland Trail Blazers,Shaedon Sharpe,10.5,1.9,1.83,Player Points,Bet365,Portland Trail Blazers,Minnesota Timberwolves
Portland Trail Blazers v Minnesota Timberwolves,Minnesota Timberwolves,Portland Trail Blazers,Shaedon Sharpe,14.5,3.8,NA,Player Points,Bet365,Portland Trail Blazers,Minnesota Timberwolves
Portland Trail Blazers v Minnesota Timberwolves,Minnesota Timberwolves,Portland Trail Blazers,Shaedon Sharpe,19.5,10,NA,Player Points,Bet365,Portland Trail Blazers,Minnesota Timberwolves
Portland Trail Blazers v Minnesota Timberwolves,Minnesota Timberwolves,Portland Trail Blazers,Shaedon Sharpe,24.5,19,NA,Player Points,Bet365,Portland Trail Blazers,Minnesota Timberwolves
Portland Trail Blazers v Minnesota Timberwolves,Minnesota Timberwolves,Portland Trail Blazers,Shaedon Sharpe,29.5,41,NA,Player Points,Bet365,Portland Trail Blazers,Minnesota Timberwolves
Portland Trail Blazers v Minnesota Timberwolves,Minnesota Timberwolves,Portland Trail Blazers,Toumani Camara,4.5,1.23,NA,Player Points,Bet365,Portland Trail Blazers,Minnesota Timberwolves
Portland Trail Blazers v Minnesota Timberwolves,Minnesota Timberwolves,Portland Trail Blazers,Toumani Camara,7.5,1.8,1.95,Player Points,Bet365,Portland Trail Blazers,Minnesota Timberwolves
Portland Trail Blazers v Minnesota Timberwolves,Minnesota Timberwolves,Portland Trail Blazers,Toumani Camara,9.5,2.55,NA,Player Points,Bet365,Portland Trail Blazers,Minnesota Timberwolves
Portland Trail Blazers v Minnesota Timberwolves,Minnesota Timberwolves,Portland Trail Blazers,Toumani Camara,14.5,7.5,NA,Player Points,Bet365,Portland Trail Blazers,Minnesota Timberwolves
Portland Trail Blazers v Minnesota Timberwolves,Minnesota Timberwolves,Portland Trail Blazers,Toumani Camara,19.5,18,NA,Player Points,Bet365,Portland Trail Blazers,Minnesota Timberwolves
Portland Trail Blazers v Minnesota Timberwolves,Minnesota Timberwolves,Portland Trail Blazers,Toumani Camara,24.5,41,NA,Player Points,Bet365,Portland Trail Blazers,Minnesota Timberwolves
