match,home_team,away_team,market_name,player_name,outcome_name,player_team,line,over_price,agency,opposition_team,under_price
Charlotte Hornets v Golden State Warriors,Charlotte Hornets,Golden State Warriors,Player Assists,LaMelo Ball,Player assists - Lamelo Ball 10+ (Match),Charlotte Hornets,9.5,6.5,Betr,Golden State Warriors,NA
Charlotte Hornets v Golden State Warriors,Charlotte Hornets,Golden State Warriors,Player Assists,LaMelo Ball,Player assists - Lamelo Ball 4+ (Match),Charlotte Hornets,3.5,1.13,Betr,Golden State Warriors,NA
Charlotte Hornets v Golden State Warriors,Charlotte Hornets,Golden State Warriors,Player Assists,LaMelo Ball,Player assists - Lamelo Ball 5+ (Match),Charlotte Hornets,4.5,1.29,Betr,Golden State Warriors,NA
Charlotte Hornets v Golden State Warriors,Charlotte Hornets,Golden State Warriors,Player Assists,LaMelo Ball,Player assists - Lamelo Ball 8+ (Match),Charlotte Hornets,7.5,2.85,Betr,Golden State Warriors,NA
Charlotte Hornets v Golden State Warriors,Charlotte Hornets,Golden State Warriors,Player Assists,NA,Player assists - Miles Bridges 4+ (Match),NA,3.5,1.83,Betr,NA,NA
Charlotte Hornets v Golden State Warriors,Charlotte Hornets,Golden State Warriors,Player Assists,NA,Player assists - Miles Bridges 5+ (Match),NA,4.5,2.8,Betr,NA,NA
Charlotte Hornets v Golden State Warriors,Charlotte Hornets,Golden State Warriors,Player Assists,NA,Player assists - Miles Bridges 8+ (Match),NA,7.5,14,Betr,NA,NA
Charlotte Hornets v Golden State Warriors,Charlotte Hornets,Golden State Warriors,Player Assists,NA,Player assists - J. Butler 10+ (Match),NA,9.5,13,Betr,NA,NA
Charlotte Hornets v Golden State Warriors,Charlotte Hornets,Golden State Warriors,Player Assists,NA,Player assists - J. Butler 4+ (Match),NA,3.5,1.27,Betr,NA,NA
Charlotte Hornets v Golden State Warriors,Charlotte Hornets,Golden State Warriors,Player Assists,NA,Player assists - J. Butler 5+ (Match),NA,4.5,1.56,Betr,NA,NA
Charlotte Hornets v Golden State Warriors,Charlotte Hornets,Golden State Warriors,Player Assists,NA,Player assists - J. Butler 8+ (Match),NA,7.5,5.2,Betr,NA,NA
Charlotte Hornets v Golden State Warriors,Charlotte Hornets,Golden State Warriors,Player Assists,Stephen Curry,Player assists - Stephen Curry 10+ (Match),Golden State Warriors,9.5,9,Betr,Charlotte Hornets,NA
Charlotte Hornets v Golden State Warriors,Charlotte Hornets,Golden State Warriors,Player Assists,Stephen Curry,Player assists - Stephen Curry 4+ (Match),Golden State Warriors,3.5,1.17,Betr,Charlotte Hornets,NA
Charlotte Hornets v Golden State Warriors,Charlotte Hornets,Golden State Warriors,Player Assists,Stephen Curry,Player assists - Stephen Curry 5+ (Match),Golden State Warriors,4.5,1.4,Betr,Charlotte Hornets,NA
Charlotte Hornets v Golden State Warriors,Charlotte Hornets,Golden State Warriors,Player Assists,Stephen Curry,Player assists - Stephen Curry 8+ (Match),Golden State Warriors,7.5,3.7,Betr,Charlotte Hornets,NA
Charlotte Hornets v Golden State Warriors,Charlotte Hornets,Golden State Warriors,Player Assists,Brandin Podziemski,Player assists - Brandin Podziemski 4+ (Match),Golden State Warriors,3.5,1.8,Betr,Charlotte Hornets,NA
Charlotte Hornets v Golden State Warriors,Charlotte Hornets,Golden State Warriors,Player Assists,Brandin Podziemski,Player assists - Brandin Podziemski 5+ (Match),Golden State Warriors,4.5,2.7,Betr,Charlotte Hornets,NA
Charlotte Hornets v Golden State Warriors,Charlotte Hornets,Golden State Warriors,Player Assists,Brandin Podziemski,Player assists - Brandin Podziemski 8+ (Match),Golden State Warriors,7.5,14,Betr,Charlotte Hornets,NA
Charlotte Hornets v Golden State Warriors,Charlotte Hornets,Golden State Warriors,Player Assists,NA,Player assists - Josh Green 4+ (Match),NA,3.5,5.8,Betr,NA,NA
Charlotte Hornets v Golden State Warriors,Charlotte Hornets,Golden State Warriors,Player Assists,NA,Player assists - Josh Green 5+ (Match),NA,4.5,12,Betr,NA,NA
Charlotte Hornets v Golden State Warriors,Charlotte Hornets,Golden State Warriors,Player Assists,NA,Player assists - Josh Green 8+ (Match),NA,7.5,46,Betr,NA,NA
Charlotte Hornets v Golden State Warriors,Charlotte Hornets,Golden State Warriors,Player Assists,Nick Smith Jr.,Player assists - Nick Smith Jr. 4+ (Match),Charlotte Hornets,3.5,2.4,Betr,Golden State Warriors,NA
Charlotte Hornets v Golden State Warriors,Charlotte Hornets,Golden State Warriors,Player Assists,Nick Smith Jr.,Player assists - Nick Smith Jr. 5+ (Match),Charlotte Hornets,4.5,4.1,Betr,Golden State Warriors,NA
Charlotte Hornets v Golden State Warriors,Charlotte Hornets,Golden State Warriors,Player Assists,Nick Smith Jr.,Player assists - Nick Smith Jr. 8+ (Match),Charlotte Hornets,7.5,21,Betr,Golden State Warriors,NA
Charlotte Hornets v Golden State Warriors,Charlotte Hornets,Golden State Warriors,Player Assists,Mark Williams,Player assists - Mark Williams 4+ (Match),Charlotte Hornets,3.5,5,Betr,Golden State Warriors,NA
Charlotte Hornets v Golden State Warriors,Charlotte Hornets,Golden State Warriors,Player Assists,Mark Williams,Player assists - Mark Williams 5+ (Match),Charlotte Hornets,4.5,10,Betr,Golden State Warriors,NA
Charlotte Hornets v Golden State Warriors,Charlotte Hornets,Golden State Warriors,Player Assists,Mark Williams,Player assists - Mark Williams 8+ (Match),Charlotte Hornets,7.5,41,Betr,Golden State Warriors,NA
Charlotte Hornets v Golden State Warriors,Charlotte Hornets,Golden State Warriors,Player Assists,Draymond Green,Player assists - Draymond Green 10+ (Match),Golden State Warriors,9.5,3.25,Betr,Charlotte Hornets,NA
Charlotte Hornets v Golden State Warriors,Charlotte Hornets,Golden State Warriors,Player Assists,Draymond Green,Player assists - Draymond Green 12+ (Match),Golden State Warriors,11.5,7,Betr,Charlotte Hornets,NA
Charlotte Hornets v Golden State Warriors,Charlotte Hornets,Golden State Warriors,Player Assists,Draymond Green,Player assists - Draymond Green 4+ (Match),Golden State Warriors,3.5,1.03,Betr,Charlotte Hornets,NA
Charlotte Hornets v Golden State Warriors,Charlotte Hornets,Golden State Warriors,Player Assists,Draymond Green,Player assists - Draymond Green 5+ (Match),Golden State Warriors,4.5,1.09,Betr,Charlotte Hornets,NA
Charlotte Hornets v Golden State Warriors,Charlotte Hornets,Golden State Warriors,Player Assists,Draymond Green,Player assists - Draymond Green 8+ (Match),Golden State Warriors,7.5,1.77,Betr,Charlotte Hornets,NA
Charlotte Hornets v Golden State Warriors,Charlotte Hornets,Golden State Warriors,Player Assists,Buddy Hield,Player assists - Buddy Hield 4+ (Match),Golden State Warriors,3.5,7,Betr,Charlotte Hornets,NA
Charlotte Hornets v Golden State Warriors,Charlotte Hornets,Golden State Warriors,Player Assists,Buddy Hield,Player assists - Buddy Hield 5+ (Match),Golden State Warriors,4.5,15,Betr,Charlotte Hornets,NA
Charlotte Hornets v Golden State Warriors,Charlotte Hornets,Golden State Warriors,Player Assists,Buddy Hield,Player assists - Buddy Hield 8+ (Match),Golden State Warriors,7.5,46,Betr,Charlotte Hornets,NA
Philadelphia 76ers v Portland Trail Blazers,Philadelphia 76ers,Portland Trail Blazers,Player Assists,Paul George,Player assists - P. George 4+ (Match),Philadelphia 76ers,3.5,1.51,Betr,Portland Trail Blazers,NA
Philadelphia 76ers v Portland Trail Blazers,Philadelphia 76ers,Portland Trail Blazers,Player Assists,Paul George,Player assists - P. George 5+ (Match),Philadelphia 76ers,4.5,2.05,Betr,Portland Trail Blazers,NA
Philadelphia 76ers v Portland Trail Blazers,Philadelphia 76ers,Portland Trail Blazers,Player Assists,Paul George,Player assists - P. George 8+ (Match),Philadelphia 76ers,7.5,8.5,Betr,Portland Trail Blazers,NA
Philadelphia 76ers v Portland Trail Blazers,Philadelphia 76ers,Portland Trail Blazers,Player Assists,Quentin Grimes,Player assists - Quentin Grimes 4+ (Match),Philadelphia 76ers,3.5,2.1,Betr,Portland Trail Blazers,NA
Philadelphia 76ers v Portland Trail Blazers,Philadelphia 76ers,Portland Trail Blazers,Player Assists,Quentin Grimes,Player assists - Quentin Grimes 5+ (Match),Philadelphia 76ers,4.5,3.3,Betr,Portland Trail Blazers,NA
Philadelphia 76ers v Portland Trail Blazers,Philadelphia 76ers,Portland Trail Blazers,Player Assists,Quentin Grimes,Player assists - Quentin Grimes 8+ (Match),Philadelphia 76ers,7.5,19,Betr,Portland Trail Blazers,NA
Philadelphia 76ers v Portland Trail Blazers,Philadelphia 76ers,Portland Trail Blazers,Player Assists,Tyrese Maxey,Player assists - T. Maxey 10+ (Match),Philadelphia 76ers,9.5,5.6,Betr,Portland Trail Blazers,NA
Philadelphia 76ers v Portland Trail Blazers,Philadelphia 76ers,Portland Trail Blazers,Player Assists,Tyrese Maxey,Player assists - T. Maxey 12+ (Match),Philadelphia 76ers,11.5,13,Betr,Portland Trail Blazers,NA
Philadelphia 76ers v Portland Trail Blazers,Philadelphia 76ers,Portland Trail Blazers,Player Assists,Tyrese Maxey,Player assists - T. Maxey 4+ (Match),Philadelphia 76ers,3.5,1.1,Betr,Portland Trail Blazers,NA
Philadelphia 76ers v Portland Trail Blazers,Philadelphia 76ers,Portland Trail Blazers,Player Assists,Tyrese Maxey,Player assists - T. Maxey 5+ (Match),Philadelphia 76ers,4.5,1.24,Betr,Portland Trail Blazers,NA
Philadelphia 76ers v Portland Trail Blazers,Philadelphia 76ers,Portland Trail Blazers,Player Assists,Tyrese Maxey,Player assists - T. Maxey 8+ (Match),Philadelphia 76ers,7.5,2.55,Betr,Portland Trail Blazers,NA
Philadelphia 76ers v Portland Trail Blazers,Philadelphia 76ers,Portland Trail Blazers,Player Assists,Deni Avdija,Player assists - D. Avdija 4+ (Match),Portland Trail Blazers,3.5,1.45,Betr,Philadelphia 76ers,NA
Philadelphia 76ers v Portland Trail Blazers,Philadelphia 76ers,Portland Trail Blazers,Player Assists,Deni Avdija,Player assists - D. Avdija 5+ (Match),Portland Trail Blazers,4.5,2.05,Betr,Philadelphia 76ers,NA
Philadelphia 76ers v Portland Trail Blazers,Philadelphia 76ers,Portland Trail Blazers,Player Assists,Deni Avdija,Player assists - D. Avdija 8+ (Match),Portland Trail Blazers,7.5,8,Betr,Philadelphia 76ers,NA
Philadelphia 76ers v Portland Trail Blazers,Philadelphia 76ers,Portland Trail Blazers,Player Assists,Anfernee Simons,Player assists - A. Simons 10+ (Match),Portland Trail Blazers,9.5,12,Betr,Philadelphia 76ers,NA
Philadelphia 76ers v Portland Trail Blazers,Philadelphia 76ers,Portland Trail Blazers,Player Assists,Anfernee Simons,Player assists - A. Simons 4+ (Match),Portland Trail Blazers,3.5,1.28,Betr,Philadelphia 76ers,NA
Philadelphia 76ers v Portland Trail Blazers,Philadelphia 76ers,Portland Trail Blazers,Player Assists,Anfernee Simons,Player assists - A. Simons 5+ (Match),Portland Trail Blazers,4.5,1.56,Betr,Philadelphia 76ers,NA
Philadelphia 76ers v Portland Trail Blazers,Philadelphia 76ers,Portland Trail Blazers,Player Assists,Anfernee Simons,Player assists - A. Simons 8+ (Match),Portland Trail Blazers,7.5,5.1,Betr,Philadelphia 76ers,NA
Philadelphia 76ers v Portland Trail Blazers,Philadelphia 76ers,Portland Trail Blazers,Player Assists,Kelly Oubre Jr.,Player assists - K. Oubre Jr. 4+ (Match),Philadelphia 76ers,3.5,7.25,Betr,Portland Trail Blazers,NA
Philadelphia 76ers v Portland Trail Blazers,Philadelphia 76ers,Portland Trail Blazers,Player Assists,Kelly Oubre Jr.,Player assists - K. Oubre Jr. 5+ (Match),Philadelphia 76ers,4.5,15,Betr,Portland Trail Blazers,NA
Philadelphia 76ers v Portland Trail Blazers,Philadelphia 76ers,Portland Trail Blazers,Player Assists,Kelly Oubre Jr.,Player assists - K. Oubre Jr. 8+ (Match),Philadelphia 76ers,7.5,46,Betr,Portland Trail Blazers,NA
Philadelphia 76ers v Portland Trail Blazers,Philadelphia 76ers,Portland Trail Blazers,Player Assists,Toumani Camara,Player assists - Toumani Camara 4+ (Match),Portland Trail Blazers,3.5,4.5,Betr,Philadelphia 76ers,NA
Philadelphia 76ers v Portland Trail Blazers,Philadelphia 76ers,Portland Trail Blazers,Player Assists,Toumani Camara,Player assists - Toumani Camara 5+ (Match),Portland Trail Blazers,4.5,9,Betr,Philadelphia 76ers,NA
Philadelphia 76ers v Portland Trail Blazers,Philadelphia 76ers,Portland Trail Blazers,Player Assists,Toumani Camara,Player assists - Toumani Camara 8+ (Match),Portland Trail Blazers,7.5,41,Betr,Philadelphia 76ers,NA
Philadelphia 76ers v Portland Trail Blazers,Philadelphia 76ers,Portland Trail Blazers,Player Assists,Shaedon Sharpe,Player assists - Shaedon Sharpe 4+ (Match),Portland Trail Blazers,3.5,3.1,Betr,Philadelphia 76ers,NA
Philadelphia 76ers v Portland Trail Blazers,Philadelphia 76ers,Portland Trail Blazers,Player Assists,Shaedon Sharpe,Player assists - Shaedon Sharpe 5+ (Match),Portland Trail Blazers,4.5,5.8,Betr,Philadelphia 76ers,NA
Philadelphia 76ers v Portland Trail Blazers,Philadelphia 76ers,Portland Trail Blazers,Player Assists,Shaedon Sharpe,Player assists - Shaedon Sharpe 8+ (Match),Portland Trail Blazers,7.5,31,Betr,Philadelphia 76ers,NA
Philadelphia 76ers v Portland Trail Blazers,Philadelphia 76ers,Portland Trail Blazers,Player Assists,Dalano Banton,Player assists - Dalano Banton 4+ (Match),Portland Trail Blazers,3.5,6,Betr,Philadelphia 76ers,NA
Philadelphia 76ers v Portland Trail Blazers,Philadelphia 76ers,Portland Trail Blazers,Player Assists,Dalano Banton,Player assists - Dalano Banton 5+ (Match),Portland Trail Blazers,4.5,13,Betr,Philadelphia 76ers,NA
Philadelphia 76ers v Portland Trail Blazers,Philadelphia 76ers,Portland Trail Blazers,Player Assists,Dalano Banton,Player assists - Dalano Banton 8+ (Match),Portland Trail Blazers,7.5,46,Betr,Philadelphia 76ers,NA
Miami Heat v Washington Wizards,Miami Heat,Washington Wizards,Player Assists,Bam Adebayo,Player assists - Bam Adebayo 4+ (Match),Miami Heat,3.5,1.71,Betr,Washington Wizards,NA
Miami Heat v Washington Wizards,Miami Heat,Washington Wizards,Player Assists,Bam Adebayo,Player assists - Bam Adebayo 5+ (Match),Miami Heat,4.5,2.55,Betr,Washington Wizards,NA
Miami Heat v Washington Wizards,Miami Heat,Washington Wizards,Player Assists,Bam Adebayo,Player assists - Bam Adebayo 8+ (Match),Miami Heat,7.5,12,Betr,Washington Wizards,NA
Miami Heat v Washington Wizards,Miami Heat,Washington Wizards,Player Assists,Tyler Herro,Player assists - T. Herro 10+ (Match),Miami Heat,9.5,4.9,Betr,Washington Wizards,NA
Miami Heat v Washington Wizards,Miami Heat,Washington Wizards,Player Assists,Tyler Herro,Player assists - T. Herro 12+ (Match),Miami Heat,11.5,11,Betr,Washington Wizards,NA
Miami Heat v Washington Wizards,Miami Heat,Washington Wizards,Player Assists,Tyler Herro,Player assists - T. Herro 4+ (Match),Miami Heat,3.5,1.07,Betr,Washington Wizards,NA
Miami Heat v Washington Wizards,Miami Heat,Washington Wizards,Player Assists,Tyler Herro,Player assists - T. Herro 5+ (Match),Miami Heat,4.5,1.2,Betr,Washington Wizards,NA
Miami Heat v Washington Wizards,Miami Heat,Washington Wizards,Player Assists,Tyler Herro,Player assists - T. Herro 8+ (Match),Miami Heat,7.5,2.3,Betr,Washington Wizards,NA
Miami Heat v Washington Wizards,Miami Heat,Washington Wizards,Player Assists,Davion Mitchell,Player assists - Davion Mitchell 10+ (Match),Miami Heat,9.5,17,Betr,Washington Wizards,NA
Miami Heat v Washington Wizards,Miami Heat,Washington Wizards,Player Assists,Davion Mitchell,Player assists - Davion Mitchell 4+ (Match),Miami Heat,3.5,1.34,Betr,Washington Wizards,NA
Miami Heat v Washington Wizards,Miami Heat,Washington Wizards,Player Assists,Davion Mitchell,Player assists - Davion Mitchell 5+ (Match),Miami Heat,4.5,1.74,Betr,Washington Wizards,NA
Miami Heat v Washington Wizards,Miami Heat,Washington Wizards,Player Assists,Davion Mitchell,Player assists - Davion Mitchell 8+ (Match),Miami Heat,7.5,6,Betr,Washington Wizards,NA
Miami Heat v Washington Wizards,Miami Heat,Washington Wizards,Player Assists,Andrew Wiggins,Player assists - A. Wiggins 4+ (Match),Miami Heat,3.5,2.7,Betr,Washington Wizards,NA
Miami Heat v Washington Wizards,Miami Heat,Washington Wizards,Player Assists,Andrew Wiggins,Player assists - A. Wiggins 5+ (Match),Miami Heat,4.5,4.8,Betr,Washington Wizards,NA
Miami Heat v Washington Wizards,Miami Heat,Washington Wizards,Player Assists,Andrew Wiggins,Player assists - A. Wiggins 8+ (Match),Miami Heat,7.5,26,Betr,Washington Wizards,NA
Miami Heat v Washington Wizards,Miami Heat,Washington Wizards,Player Assists,NA,Player assists - Carlton Carrington 4+ (Match),NA,3.5,1.51,Betr,NA,NA
Miami Heat v Washington Wizards,Miami Heat,Washington Wizards,Player Assists,NA,Player assists - Carlton Carrington 5+ (Match),NA,4.5,2.1,Betr,NA,NA
Miami Heat v Washington Wizards,Miami Heat,Washington Wizards,Player Assists,NA,Player assists - Carlton Carrington 8+ (Match),NA,7.5,8.5,Betr,NA,NA
Miami Heat v Washington Wizards,Miami Heat,Washington Wizards,Player Assists,Bilal Coulibaly,Player assists - Bilal Coulibaly 4+ (Match),Washington Wizards,3.5,1.95,Betr,Miami Heat,NA
Miami Heat v Washington Wizards,Miami Heat,Washington Wizards,Player Assists,Bilal Coulibaly,Player assists - Bilal Coulibaly 5+ (Match),Washington Wizards,4.5,3,Betr,Miami Heat,NA
Miami Heat v Washington Wizards,Miami Heat,Washington Wizards,Player Assists,Bilal Coulibaly,Player assists - Bilal Coulibaly 8+ (Match),Washington Wizards,7.5,16,Betr,Miami Heat,NA
Miami Heat v Washington Wizards,Miami Heat,Washington Wizards,Player Assists,NA,Player assists - Kyshawn George 4+ (Match),NA,3.5,1.87,Betr,NA,NA
Miami Heat v Washington Wizards,Miami Heat,Washington Wizards,Player Assists,NA,Player assists - Kyshawn George 5+ (Match),NA,4.5,3,Betr,NA,NA
Miami Heat v Washington Wizards,Miami Heat,Washington Wizards,Player Assists,NA,Player assists - Kyshawn George 8+ (Match),NA,7.5,16,Betr,NA,NA
Miami Heat v Washington Wizards,Miami Heat,Washington Wizards,Player Assists,Khris Middleton,Player assists - K. Middleton 4+ (Match),Washington Wizards,3.5,1.53,Betr,Miami Heat,NA
Miami Heat v Washington Wizards,Miami Heat,Washington Wizards,Player Assists,Khris Middleton,Player assists - K. Middleton 5+ (Match),Washington Wizards,4.5,2.1,Betr,Miami Heat,NA
Miami Heat v Washington Wizards,Miami Heat,Washington Wizards,Player Assists,Khris Middleton,Player assists - K. Middleton 8+ (Match),Washington Wizards,7.5,9,Betr,Miami Heat,NA
Miami Heat v Washington Wizards,Miami Heat,Washington Wizards,Player Assists,Marcus Smart,Player assists - M. Smart 4+ (Match),Washington Wizards,3.5,2.2,Betr,Miami Heat,NA
Miami Heat v Washington Wizards,Miami Heat,Washington Wizards,Player Assists,Marcus Smart,Player assists - M. Smart 5+ (Match),Washington Wizards,4.5,3.6,Betr,Miami Heat,NA
Miami Heat v Washington Wizards,Miami Heat,Washington Wizards,Player Assists,Marcus Smart,Player assists - M. Smart 8+ (Match),Washington Wizards,7.5,21,Betr,Miami Heat,NA
Miami Heat v Washington Wizards,Miami Heat,Washington Wizards,Player Assists,Corey Kispert,Player assists - Corey Kispert 4+ (Match),Washington Wizards,3.5,7,Betr,Miami Heat,NA
Miami Heat v Washington Wizards,Miami Heat,Washington Wizards,Player Assists,Corey Kispert,Player assists - Corey Kispert 5+ (Match),Washington Wizards,4.5,14,Betr,Miami Heat,NA
Miami Heat v Washington Wizards,Miami Heat,Washington Wizards,Player Assists,Corey Kispert,Player assists - Corey Kispert 8+ (Match),Washington Wizards,7.5,46,Betr,Miami Heat,NA
Miami Heat v Washington Wizards,Miami Heat,Washington Wizards,Player Assists,Alex Sarr,Player assists - Alexandre Sarr 4+ (Match),Washington Wizards,3.5,3.8,Betr,Miami Heat,NA
Miami Heat v Washington Wizards,Miami Heat,Washington Wizards,Player Assists,Alex Sarr,Player assists - Alexandre Sarr 5+ (Match),Washington Wizards,4.5,7.25,Betr,Miami Heat,NA
Miami Heat v Washington Wizards,Miami Heat,Washington Wizards,Player Assists,Alex Sarr,Player assists - Alexandre Sarr 8+ (Match),Washington Wizards,7.5,41,Betr,Miami Heat,NA
Miami Heat v Washington Wizards,Miami Heat,Washington Wizards,Player Assists,Duncan Robinson,Player assists - Duncan Robinson 4+ (Match),Miami Heat,3.5,2.4,Betr,Washington Wizards,NA
Miami Heat v Washington Wizards,Miami Heat,Washington Wizards,Player Assists,Duncan Robinson,Player assists - Duncan Robinson 5+ (Match),Miami Heat,4.5,4.1,Betr,Washington Wizards,NA
Miami Heat v Washington Wizards,Miami Heat,Washington Wizards,Player Assists,Duncan Robinson,Player assists - Duncan Robinson 8+ (Match),Miami Heat,7.5,21,Betr,Washington Wizards,NA
Memphis Grizzlies v Atlanta Hawks,Memphis Grizzlies,Atlanta Hawks,Player Assists,Desmond Bane,Player assists - D. Bane 10+ (Match),Memphis Grizzlies,9.5,10.5,Betr,Atlanta Hawks,NA
Memphis Grizzlies v Atlanta Hawks,Memphis Grizzlies,Atlanta Hawks,Player Assists,Desmond Bane,Player assists - D. Bane 4+ (Match),Memphis Grizzlies,3.5,1.16,Betr,Atlanta Hawks,NA
Memphis Grizzlies v Atlanta Hawks,Memphis Grizzlies,Atlanta Hawks,Player Assists,Desmond Bane,Player assists - D. Bane 5+ (Match),Memphis Grizzlies,4.5,1.43,Betr,Atlanta Hawks,NA
Memphis Grizzlies v Atlanta Hawks,Memphis Grizzlies,Atlanta Hawks,Player Assists,Desmond Bane,Player assists - D. Bane 8+ (Match),Memphis Grizzlies,7.5,4,Betr,Atlanta Hawks,NA
Memphis Grizzlies v Atlanta Hawks,Memphis Grizzlies,Atlanta Hawks,Player Assists,Jaren Jackson Jr.,Player assists - Jaren Jackson Jr 4+ (Match),Memphis Grizzlies,3.5,4.5,Betr,Atlanta Hawks,NA
Memphis Grizzlies v Atlanta Hawks,Memphis Grizzlies,Atlanta Hawks,Player Assists,Jaren Jackson Jr.,Player assists - Jaren Jackson Jr 5+ (Match),Memphis Grizzlies,4.5,9,Betr,Atlanta Hawks,NA
Memphis Grizzlies v Atlanta Hawks,Memphis Grizzlies,Atlanta Hawks,Player Assists,Jaren Jackson Jr.,Player assists - Jaren Jackson Jr 8+ (Match),Memphis Grizzlies,7.5,41,Betr,Atlanta Hawks,NA
Memphis Grizzlies v Atlanta Hawks,Memphis Grizzlies,Atlanta Hawks,Player Assists,Ja Morant,Player assists - J. Morant 10+ (Match),Memphis Grizzlies,9.5,3.6,Betr,Atlanta Hawks,NA
Memphis Grizzlies v Atlanta Hawks,Memphis Grizzlies,Atlanta Hawks,Player Assists,Ja Morant,Player assists - J. Morant 12+ (Match),Memphis Grizzlies,11.5,8,Betr,Atlanta Hawks,NA
Memphis Grizzlies v Atlanta Hawks,Memphis Grizzlies,Atlanta Hawks,Player Assists,Ja Morant,Player assists - J. Morant 4+ (Match),Memphis Grizzlies,3.5,1.04,Betr,Atlanta Hawks,NA
Memphis Grizzlies v Atlanta Hawks,Memphis Grizzlies,Atlanta Hawks,Player Assists,Ja Morant,Player assists - J. Morant 5+ (Match),Memphis Grizzlies,4.5,1.11,Betr,Atlanta Hawks,NA
Memphis Grizzlies v Atlanta Hawks,Memphis Grizzlies,Atlanta Hawks,Player Assists,Ja Morant,Player assists - J. Morant 8+ (Match),Memphis Grizzlies,7.5,1.91,Betr,Atlanta Hawks,NA
Memphis Grizzlies v Atlanta Hawks,Memphis Grizzlies,Atlanta Hawks,Player Assists,Dyson Daniels,Player assists - Dyson Daniels 4+ (Match),Atlanta Hawks,3.5,1.53,Betr,Memphis Grizzlies,NA
Memphis Grizzlies v Atlanta Hawks,Memphis Grizzlies,Atlanta Hawks,Player Assists,Dyson Daniels,Player assists - Dyson Daniels 5+ (Match),Atlanta Hawks,4.5,2.1,Betr,Memphis Grizzlies,NA
Memphis Grizzlies v Atlanta Hawks,Memphis Grizzlies,Atlanta Hawks,Player Assists,Dyson Daniels,Player assists - Dyson Daniels 8+ (Match),Atlanta Hawks,7.5,9,Betr,Memphis Grizzlies,NA
Memphis Grizzlies v Atlanta Hawks,Memphis Grizzlies,Atlanta Hawks,Player Assists,Onyeka Okongwu,Player assists - O. Okongwu 4+ (Match),Atlanta Hawks,3.5,2.65,Betr,Memphis Grizzlies,NA
Memphis Grizzlies v Atlanta Hawks,Memphis Grizzlies,Atlanta Hawks,Player Assists,Onyeka Okongwu,Player assists - O. Okongwu 5+ (Match),Atlanta Hawks,4.5,4.8,Betr,Memphis Grizzlies,NA
Memphis Grizzlies v Atlanta Hawks,Memphis Grizzlies,Atlanta Hawks,Player Assists,Onyeka Okongwu,Player assists - O. Okongwu 8+ (Match),Atlanta Hawks,7.5,31,Betr,Memphis Grizzlies,NA
Memphis Grizzlies v Atlanta Hawks,Memphis Grizzlies,Atlanta Hawks,Player Assists,Zaccharie Risacher,Player assists - Zaccharie Risacher 4+ (Match),Atlanta Hawks,3.5,8,Betr,Memphis Grizzlies,NA
Memphis Grizzlies v Atlanta Hawks,Memphis Grizzlies,Atlanta Hawks,Player Assists,Zaccharie Risacher,Player assists - Zaccharie Risacher 5+ (Match),Atlanta Hawks,4.5,17,Betr,Memphis Grizzlies,NA
Memphis Grizzlies v Atlanta Hawks,Memphis Grizzlies,Atlanta Hawks,Player Assists,Zaccharie Risacher,Player assists - Zaccharie Risacher 8+ (Match),Atlanta Hawks,7.5,46,Betr,Memphis Grizzlies,NA
Memphis Grizzlies v Atlanta Hawks,Memphis Grizzlies,Atlanta Hawks,Player Assists,Trae Young,Player assists - Trae Young 10+ (Match),Atlanta Hawks,9.5,1.38,Betr,Memphis Grizzlies,NA
Memphis Grizzlies v Atlanta Hawks,Memphis Grizzlies,Atlanta Hawks,Player Assists,Trae Young,Player assists - Trae Young 12+ (Match),Atlanta Hawks,11.5,2,Betr,Memphis Grizzlies,NA
Memphis Grizzlies v Atlanta Hawks,Memphis Grizzlies,Atlanta Hawks,Player Assists,Trae Young,Player assists - Trae Young 15+ (Match),Atlanta Hawks,14.5,4.6,Betr,Memphis Grizzlies,NA
Memphis Grizzlies v Atlanta Hawks,Memphis Grizzlies,Atlanta Hawks,Player Assists,Trae Young,Player assists - Trae Young 8+ (Match),Atlanta Hawks,7.5,1.12,Betr,Memphis Grizzlies,NA
Memphis Grizzlies v Atlanta Hawks,Memphis Grizzlies,Atlanta Hawks,Player Assists,Trae Young,Player assists - Trae Young 5+ (Match),Atlanta Hawks,4.5,1.01,Betr,Memphis Grizzlies,NA
Memphis Grizzlies v Atlanta Hawks,Memphis Grizzlies,Atlanta Hawks,Player Assists,Jaylen Wells,Player assists - Jaylen Wells 4+ (Match),Memphis Grizzlies,3.5,7,Betr,Atlanta Hawks,NA
Memphis Grizzlies v Atlanta Hawks,Memphis Grizzlies,Atlanta Hawks,Player Assists,Jaylen Wells,Player assists - Jaylen Wells 5+ (Match),Memphis Grizzlies,4.5,15,Betr,Atlanta Hawks,NA
Memphis Grizzlies v Atlanta Hawks,Memphis Grizzlies,Atlanta Hawks,Player Assists,Jaylen Wells,Player assists - Jaylen Wells 8+ (Match),Memphis Grizzlies,7.5,46,Betr,Atlanta Hawks,NA
Memphis Grizzlies v Atlanta Hawks,Memphis Grizzlies,Atlanta Hawks,Player Assists,Santi Aldama,Player assists - Santi Aldama 4+ (Match),Memphis Grizzlies,3.5,3,Betr,Atlanta Hawks,NA
Memphis Grizzlies v Atlanta Hawks,Memphis Grizzlies,Atlanta Hawks,Player Assists,Santi Aldama,Player assists - Santi Aldama 5+ (Match),Memphis Grizzlies,4.5,5.6,Betr,Atlanta Hawks,NA
Memphis Grizzlies v Atlanta Hawks,Memphis Grizzlies,Atlanta Hawks,Player Assists,Santi Aldama,Player assists - Santi Aldama 8+ (Match),Memphis Grizzlies,7.5,31,Betr,Atlanta Hawks,NA
Memphis Grizzlies v Atlanta Hawks,Memphis Grizzlies,Atlanta Hawks,Player Assists,Caris LeVert,Player assists - C. LeVert 4+ (Match),Atlanta Hawks,3.5,3,Betr,Memphis Grizzlies,NA
Memphis Grizzlies v Atlanta Hawks,Memphis Grizzlies,Atlanta Hawks,Player Assists,Caris LeVert,Player assists - C. LeVert 5+ (Match),Atlanta Hawks,4.5,5.6,Betr,Memphis Grizzlies,NA
Memphis Grizzlies v Atlanta Hawks,Memphis Grizzlies,Atlanta Hawks,Player Assists,Caris LeVert,Player assists - C. LeVert 8+ (Match),Atlanta Hawks,7.5,31,Betr,Memphis Grizzlies,NA
Oklahoma City Thunder v Houston Rockets,Oklahoma City Thunder,Houston Rockets,Player Assists,Shai Gilgeous-Alexander,Player assists - Shai Gilgeous-Alexander 10+ (Match),Oklahoma City Thunder,9.5,8,Betr,Houston Rockets,NA
Oklahoma City Thunder v Houston Rockets,Oklahoma City Thunder,Houston Rockets,Player Assists,Shai Gilgeous-Alexander,Player assists - Shai Gilgeous-Alexander 4+ (Match),Oklahoma City Thunder,3.5,1.14,Betr,Houston Rockets,NA
Oklahoma City Thunder v Houston Rockets,Oklahoma City Thunder,Houston Rockets,Player Assists,Shai Gilgeous-Alexander,Player assists - Shai Gilgeous-Alexander 5+ (Match),Oklahoma City Thunder,4.5,1.34,Betr,Houston Rockets,NA
Oklahoma City Thunder v Houston Rockets,Oklahoma City Thunder,Houston Rockets,Player Assists,Shai Gilgeous-Alexander,Player assists - Shai Gilgeous-Alexander 8+ (Match),Oklahoma City Thunder,7.5,3.4,Betr,Houston Rockets,NA
Oklahoma City Thunder v Houston Rockets,Oklahoma City Thunder,Houston Rockets,Player Assists,Cason Wallace,Player assists - Cason Wallace 4+ (Match),Oklahoma City Thunder,3.5,5.5,Betr,Houston Rockets,NA
Oklahoma City Thunder v Houston Rockets,Oklahoma City Thunder,Houston Rockets,Player Assists,Cason Wallace,Player assists - Cason Wallace 5+ (Match),Oklahoma City Thunder,4.5,11,Betr,Houston Rockets,NA
Oklahoma City Thunder v Houston Rockets,Oklahoma City Thunder,Houston Rockets,Player Assists,Cason Wallace,Player assists - Cason Wallace 8+ (Match),Oklahoma City Thunder,7.5,46,Betr,Houston Rockets,NA
Oklahoma City Thunder v Houston Rockets,Oklahoma City Thunder,Houston Rockets,Player Assists,Jalen Williams,Player assists - Jalen Williams 10+ (Match),Oklahoma City Thunder,9.5,15,Betr,Houston Rockets,NA
Oklahoma City Thunder v Houston Rockets,Oklahoma City Thunder,Houston Rockets,Player Assists,Jalen Williams,Player assists - Jalen Williams 4+ (Match),Oklahoma City Thunder,3.5,1.29,Betr,Houston Rockets,NA
Oklahoma City Thunder v Houston Rockets,Oklahoma City Thunder,Houston Rockets,Player Assists,Jalen Williams,Player assists - Jalen Williams 5+ (Match),Oklahoma City Thunder,4.5,1.61,Betr,Houston Rockets,NA
Oklahoma City Thunder v Houston Rockets,Oklahoma City Thunder,Houston Rockets,Player Assists,Jalen Williams,Player assists - Jalen Williams 8+ (Match),Oklahoma City Thunder,7.5,5.6,Betr,Houston Rockets,NA
Oklahoma City Thunder v Houston Rockets,Oklahoma City Thunder,Houston Rockets,Player Assists,Alperen Sengun,Player assists - A. Sengün 10+ (Match),Houston Rockets,9.5,15,Betr,Oklahoma City Thunder,NA
Oklahoma City Thunder v Houston Rockets,Oklahoma City Thunder,Houston Rockets,Player Assists,Alperen Sengun,Player assists - A. Sengün 4+ (Match),Houston Rockets,3.5,1.3,Betr,Oklahoma City Thunder,NA
Oklahoma City Thunder v Houston Rockets,Oklahoma City Thunder,Houston Rockets,Player Assists,Alperen Sengun,Player assists - A. Sengün 5+ (Match),Houston Rockets,4.5,1.65,Betr,Oklahoma City Thunder,NA
Oklahoma City Thunder v Houston Rockets,Oklahoma City Thunder,Houston Rockets,Player Assists,Alperen Sengun,Player assists - A. Sengün 8+ (Match),Houston Rockets,7.5,5.6,Betr,Oklahoma City Thunder,NA
Oklahoma City Thunder v Houston Rockets,Oklahoma City Thunder,Houston Rockets,Player Assists,Dillon Brooks,Player assists - Dillon Brooks 4+ (Match),Houston Rockets,3.5,6.75,Betr,Oklahoma City Thunder,NA
Oklahoma City Thunder v Houston Rockets,Oklahoma City Thunder,Houston Rockets,Player Assists,Dillon Brooks,Player assists - Dillon Brooks 5+ (Match),Houston Rockets,4.5,14,Betr,Oklahoma City Thunder,NA
Oklahoma City Thunder v Houston Rockets,Oklahoma City Thunder,Houston Rockets,Player Assists,Dillon Brooks,Player assists - Dillon Brooks 8+ (Match),Houston Rockets,7.5,46,Betr,Oklahoma City Thunder,NA
Oklahoma City Thunder v Houston Rockets,Oklahoma City Thunder,Houston Rockets,Player Assists,NA,Player assists - Amen Thompson 10+ (Match),NA,9.5,13,Betr,NA,NA
Oklahoma City Thunder v Houston Rockets,Oklahoma City Thunder,Houston Rockets,Player Assists,NA,Player assists - Amen Thompson 4+ (Match),NA,3.5,1.28,Betr,NA,NA
Oklahoma City Thunder v Houston Rockets,Oklahoma City Thunder,Houston Rockets,Player Assists,NA,Player assists - Amen Thompson 5+ (Match),NA,4.5,1.56,Betr,NA,NA
Oklahoma City Thunder v Houston Rockets,Oklahoma City Thunder,Houston Rockets,Player Assists,NA,Player assists - Amen Thompson 8+ (Match),NA,7.5,5.1,Betr,NA,NA
Oklahoma City Thunder v Houston Rockets,Oklahoma City Thunder,Houston Rockets,Player Assists,Chet Holmgren,Player assists - Chet Holmgren 4+ (Match),Oklahoma City Thunder,3.5,6.5,Betr,Houston Rockets,NA
Oklahoma City Thunder v Houston Rockets,Oklahoma City Thunder,Houston Rockets,Player Assists,Chet Holmgren,Player assists - Chet Holmgren 5+ (Match),Oklahoma City Thunder,4.5,14,Betr,Houston Rockets,NA
Oklahoma City Thunder v Houston Rockets,Oklahoma City Thunder,Houston Rockets,Player Assists,Chet Holmgren,Player assists - Chet Holmgren 8+ (Match),Oklahoma City Thunder,7.5,46,Betr,Houston Rockets,NA
Oklahoma City Thunder v Houston Rockets,Oklahoma City Thunder,Houston Rockets,Player Assists,Javonte Green,Player assists - Jalen Green 4+ (Match),New Orleans Pelicans,3.5,1.61,Betr,Oklahoma City Thunder,NA
Oklahoma City Thunder v Houston Rockets,Oklahoma City Thunder,Houston Rockets,Player Assists,Jalen Green,Player assists - Jalen Green 4+ (Match),Houston Rockets,3.5,1.61,Betr,Oklahoma City Thunder,NA
Oklahoma City Thunder v Houston Rockets,Oklahoma City Thunder,Houston Rockets,Player Assists,Javonte Green,Player assists - Jalen Green 5+ (Match),New Orleans Pelicans,4.5,2.3,Betr,Oklahoma City Thunder,NA
Oklahoma City Thunder v Houston Rockets,Oklahoma City Thunder,Houston Rockets,Player Assists,Jalen Green,Player assists - Jalen Green 5+ (Match),Houston Rockets,4.5,2.3,Betr,Oklahoma City Thunder,NA
Oklahoma City Thunder v Houston Rockets,Oklahoma City Thunder,Houston Rockets,Player Assists,Javonte Green,Player assists - Jalen Green 8+ (Match),New Orleans Pelicans,7.5,10.5,Betr,Oklahoma City Thunder,NA
Oklahoma City Thunder v Houston Rockets,Oklahoma City Thunder,Houston Rockets,Player Assists,Jalen Green,Player assists - Jalen Green 8+ (Match),Houston Rockets,7.5,10.5,Betr,Oklahoma City Thunder,NA
Dallas Mavericks v Sacramento Kings,Dallas Mavericks,Sacramento Kings,Player Assists,Max Christie,Player assists - Max Christie 4+ (Match),Dallas Mavericks,3.5,2.25,Betr,Sacramento Kings,NA
Dallas Mavericks v Sacramento Kings,Dallas Mavericks,Sacramento Kings,Player Assists,Max Christie,Player assists - Max Christie 5+ (Match),Dallas Mavericks,4.5,3.7,Betr,Sacramento Kings,NA
Dallas Mavericks v Sacramento Kings,Dallas Mavericks,Sacramento Kings,Player Assists,Max Christie,Player assists - Max Christie 8+ (Match),Dallas Mavericks,7.5,21,Betr,Sacramento Kings,NA
Dallas Mavericks v Sacramento Kings,Dallas Mavericks,Sacramento Kings,Player Assists,Kyrie Irving,Player assists - K. Irving 10+ (Match),Dallas Mavericks,9.5,14,Betr,Sacramento Kings,NA
Dallas Mavericks v Sacramento Kings,Dallas Mavericks,Sacramento Kings,Player Assists,Kyrie Irving,Player assists - K. Irving 4+ (Match),Dallas Mavericks,3.5,1.3,Betr,Sacramento Kings,NA
Dallas Mavericks v Sacramento Kings,Dallas Mavericks,Sacramento Kings,Player Assists,Kyrie Irving,Player assists - K. Irving 5+ (Match),Dallas Mavericks,4.5,1.65,Betr,Sacramento Kings,NA
Dallas Mavericks v Sacramento Kings,Dallas Mavericks,Sacramento Kings,Player Assists,Kyrie Irving,Player assists - K. Irving 8+ (Match),Dallas Mavericks,7.5,5.4,Betr,Sacramento Kings,NA
Dallas Mavericks v Sacramento Kings,Dallas Mavericks,Sacramento Kings,Player Assists,Naji Marshall,Player assists - N. Marshall 4+ (Match),Dallas Mavericks,3.5,2.05,Betr,Sacramento Kings,NA
Dallas Mavericks v Sacramento Kings,Dallas Mavericks,Sacramento Kings,Player Assists,Naji Marshall,Player assists - N. Marshall 5+ (Match),Dallas Mavericks,4.5,3.3,Betr,Sacramento Kings,NA
Dallas Mavericks v Sacramento Kings,Dallas Mavericks,Sacramento Kings,Player Assists,Naji Marshall,Player assists - N. Marshall 8+ (Match),Dallas Mavericks,7.5,18,Betr,Sacramento Kings,NA
Dallas Mavericks v Sacramento Kings,Dallas Mavericks,Sacramento Kings,Player Assists,DeMar DeRozan,Player assists - D. DeRozan 10+ (Match),Sacramento Kings,9.5,16,Betr,Dallas Mavericks,NA
Dallas Mavericks v Sacramento Kings,Dallas Mavericks,Sacramento Kings,Player Assists,DeMar DeRozan,Player assists - D. DeRozan 4+ (Match),Sacramento Kings,3.5,1.34,Betr,Dallas Mavericks,NA
Dallas Mavericks v Sacramento Kings,Dallas Mavericks,Sacramento Kings,Player Assists,DeMar DeRozan,Player assists - D. DeRozan 5+ (Match),Sacramento Kings,4.5,1.71,Betr,Dallas Mavericks,NA
Dallas Mavericks v Sacramento Kings,Dallas Mavericks,Sacramento Kings,Player Assists,DeMar DeRozan,Player assists - D. DeRozan 8+ (Match),Sacramento Kings,7.5,5.9,Betr,Dallas Mavericks,NA
Dallas Mavericks v Sacramento Kings,Dallas Mavericks,Sacramento Kings,Player Assists,Zach LaVine,Player assists - Z. LaVine 4+ (Match),Sacramento Kings,3.5,1.56,Betr,Dallas Mavericks,NA
Dallas Mavericks v Sacramento Kings,Dallas Mavericks,Sacramento Kings,Player Assists,Zach LaVine,Player assists - Z. LaVine 5+ (Match),Sacramento Kings,4.5,2.2,Betr,Dallas Mavericks,NA
Dallas Mavericks v Sacramento Kings,Dallas Mavericks,Sacramento Kings,Player Assists,Zach LaVine,Player assists - Z. LaVine 8+ (Match),Sacramento Kings,7.5,9.5,Betr,Dallas Mavericks,NA
Dallas Mavericks v Sacramento Kings,Dallas Mavericks,Sacramento Kings,Player Assists,Malik Monk,Player assists - M. Monk 10+ (Match),Sacramento Kings,9.5,6.5,Betr,Dallas Mavericks,NA
Dallas Mavericks v Sacramento Kings,Dallas Mavericks,Sacramento Kings,Player Assists,Malik Monk,Player assists - M. Monk 4+ (Match),Sacramento Kings,3.5,1.12,Betr,Dallas Mavericks,NA
Dallas Mavericks v Sacramento Kings,Dallas Mavericks,Sacramento Kings,Player Assists,Malik Monk,Player assists - M. Monk 5+ (Match),Sacramento Kings,4.5,1.29,Betr,Dallas Mavericks,NA
Dallas Mavericks v Sacramento Kings,Dallas Mavericks,Sacramento Kings,Player Assists,Malik Monk,Player assists - M. Monk 8+ (Match),Sacramento Kings,7.5,2.85,Betr,Dallas Mavericks,NA
Dallas Mavericks v Sacramento Kings,Dallas Mavericks,Sacramento Kings,Player Assists,Spencer Dinwiddie,Player assists - S. Dinwiddie 4+ (Match),Dallas Mavericks,3.5,1.87,Betr,Sacramento Kings,NA
Dallas Mavericks v Sacramento Kings,Dallas Mavericks,Sacramento Kings,Player Assists,Spencer Dinwiddie,Player assists - S. Dinwiddie 5+ (Match),Dallas Mavericks,4.5,2.9,Betr,Sacramento Kings,NA
Dallas Mavericks v Sacramento Kings,Dallas Mavericks,Sacramento Kings,Player Assists,Spencer Dinwiddie,Player assists - S. Dinwiddie 8+ (Match),Dallas Mavericks,7.5,15,Betr,Sacramento Kings,NA
Dallas Mavericks v Sacramento Kings,Dallas Mavericks,Sacramento Kings,Player Assists,Danté Exum,Player assists - D. Exum 4+ (Match),Dallas Mavericks,3.5,2.8,Betr,Sacramento Kings,NA
Dallas Mavericks v Sacramento Kings,Dallas Mavericks,Sacramento Kings,Player Assists,Danté Exum,Player assists - D. Exum 5+ (Match),Dallas Mavericks,4.5,5.1,Betr,Sacramento Kings,NA
Dallas Mavericks v Sacramento Kings,Dallas Mavericks,Sacramento Kings,Player Assists,Danté Exum,Player assists - D. Exum 8+ (Match),Dallas Mavericks,7.5,26,Betr,Sacramento Kings,NA
Dallas Mavericks v Sacramento Kings,Dallas Mavericks,Sacramento Kings,Player Assists,Klay Thompson,Player assists - K. Thompson 4+ (Match),Dallas Mavericks,3.5,6,Betr,Sacramento Kings,NA
Dallas Mavericks v Sacramento Kings,Dallas Mavericks,Sacramento Kings,Player Assists,Klay Thompson,Player assists - K. Thompson 5+ (Match),Dallas Mavericks,4.5,12,Betr,Sacramento Kings,NA
Dallas Mavericks v Sacramento Kings,Dallas Mavericks,Sacramento Kings,Player Assists,Klay Thompson,Player assists - K. Thompson 8+ (Match),Dallas Mavericks,7.5,46,Betr,Sacramento Kings,NA
Dallas Mavericks v Sacramento Kings,Dallas Mavericks,Sacramento Kings,Player Assists,Keegan Murray,Player assists - Keegan Murray 4+ (Match),Sacramento Kings,3.5,8.5,Betr,Dallas Mavericks,NA
Dallas Mavericks v Sacramento Kings,Dallas Mavericks,Sacramento Kings,Player Assists,Keegan Murray,Player assists - Keegan Murray 5+ (Match),Sacramento Kings,4.5,18,Betr,Dallas Mavericks,NA
Dallas Mavericks v Sacramento Kings,Dallas Mavericks,Sacramento Kings,Player Assists,Keegan Murray,Player assists - Keegan Murray 8+ (Match),Sacramento Kings,7.5,46,Betr,Dallas Mavericks,NA
Dallas Mavericks v Sacramento Kings,Dallas Mavericks,Sacramento Kings,Player Assists,Keon Ellis,Player assists - Keon Ellis 4+ (Match),Sacramento Kings,3.5,9,Betr,Dallas Mavericks,NA
Dallas Mavericks v Sacramento Kings,Dallas Mavericks,Sacramento Kings,Player Assists,Keon Ellis,Player assists - Keon Ellis 5+ (Match),Sacramento Kings,4.5,19,Betr,Dallas Mavericks,NA
Dallas Mavericks v Sacramento Kings,Dallas Mavericks,Sacramento Kings,Player Assists,Keon Ellis,Player assists - Keon Ellis 8+ (Match),Sacramento Kings,7.5,46,Betr,Dallas Mavericks,NA
Dallas Mavericks v Sacramento Kings,Dallas Mavericks,Sacramento Kings,Player Assists,NA,Player assists - Jonas Valanciunas 4+ (Match),NA,3.5,3.5,Betr,NA,NA
Dallas Mavericks v Sacramento Kings,Dallas Mavericks,Sacramento Kings,Player Assists,NA,Player assists - Jonas Valanciunas 5+ (Match),NA,4.5,6.75,Betr,NA,NA
Dallas Mavericks v Sacramento Kings,Dallas Mavericks,Sacramento Kings,Player Assists,NA,Player assists - Jonas Valanciunas 8+ (Match),NA,7.5,36,Betr,NA,NA
Utah Jazz v Detroit Pistons,Utah Jazz,Detroit Pistons,Player Assists,Cade Cunningham,Player assists - Cade Cunningham 10+ (Match),Detroit Pistons,9.5,1.74,Betr,Utah Jazz,NA
Utah Jazz v Detroit Pistons,Utah Jazz,Detroit Pistons,Player Assists,Cade Cunningham,Player assists - Cade Cunningham 12+ (Match),Detroit Pistons,11.5,3,Betr,Utah Jazz,NA
Utah Jazz v Detroit Pistons,Utah Jazz,Detroit Pistons,Player Assists,Cade Cunningham,Player assists - Cade Cunningham 15+ (Match),Detroit Pistons,14.5,8.5,Betr,Utah Jazz,NA
Utah Jazz v Detroit Pistons,Utah Jazz,Detroit Pistons,Player Assists,Cade Cunningham,Player assists - Cade Cunningham 5+ (Match),Detroit Pistons,4.5,1.02,Betr,Utah Jazz,NA
Utah Jazz v Detroit Pistons,Utah Jazz,Detroit Pistons,Player Assists,Cade Cunningham,Player assists - Cade Cunningham 8+ (Match),Detroit Pistons,7.5,1.26,Betr,Utah Jazz,NA
Utah Jazz v Detroit Pistons,Utah Jazz,Detroit Pistons,Player Assists,Jalen Duren,Player assists - Jalen Duren 4+ (Match),Detroit Pistons,3.5,2.8,Betr,Utah Jazz,NA
Utah Jazz v Detroit Pistons,Utah Jazz,Detroit Pistons,Player Assists,Jalen Duren,Player assists - Jalen Duren 5+ (Match),Detroit Pistons,4.5,5.1,Betr,Utah Jazz,NA
Utah Jazz v Detroit Pistons,Utah Jazz,Detroit Pistons,Player Assists,Jalen Duren,Player assists - Jalen Duren 8+ (Match),Detroit Pistons,7.5,31,Betr,Utah Jazz,NA
Utah Jazz v Detroit Pistons,Utah Jazz,Detroit Pistons,Player Assists,Ausar Thompson,Player assists - Ausar Thompson 4+ (Match),Detroit Pistons,3.5,2.3,Betr,Utah Jazz,NA
Utah Jazz v Detroit Pistons,Utah Jazz,Detroit Pistons,Player Assists,Ausar Thompson,Player assists - Ausar Thompson 5+ (Match),Detroit Pistons,4.5,3.8,Betr,Utah Jazz,NA
Utah Jazz v Detroit Pistons,Utah Jazz,Detroit Pistons,Player Assists,Ausar Thompson,Player assists - Ausar Thompson 8+ (Match),Detroit Pistons,7.5,21,Betr,Utah Jazz,NA
Utah Jazz v Detroit Pistons,Utah Jazz,Detroit Pistons,Player Assists,NA,Player assists - Keyonte George 10+ (Match),NA,9.5,12,Betr,NA,NA
Utah Jazz v Detroit Pistons,Utah Jazz,Detroit Pistons,Player Assists,NA,Player assists - Keyonte George 4+ (Match),NA,3.5,1.26,Betr,NA,NA
Utah Jazz v Detroit Pistons,Utah Jazz,Detroit Pistons,Player Assists,NA,Player assists - Keyonte George 5+ (Match),NA,4.5,1.54,Betr,NA,NA
Utah Jazz v Detroit Pistons,Utah Jazz,Detroit Pistons,Player Assists,NA,Player assists - Keyonte George 8+ (Match),NA,7.5,4.7,Betr,NA,NA
Utah Jazz v Detroit Pistons,Utah Jazz,Detroit Pistons,Player Assists,Tim Hardaway Jr.,Player assists - T. Hardaway Jr. 4+ (Match),Detroit Pistons,3.5,5.5,Betr,Utah Jazz,NA
Utah Jazz v Detroit Pistons,Utah Jazz,Detroit Pistons,Player Assists,Tim Hardaway Jr.,Player assists - T. Hardaway Jr. 5+ (Match),Detroit Pistons,4.5,11,Betr,Utah Jazz,NA
Utah Jazz v Detroit Pistons,Utah Jazz,Detroit Pistons,Player Assists,Tim Hardaway Jr.,Player assists - T. Hardaway Jr. 8+ (Match),Detroit Pistons,7.5,41,Betr,Utah Jazz,NA
Utah Jazz v Detroit Pistons,Utah Jazz,Detroit Pistons,Player Assists,Isaiah Collier,Player assists - Isaiah Collier 10+ (Match),Utah Jazz,9.5,2.4,Betr,Detroit Pistons,NA
Utah Jazz v Detroit Pistons,Utah Jazz,Detroit Pistons,Player Assists,Isaiah Collier,Player assists - Isaiah Collier 12+ (Match),Utah Jazz,11.5,4.6,Betr,Detroit Pistons,NA
Utah Jazz v Detroit Pistons,Utah Jazz,Detroit Pistons,Player Assists,Isaiah Collier,Player assists - Isaiah Collier 4+ (Match),Utah Jazz,3.5,1.02,Betr,Detroit Pistons,NA
Utah Jazz v Detroit Pistons,Utah Jazz,Detroit Pistons,Player Assists,Isaiah Collier,Player assists - Isaiah Collier 5+ (Match),Utah Jazz,4.5,1.06,Betr,Detroit Pistons,NA
Utah Jazz v Detroit Pistons,Utah Jazz,Detroit Pistons,Player Assists,Isaiah Collier,Player assists - Isaiah Collier 8+ (Match),Utah Jazz,7.5,1.5,Betr,Detroit Pistons,NA
Utah Jazz v Detroit Pistons,Utah Jazz,Detroit Pistons,Player Assists,Walker Kessler,Player assists - Walker Kessler 4+ (Match),Utah Jazz,3.5,7,Betr,Detroit Pistons,NA
Utah Jazz v Detroit Pistons,Utah Jazz,Detroit Pistons,Player Assists,Walker Kessler,Player assists - Walker Kessler 5+ (Match),Utah Jazz,4.5,14,Betr,Detroit Pistons,NA
Utah Jazz v Detroit Pistons,Utah Jazz,Detroit Pistons,Player Assists,Walker Kessler,Player assists - Walker Kessler 8+ (Match),Utah Jazz,7.5,46,Betr,Detroit Pistons,NA
Utah Jazz v Detroit Pistons,Utah Jazz,Detroit Pistons,Player Assists,Malik Beasley,Player assists - Malik Beasley 4+ (Match),Detroit Pistons,3.5,6.75,Betr,Utah Jazz,NA
Utah Jazz v Detroit Pistons,Utah Jazz,Detroit Pistons,Player Assists,Malik Beasley,Player assists - Malik Beasley 5+ (Match),Detroit Pistons,4.5,15,Betr,Utah Jazz,NA
Utah Jazz v Detroit Pistons,Utah Jazz,Detroit Pistons,Player Assists,Malik Beasley,Player assists - Malik Beasley 8+ (Match),Detroit Pistons,7.5,46,Betr,Utah Jazz,NA
Utah Jazz v Detroit Pistons,Utah Jazz,Detroit Pistons,Player Assists,Dennis Schröder,Player assists - D. Schröder 10+ (Match),Detroit Pistons,9.5,20,Betr,Utah Jazz,NA
Utah Jazz v Detroit Pistons,Utah Jazz,Detroit Pistons,Player Assists,Dennis Schröder,Player assists - D. Schröder 4+ (Match),Detroit Pistons,3.5,1.42,Betr,Utah Jazz,NA
Utah Jazz v Detroit Pistons,Utah Jazz,Detroit Pistons,Player Assists,Dennis Schröder,Player assists - D. Schröder 5+ (Match),Detroit Pistons,4.5,1.91,Betr,Utah Jazz,NA
Utah Jazz v Detroit Pistons,Utah Jazz,Detroit Pistons,Player Assists,Dennis Schröder,Player assists - D. Schröder 8+ (Match),Detroit Pistons,7.5,7.5,Betr,Utah Jazz,NA
Charlotte Hornets v Golden State Warriors,Charlotte Hornets,Golden State Warriors,Player Assists,LaMelo Ball,NA,Charlotte Hornets,3.5,1.13,Betr,Golden State Warriors,5.6
Charlotte Hornets v Golden State Warriors,Charlotte Hornets,Golden State Warriors,Player Assists,LaMelo Ball,NA,Charlotte Hornets,4.5,1.29,Betr,Golden State Warriors,3.4
Charlotte Hornets v Golden State Warriors,Charlotte Hornets,Golden State Warriors,Player Assists,LaMelo Ball,NA,Charlotte Hornets,5.5,1.56,Betr,Golden State Warriors,2.3
Charlotte Hornets v Golden State Warriors,Charlotte Hornets,Golden State Warriors,Player Assists,LaMelo Ball,NA,Charlotte Hornets,6.5,2.05,Betr,Golden State Warriors,1.74
Charlotte Hornets v Golden State Warriors,Charlotte Hornets,Golden State Warriors,Player Assists,LaMelo Ball,NA,Charlotte Hornets,7.5,2.85,Betr,Golden State Warriors,1.38
Charlotte Hornets v Golden State Warriors,Charlotte Hornets,Golden State Warriors,Player Assists,NA,NA,NA,2.5,1.34,Betr,NA,3.1
Charlotte Hornets v Golden State Warriors,Charlotte Hornets,Golden State Warriors,Player Assists,Brandin Podziemski,NA,Golden State Warriors,1.5,1.1,Betr,Charlotte Hornets,6.25
Charlotte Hornets v Golden State Warriors,Charlotte Hornets,Golden State Warriors,Player Assists,Nick Smith Jr.,NA,Charlotte Hornets,2.5,1.56,Betr,Golden State Warriors,2.25
Charlotte Hornets v Golden State Warriors,Charlotte Hornets,Golden State Warriors,Player Assists,Nick Smith Jr.,NA,Charlotte Hornets,3.5,2.4,Betr,Golden State Warriors,1.54
Charlotte Hornets v Golden State Warriors,Charlotte Hornets,Golden State Warriors,Player Assists,Mark Williams,NA,Charlotte Hornets,0.5,1.11,Betr,Golden State Warriors,6
Charlotte Hornets v Golden State Warriors,Charlotte Hornets,Golden State Warriors,Player Assists,Mark Williams,NA,Charlotte Hornets,1.5,1.54,Betr,Golden State Warriors,2.4
Charlotte Hornets v Golden State Warriors,Charlotte Hornets,Golden State Warriors,Player Assists,Mark Williams,NA,Charlotte Hornets,2.5,2.55,Betr,Golden State Warriors,1.45
Charlotte Hornets v Golden State Warriors,Charlotte Hornets,Golden State Warriors,Player Assists,Stephen Curry,NA,Golden State Warriors,2.5,1.06,Betr,Charlotte Hornets,8.5
Charlotte Hornets v Golden State Warriors,Charlotte Hornets,Golden State Warriors,Player Assists,Stephen Curry,NA,Golden State Warriors,4.5,1.4,Betr,Charlotte Hornets,2.85
Charlotte Hornets v Golden State Warriors,Charlotte Hornets,Golden State Warriors,Player Assists,Stephen Curry,NA,Golden State Warriors,5.5,1.8,Betr,Charlotte Hornets,1.95
Charlotte Hornets v Golden State Warriors,Charlotte Hornets,Golden State Warriors,Player Assists,Stephen Curry,NA,Golden State Warriors,6.5,2.5,Betr,Charlotte Hornets,1.5
Charlotte Hornets v Golden State Warriors,Charlotte Hornets,Golden State Warriors,Player Assists,Brandin Podziemski,NA,Golden State Warriors,2.5,1.34,Betr,Charlotte Hornets,3.1
Charlotte Hornets v Golden State Warriors,Charlotte Hornets,Golden State Warriors,Player Assists,Brandin Podziemski,NA,Golden State Warriors,3.5,1.8,Betr,Charlotte Hornets,1.95
Charlotte Hornets v Golden State Warriors,Charlotte Hornets,Golden State Warriors,Player Assists,Nick Smith Jr.,NA,Charlotte Hornets,1.5,1.2,Betr,Golden State Warriors,4.3
Charlotte Hornets v Golden State Warriors,Charlotte Hornets,Golden State Warriors,Player Assists,NA,NA,NA,3.5,1.83,Betr,NA,1.91
Charlotte Hornets v Golden State Warriors,Charlotte Hornets,Golden State Warriors,Player Assists,NA,NA,NA,3.5,1.83,Betr,NA,3.6
Charlotte Hornets v Golden State Warriors,Charlotte Hornets,Golden State Warriors,Player Assists,NA,NA,NA,4.5,2.8,Betr,NA,1.4
Charlotte Hornets v Golden State Warriors,Charlotte Hornets,Golden State Warriors,Player Assists,NA,NA,NA,4.5,2.8,Betr,NA,2.25
Charlotte Hornets v Golden State Warriors,Charlotte Hornets,Golden State Warriors,Player Assists,NA,NA,NA,3.5,1.27,Betr,NA,1.91
Charlotte Hornets v Golden State Warriors,Charlotte Hornets,Golden State Warriors,Player Assists,NA,NA,NA,3.5,1.27,Betr,NA,3.6
Charlotte Hornets v Golden State Warriors,Charlotte Hornets,Golden State Warriors,Player Assists,NA,NA,NA,4.5,1.56,Betr,NA,1.4
Charlotte Hornets v Golden State Warriors,Charlotte Hornets,Golden State Warriors,Player Assists,NA,NA,NA,4.5,1.56,Betr,NA,2.25
Charlotte Hornets v Golden State Warriors,Charlotte Hornets,Golden State Warriors,Player Assists,NA,NA,NA,5.5,2.15,Betr,NA,1.65
Charlotte Hornets v Golden State Warriors,Charlotte Hornets,Golden State Warriors,Player Assists,Stephen Curry,NA,Golden State Warriors,3.5,1.17,Betr,Charlotte Hornets,4.7
Philadelphia 76ers v Portland Trail Blazers,Philadelphia 76ers,Portland Trail Blazers,Player Assists,Paul George,NA,Philadelphia 76ers,2.5,1.2,Betr,Portland Trail Blazers,4.3
Philadelphia 76ers v Portland Trail Blazers,Philadelphia 76ers,Portland Trail Blazers,Player Assists,Paul George,NA,Philadelphia 76ers,3.5,1.51,Betr,Portland Trail Blazers,2.45
Philadelphia 76ers v Portland Trail Blazers,Philadelphia 76ers,Portland Trail Blazers,Player Assists,Paul George,NA,Philadelphia 76ers,4.5,2.05,Betr,Portland Trail Blazers,1.22
Philadelphia 76ers v Portland Trail Blazers,Philadelphia 76ers,Portland Trail Blazers,Player Assists,Quentin Grimes,NA,Philadelphia 76ers,1.5,1.14,Betr,Portland Trail Blazers,5.25
Philadelphia 76ers v Portland Trail Blazers,Philadelphia 76ers,Portland Trail Blazers,Player Assists,Quentin Grimes,NA,Philadelphia 76ers,2.5,1.45,Betr,Portland Trail Blazers,2.65
Philadelphia 76ers v Portland Trail Blazers,Philadelphia 76ers,Portland Trail Blazers,Player Assists,Quentin Grimes,NA,Philadelphia 76ers,3.5,2.1,Betr,Portland Trail Blazers,1.69
Philadelphia 76ers v Portland Trail Blazers,Philadelphia 76ers,Portland Trail Blazers,Player Assists,Shaedon Sharpe,NA,Portland Trail Blazers,3.5,3.1,Betr,Philadelphia 76ers,1.34
Philadelphia 76ers v Portland Trail Blazers,Philadelphia 76ers,Portland Trail Blazers,Player Assists,Anfernee Simons,NA,Portland Trail Blazers,2.5,1.1,Betr,Philadelphia 76ers,6.25
Philadelphia 76ers v Portland Trail Blazers,Philadelphia 76ers,Portland Trail Blazers,Player Assists,Toumani Camara,NA,Portland Trail Blazers,0.5,1.1,Betr,Philadelphia 76ers,6.25
Philadelphia 76ers v Portland Trail Blazers,Philadelphia 76ers,Portland Trail Blazers,Player Assists,Toumani Camara,NA,Portland Trail Blazers,1.5,1.45,Betr,Philadelphia 76ers,2.55
Philadelphia 76ers v Portland Trail Blazers,Philadelphia 76ers,Portland Trail Blazers,Player Assists,Toumani Camara,NA,Portland Trail Blazers,2.5,2.4,Betr,Philadelphia 76ers,1.54
Philadelphia 76ers v Portland Trail Blazers,Philadelphia 76ers,Portland Trail Blazers,Player Assists,Shaedon Sharpe,NA,Portland Trail Blazers,1.5,1.3,Betr,Philadelphia 76ers,3.3
Philadelphia 76ers v Portland Trail Blazers,Philadelphia 76ers,Portland Trail Blazers,Player Assists,Shaedon Sharpe,NA,Portland Trail Blazers,2.5,1.87,Betr,Philadelphia 76ers,1.87
Philadelphia 76ers v Portland Trail Blazers,Philadelphia 76ers,Portland Trail Blazers,Player Assists,Deni Avdija,NA,Portland Trail Blazers,3.5,1.45,Betr,Philadelphia 76ers,2.5
Philadelphia 76ers v Portland Trail Blazers,Philadelphia 76ers,Portland Trail Blazers,Player Assists,Deni Avdija,NA,Portland Trail Blazers,4.5,2.05,Betr,Philadelphia 76ers,1.74
Philadelphia 76ers v Portland Trail Blazers,Philadelphia 76ers,Portland Trail Blazers,Player Assists,Anfernee Simons,NA,Portland Trail Blazers,3.5,1.28,Betr,Philadelphia 76ers,3.5
Philadelphia 76ers v Portland Trail Blazers,Philadelphia 76ers,Portland Trail Blazers,Player Assists,Anfernee Simons,NA,Portland Trail Blazers,4.5,1.56,Betr,Philadelphia 76ers,2.25
Philadelphia 76ers v Portland Trail Blazers,Philadelphia 76ers,Portland Trail Blazers,Player Assists,Anfernee Simons,NA,Portland Trail Blazers,5.5,2.15,Betr,Philadelphia 76ers,1.65
Philadelphia 76ers v Portland Trail Blazers,Philadelphia 76ers,Portland Trail Blazers,Player Assists,Anfernee Simons,NA,Portland Trail Blazers,6.5,3.2,Betr,Philadelphia 76ers,1.33
Philadelphia 76ers v Portland Trail Blazers,Philadelphia 76ers,Portland Trail Blazers,Player Assists,Tyrese Maxey,NA,Philadelphia 76ers,4.5,1.24,Betr,Portland Trail Blazers,3.8
Philadelphia 76ers v Portland Trail Blazers,Philadelphia 76ers,Portland Trail Blazers,Player Assists,Tyrese Maxey,NA,Philadelphia 76ers,5.5,1.45,Betr,Portland Trail Blazers,2.55
Philadelphia 76ers v Portland Trail Blazers,Philadelphia 76ers,Portland Trail Blazers,Player Assists,Tyrese Maxey,NA,Philadelphia 76ers,6.5,1.87,Betr,Portland Trail Blazers,1.87
Philadelphia 76ers v Portland Trail Blazers,Philadelphia 76ers,Portland Trail Blazers,Player Assists,Tyrese Maxey,NA,Philadelphia 76ers,7.5,2.55,Betr,Portland Trail Blazers,1.45
Philadelphia 76ers v Portland Trail Blazers,Philadelphia 76ers,Portland Trail Blazers,Player Assists,Tyrese Maxey,NA,Philadelphia 76ers,8.5,3.6,Betr,Portland Trail Blazers,1.26
Philadelphia 76ers v Portland Trail Blazers,Philadelphia 76ers,Portland Trail Blazers,Player Assists,Deni Avdija,NA,Portland Trail Blazers,2.5,1.2,Betr,Philadelphia 76ers,4.4
Miami Heat v Washington Wizards,Miami Heat,Washington Wizards,Player Assists,Bam Adebayo,NA,Miami Heat,2.5,1.29,Betr,Washington Wizards,3.4
Miami Heat v Washington Wizards,Miami Heat,Washington Wizards,Player Assists,Bam Adebayo,NA,Miami Heat,3.5,1.71,Betr,Washington Wizards,2.05
Miami Heat v Washington Wizards,Miami Heat,Washington Wizards,Player Assists,Bam Adebayo,NA,Miami Heat,4.5,2.55,Betr,Washington Wizards,1.45
Miami Heat v Washington Wizards,Miami Heat,Washington Wizards,Player Assists,Tyler Herro,NA,Miami Heat,4.5,1.2,Betr,Washington Wizards,4.3
Miami Heat v Washington Wizards,Miami Heat,Washington Wizards,Player Assists,Tyler Herro,NA,Miami Heat,5.5,1.4,Betr,Washington Wizards,2.8
Miami Heat v Washington Wizards,Miami Heat,Washington Wizards,Player Assists,Tyler Herro,NA,Miami Heat,6.5,1.77,Betr,Washington Wizards,2
Miami Heat v Washington Wizards,Miami Heat,Washington Wizards,Player Assists,Duncan Robinson,NA,Miami Heat,2.5,1.56,Betr,Washington Wizards,2.25
Miami Heat v Washington Wizards,Miami Heat,Washington Wizards,Player Assists,Duncan Robinson,NA,Miami Heat,3.5,2.4,Betr,Washington Wizards,1.54
Miami Heat v Washington Wizards,Miami Heat,Washington Wizards,Player Assists,Khris Middleton,NA,Washington Wizards,4.5,2.1,Betr,Miami Heat,1.69
Miami Heat v Washington Wizards,Miami Heat,Washington Wizards,Player Assists,Marcus Smart,NA,Washington Wizards,2.5,1.51,Betr,Miami Heat,2.45
Miami Heat v Washington Wizards,Miami Heat,Washington Wizards,Player Assists,Marcus Smart,NA,Washington Wizards,3.5,2.2,Betr,Miami Heat,1.61
Miami Heat v Washington Wizards,Miami Heat,Washington Wizards,Player Assists,Bilal Coulibaly,NA,Washington Wizards,1.5,1.12,Betr,Miami Heat,5.8
Miami Heat v Washington Wizards,Miami Heat,Washington Wizards,Player Assists,Marcus Smart,NA,Washington Wizards,1.5,1.17,Betr,Miami Heat,4.8
Miami Heat v Washington Wizards,Miami Heat,Washington Wizards,Player Assists,Duncan Robinson,NA,Miami Heat,1.5,1.2,Betr,Washington Wizards,4.3
Miami Heat v Washington Wizards,Miami Heat,Washington Wizards,Player Assists,Bilal Coulibaly,NA,Washington Wizards,3.5,1.95,Betr,Miami Heat,1.8
Miami Heat v Washington Wizards,Miami Heat,Washington Wizards,Player Assists,NA,NA,NA,1.5,1.12,Betr,NA,5.8
Miami Heat v Washington Wizards,Miami Heat,Washington Wizards,Player Assists,NA,NA,NA,2.5,1.38,Betr,NA,2.9
Miami Heat v Washington Wizards,Miami Heat,Washington Wizards,Player Assists,NA,NA,NA,2.5,1.38,Betr,NA,4.2
Miami Heat v Washington Wizards,Miami Heat,Washington Wizards,Player Assists,NA,NA,NA,3.5,1.87,Betr,NA,1.8
Miami Heat v Washington Wizards,Miami Heat,Washington Wizards,Player Assists,NA,NA,NA,3.5,1.87,Betr,NA,2.45
Miami Heat v Washington Wizards,Miami Heat,Washington Wizards,Player Assists,Khris Middleton,NA,Washington Wizards,2.5,1.21,Betr,Miami Heat,4.2
Miami Heat v Washington Wizards,Miami Heat,Washington Wizards,Player Assists,Khris Middleton,NA,Washington Wizards,3.5,1.53,Betr,Miami Heat,2.45
Miami Heat v Washington Wizards,Miami Heat,Washington Wizards,Player Assists,Andrew Wiggins,NA,Miami Heat,2.5,1.74,Betr,Washington Wizards,2.05
Miami Heat v Washington Wizards,Miami Heat,Washington Wizards,Player Assists,Andrew Wiggins,NA,Miami Heat,3.5,2.7,Betr,Washington Wizards,1.43
Miami Heat v Washington Wizards,Miami Heat,Washington Wizards,Player Assists,NA,NA,NA,2.5,1.21,Betr,NA,2.9
Miami Heat v Washington Wizards,Miami Heat,Washington Wizards,Player Assists,NA,NA,NA,2.5,1.21,Betr,NA,4.2
Miami Heat v Washington Wizards,Miami Heat,Washington Wizards,Player Assists,NA,NA,NA,3.5,1.51,Betr,NA,1.8
Miami Heat v Washington Wizards,Miami Heat,Washington Wizards,Player Assists,NA,NA,NA,3.5,1.51,Betr,NA,2.45
Miami Heat v Washington Wizards,Miami Heat,Washington Wizards,Player Assists,NA,NA,NA,4.5,2.1,Betr,NA,1.71
Miami Heat v Washington Wizards,Miami Heat,Washington Wizards,Player Assists,Bilal Coulibaly,NA,Washington Wizards,2.5,1.38,Betr,Miami Heat,2.9
Miami Heat v Washington Wizards,Miami Heat,Washington Wizards,Player Assists,Tyler Herro,NA,Miami Heat,7.5,2.3,Betr,Washington Wizards,1.56
Miami Heat v Washington Wizards,Miami Heat,Washington Wizards,Player Assists,Tyler Herro,NA,Miami Heat,8.5,3.3,Betr,Washington Wizards,1.31
Miami Heat v Washington Wizards,Miami Heat,Washington Wizards,Player Assists,Davion Mitchell,NA,Miami Heat,3.5,1.34,Betr,Washington Wizards,3.1
Miami Heat v Washington Wizards,Miami Heat,Washington Wizards,Player Assists,Davion Mitchell,NA,Miami Heat,4.5,1.74,Betr,Washington Wizards,2
Miami Heat v Washington Wizards,Miami Heat,Washington Wizards,Player Assists,Davion Mitchell,NA,Miami Heat,5.5,2.5,Betr,Washington Wizards,1.51
Miami Heat v Washington Wizards,Miami Heat,Washington Wizards,Player Assists,Andrew Wiggins,NA,Miami Heat,1.5,1.25,Betr,Washington Wizards,3.8
Memphis Grizzlies v Atlanta Hawks,Memphis Grizzlies,Atlanta Hawks,Player Assists,Desmond Bane,NA,Memphis Grizzlies,3.5,1.19,Betr,Atlanta Hawks,4.4
Memphis Grizzlies v Atlanta Hawks,Memphis Grizzlies,Atlanta Hawks,Player Assists,Desmond Bane,NA,Memphis Grizzlies,4.5,1.43,Betr,Atlanta Hawks,2.7
Memphis Grizzlies v Atlanta Hawks,Memphis Grizzlies,Atlanta Hawks,Player Assists,Desmond Bane,NA,Memphis Grizzlies,5.5,1.87,Betr,Atlanta Hawks,1.87
Memphis Grizzlies v Atlanta Hawks,Memphis Grizzlies,Atlanta Hawks,Player Assists,Desmond Bane,NA,Memphis Grizzlies,6.5,2.65,Betr,Atlanta Hawks,1.45
Memphis Grizzlies v Atlanta Hawks,Memphis Grizzlies,Atlanta Hawks,Player Assists,Desmond Bane,NA,Memphis Grizzlies,7.5,4,Betr,Atlanta Hawks,1.22
Memphis Grizzlies v Atlanta Hawks,Memphis Grizzlies,Atlanta Hawks,Player Assists,Jaren Jackson Jr.,NA,Memphis Grizzlies,1.5,1.45,Betr,Atlanta Hawks,2.6
Memphis Grizzlies v Atlanta Hawks,Memphis Grizzlies,Atlanta Hawks,Player Assists,Santi Aldama,NA,Memphis Grizzlies,1.5,1.28,Betr,Atlanta Hawks,3.5
Memphis Grizzlies v Atlanta Hawks,Memphis Grizzlies,Atlanta Hawks,Player Assists,Santi Aldama,NA,Memphis Grizzlies,2.5,1.83,Betr,Atlanta Hawks,1.91
Memphis Grizzlies v Atlanta Hawks,Memphis Grizzlies,Atlanta Hawks,Player Assists,Santi Aldama,NA,Memphis Grizzlies,3.5,3,Betr,Atlanta Hawks,1.34
Memphis Grizzlies v Atlanta Hawks,Memphis Grizzlies,Atlanta Hawks,Player Assists,Caris LeVert,NA,Atlanta Hawks,1.5,1.28,Betr,Memphis Grizzlies,3.5
Memphis Grizzlies v Atlanta Hawks,Memphis Grizzlies,Atlanta Hawks,Player Assists,Caris LeVert,NA,Atlanta Hawks,2.5,1.83,Betr,Memphis Grizzlies,1.91
Memphis Grizzlies v Atlanta Hawks,Memphis Grizzlies,Atlanta Hawks,Player Assists,Caris LeVert,NA,Atlanta Hawks,3.5,3,Betr,Memphis Grizzlies,1.37
Memphis Grizzlies v Atlanta Hawks,Memphis Grizzlies,Atlanta Hawks,Player Assists,Trae Young,NA,Atlanta Hawks,10.5,1.65,Betr,Memphis Grizzlies,2.15
Memphis Grizzlies v Atlanta Hawks,Memphis Grizzlies,Atlanta Hawks,Player Assists,Trae Young,NA,Atlanta Hawks,11.5,2,Betr,Memphis Grizzlies,1.74
Memphis Grizzlies v Atlanta Hawks,Memphis Grizzlies,Atlanta Hawks,Player Assists,Trae Young,NA,Atlanta Hawks,12.5,2.55,Betr,Memphis Grizzlies,1.45
Memphis Grizzlies v Atlanta Hawks,Memphis Grizzlies,Atlanta Hawks,Player Assists,Dyson Daniels,NA,Atlanta Hawks,2.5,1.2,Betr,Memphis Grizzlies,4.3
Memphis Grizzlies v Atlanta Hawks,Memphis Grizzlies,Atlanta Hawks,Player Assists,Jaren Jackson Jr.,NA,Memphis Grizzlies,0.5,1.1,Betr,Atlanta Hawks,6.5
Memphis Grizzlies v Atlanta Hawks,Memphis Grizzlies,Atlanta Hawks,Player Assists,Ja Morant,NA,Memphis Grizzlies,9.5,3.6,Betr,Atlanta Hawks,1.27
Memphis Grizzlies v Atlanta Hawks,Memphis Grizzlies,Atlanta Hawks,Player Assists,Dyson Daniels,NA,Atlanta Hawks,4.5,2.1,Betr,Memphis Grizzlies,1.69
Memphis Grizzlies v Atlanta Hawks,Memphis Grizzlies,Atlanta Hawks,Player Assists,Onyeka Okongwu,NA,Atlanta Hawks,1.5,1.23,Betr,Memphis Grizzlies,3.8
Memphis Grizzlies v Atlanta Hawks,Memphis Grizzlies,Atlanta Hawks,Player Assists,Onyeka Okongwu,NA,Atlanta Hawks,2.5,1.69,Betr,Memphis Grizzlies,2.1
Memphis Grizzlies v Atlanta Hawks,Memphis Grizzlies,Atlanta Hawks,Player Assists,Onyeka Okongwu,NA,Atlanta Hawks,3.5,2.65,Betr,Memphis Grizzlies,1.45
Memphis Grizzlies v Atlanta Hawks,Memphis Grizzlies,Atlanta Hawks,Player Assists,Trae Young,NA,Atlanta Hawks,8.5,1.22,Betr,Memphis Grizzlies,4
Memphis Grizzlies v Atlanta Hawks,Memphis Grizzlies,Atlanta Hawks,Player Assists,Trae Young,NA,Atlanta Hawks,9.5,1.38,Betr,Memphis Grizzlies,2.9
Memphis Grizzlies v Atlanta Hawks,Memphis Grizzlies,Atlanta Hawks,Player Assists,Jaren Jackson Jr.,NA,Memphis Grizzlies,2.5,2.35,Betr,Atlanta Hawks,1.56
Memphis Grizzlies v Atlanta Hawks,Memphis Grizzlies,Atlanta Hawks,Player Assists,Ja Morant,NA,Memphis Grizzlies,5.5,1.26,Betr,Atlanta Hawks,3.7
Memphis Grizzlies v Atlanta Hawks,Memphis Grizzlies,Atlanta Hawks,Player Assists,Ja Morant,NA,Memphis Grizzlies,6.5,1.51,Betr,Atlanta Hawks,2.5
Memphis Grizzlies v Atlanta Hawks,Memphis Grizzlies,Atlanta Hawks,Player Assists,Ja Morant,NA,Memphis Grizzlies,7.5,1.91,Betr,Atlanta Hawks,1.83
Memphis Grizzlies v Atlanta Hawks,Memphis Grizzlies,Atlanta Hawks,Player Assists,Ja Morant,NA,Memphis Grizzlies,8.5,2.55,Betr,Atlanta Hawks,1.45
Memphis Grizzlies v Atlanta Hawks,Memphis Grizzlies,Atlanta Hawks,Player Assists,Dyson Daniels,NA,Atlanta Hawks,3.5,1.53,Betr,Memphis Grizzlies,2.4
Oklahoma City Thunder v Houston Rockets,Oklahoma City Thunder,Houston Rockets,Player Assists,Shai Gilgeous-Alexander,NA,Oklahoma City Thunder,3.5,1.14,Betr,Houston Rockets,5.25
Oklahoma City Thunder v Houston Rockets,Oklahoma City Thunder,Houston Rockets,Player Assists,Shai Gilgeous-Alexander,NA,Oklahoma City Thunder,4.5,1.34,Betr,Houston Rockets,3.1
Oklahoma City Thunder v Houston Rockets,Oklahoma City Thunder,Houston Rockets,Player Assists,Shai Gilgeous-Alexander,NA,Oklahoma City Thunder,5.5,1.71,Betr,Houston Rockets,2.05
Oklahoma City Thunder v Houston Rockets,Oklahoma City Thunder,Houston Rockets,Player Assists,Shai Gilgeous-Alexander,NA,Oklahoma City Thunder,6.5,2.3,Betr,Houston Rockets,1.56
Oklahoma City Thunder v Houston Rockets,Oklahoma City Thunder,Houston Rockets,Player Assists,Shai Gilgeous-Alexander,NA,Oklahoma City Thunder,7.5,3.4,Betr,Houston Rockets,1.3
Oklahoma City Thunder v Houston Rockets,Oklahoma City Thunder,Houston Rockets,Player Assists,Cason Wallace,NA,Oklahoma City Thunder,0.5,1.13,Betr,Houston Rockets,5.6
Oklahoma City Thunder v Houston Rockets,Oklahoma City Thunder,Houston Rockets,Player Assists,Javonte Green,NA,New Orleans Pelicans,3.5,1.61,Betr,Oklahoma City Thunder,2.2
Oklahoma City Thunder v Houston Rockets,Oklahoma City Thunder,Houston Rockets,Player Assists,Jalen Green,NA,Houston Rockets,3.5,1.61,Betr,Oklahoma City Thunder,2.2
Oklahoma City Thunder v Houston Rockets,Oklahoma City Thunder,Houston Rockets,Player Assists,Javonte Green,NA,New Orleans Pelicans,4.5,2.3,Betr,Oklahoma City Thunder,1.56
Oklahoma City Thunder v Houston Rockets,Oklahoma City Thunder,Houston Rockets,Player Assists,Jalen Green,NA,Houston Rockets,4.5,2.3,Betr,Oklahoma City Thunder,1.56
Oklahoma City Thunder v Houston Rockets,Oklahoma City Thunder,Houston Rockets,Player Assists,NA,NA,NA,3.5,1.28,Betr,NA,3.5
Oklahoma City Thunder v Houston Rockets,Oklahoma City Thunder,Houston Rockets,Player Assists,NA,NA,NA,4.5,1.56,Betr,NA,2.3
Oklahoma City Thunder v Houston Rockets,Oklahoma City Thunder,Houston Rockets,Player Assists,NA,NA,NA,5.5,2.15,Betr,NA,1.65
Oklahoma City Thunder v Houston Rockets,Oklahoma City Thunder,Houston Rockets,Player Assists,NA,NA,NA,6.5,3.2,Betr,NA,1.33
Oklahoma City Thunder v Houston Rockets,Oklahoma City Thunder,Houston Rockets,Player Assists,NA,NA,NA,2.5,1.1,Betr,NA,6.25
Oklahoma City Thunder v Houston Rockets,Oklahoma City Thunder,Houston Rockets,Player Assists,Javonte Green,NA,New Orleans Pelicans,2.5,1.24,Betr,Oklahoma City Thunder,3.8
Oklahoma City Thunder v Houston Rockets,Oklahoma City Thunder,Houston Rockets,Player Assists,Jalen Green,NA,Houston Rockets,2.5,1.24,Betr,Oklahoma City Thunder,3.8
Oklahoma City Thunder v Houston Rockets,Oklahoma City Thunder,Houston Rockets,Player Assists,Jalen Williams,NA,Oklahoma City Thunder,6.5,3.5,Betr,Houston Rockets,1.29
Oklahoma City Thunder v Houston Rockets,Oklahoma City Thunder,Houston Rockets,Player Assists,Alperen Sengun,NA,Houston Rockets,3.5,1.3,Betr,Oklahoma City Thunder,3.3
Oklahoma City Thunder v Houston Rockets,Oklahoma City Thunder,Houston Rockets,Player Assists,Alperen Sengun,NA,Houston Rockets,4.5,1.65,Betr,Oklahoma City Thunder,2.15
Oklahoma City Thunder v Houston Rockets,Oklahoma City Thunder,Houston Rockets,Player Assists,Alperen Sengun,NA,Houston Rockets,5.5,2.3,Betr,Oklahoma City Thunder,1.56
Oklahoma City Thunder v Houston Rockets,Oklahoma City Thunder,Houston Rockets,Player Assists,Alperen Sengun,NA,Houston Rockets,2.5,1.11,Betr,Oklahoma City Thunder,6
Oklahoma City Thunder v Houston Rockets,Oklahoma City Thunder,Houston Rockets,Player Assists,Alperen Sengun,NA,Houston Rockets,6.5,3.4,Betr,Oklahoma City Thunder,1.29
Oklahoma City Thunder v Houston Rockets,Oklahoma City Thunder,Houston Rockets,Player Assists,Cason Wallace,NA,Oklahoma City Thunder,1.5,1.56,Betr,Houston Rockets,2.25
Oklahoma City Thunder v Houston Rockets,Oklahoma City Thunder,Houston Rockets,Player Assists,Cason Wallace,NA,Oklahoma City Thunder,2.5,2.7,Betr,Houston Rockets,1.43
Oklahoma City Thunder v Houston Rockets,Oklahoma City Thunder,Houston Rockets,Player Assists,Jalen Williams,NA,Oklahoma City Thunder,2.5,1.1,Betr,Houston Rockets,6.25
Oklahoma City Thunder v Houston Rockets,Oklahoma City Thunder,Houston Rockets,Player Assists,Jalen Williams,NA,Oklahoma City Thunder,3.5,1.29,Betr,Houston Rockets,3.4
Oklahoma City Thunder v Houston Rockets,Oklahoma City Thunder,Houston Rockets,Player Assists,Jalen Williams,NA,Oklahoma City Thunder,4.5,1.61,Betr,Houston Rockets,2.2
Oklahoma City Thunder v Houston Rockets,Oklahoma City Thunder,Houston Rockets,Player Assists,Jalen Williams,NA,Oklahoma City Thunder,5.5,2.25,Betr,Houston Rockets,1.56
Dallas Mavericks v Sacramento Kings,Dallas Mavericks,Sacramento Kings,Player Assists,Max Christie,NA,Dallas Mavericks,2.5,1.51,Betr,Sacramento Kings,2.45
Dallas Mavericks v Sacramento Kings,Dallas Mavericks,Sacramento Kings,Player Assists,Max Christie,NA,Dallas Mavericks,3.5,2.25,Betr,Sacramento Kings,1.61
Dallas Mavericks v Sacramento Kings,Dallas Mavericks,Sacramento Kings,Player Assists,Kyrie Irving,NA,Dallas Mavericks,3.5,1.3,Betr,Sacramento Kings,3.3
Dallas Mavericks v Sacramento Kings,Dallas Mavericks,Sacramento Kings,Player Assists,Kyrie Irving,NA,Dallas Mavericks,4.5,1.65,Betr,Sacramento Kings,2.15
Dallas Mavericks v Sacramento Kings,Dallas Mavericks,Sacramento Kings,Player Assists,Kyrie Irving,NA,Dallas Mavericks,5.5,2.25,Betr,Sacramento Kings,1.56
Dallas Mavericks v Sacramento Kings,Dallas Mavericks,Sacramento Kings,Player Assists,Naji Marshall,NA,Dallas Mavericks,2.5,1.45,Betr,Sacramento Kings,2.65
Dallas Mavericks v Sacramento Kings,Dallas Mavericks,Sacramento Kings,Player Assists,NA,NA,NA,2.5,2.05,Betr,NA,1.71
Dallas Mavericks v Sacramento Kings,Dallas Mavericks,Sacramento Kings,Player Assists,NA,NA,NA,3.5,3.5,Betr,NA,1.27
Dallas Mavericks v Sacramento Kings,Dallas Mavericks,Sacramento Kings,Player Assists,Naji Marshall,NA,Dallas Mavericks,1.5,1.15,Betr,Sacramento Kings,5.2
Dallas Mavericks v Sacramento Kings,Dallas Mavericks,Sacramento Kings,Player Assists,Danté Exum,NA,Dallas Mavericks,3.5,2.8,Betr,Sacramento Kings,1.4
Dallas Mavericks v Sacramento Kings,Dallas Mavericks,Sacramento Kings,Player Assists,Malik Monk,NA,Sacramento Kings,3.5,1.12,Betr,Dallas Mavericks,5.6
Dallas Mavericks v Sacramento Kings,Dallas Mavericks,Sacramento Kings,Player Assists,Max Christie,NA,Dallas Mavericks,1.5,1.17,Betr,Sacramento Kings,4.7
Dallas Mavericks v Sacramento Kings,Dallas Mavericks,Sacramento Kings,Player Assists,Kyrie Irving,NA,Dallas Mavericks,2.5,1.11,Betr,Sacramento Kings,6
Dallas Mavericks v Sacramento Kings,Dallas Mavericks,Sacramento Kings,Player Assists,Kyrie Irving,NA,Dallas Mavericks,6.5,3.4,Betr,Sacramento Kings,1.29
Dallas Mavericks v Sacramento Kings,Dallas Mavericks,Sacramento Kings,Player Assists,NA,NA,NA,1.5,1.36,Betr,NA,3
Dallas Mavericks v Sacramento Kings,Dallas Mavericks,Sacramento Kings,Player Assists,Malik Monk,NA,Sacramento Kings,7.5,2.85,Betr,Dallas Mavericks,1.4
Dallas Mavericks v Sacramento Kings,Dallas Mavericks,Sacramento Kings,Player Assists,Spencer Dinwiddie,NA,Dallas Mavericks,2.5,1.38,Betr,Sacramento Kings,2.9
Dallas Mavericks v Sacramento Kings,Dallas Mavericks,Sacramento Kings,Player Assists,Spencer Dinwiddie,NA,Dallas Mavericks,3.5,1.87,Betr,Sacramento Kings,1.87
Dallas Mavericks v Sacramento Kings,Dallas Mavericks,Sacramento Kings,Player Assists,Spencer Dinwiddie,NA,Dallas Mavericks,4.5,2.9,Betr,Sacramento Kings,1.38
Dallas Mavericks v Sacramento Kings,Dallas Mavericks,Sacramento Kings,Player Assists,Danté Exum,NA,Dallas Mavericks,1.5,1.26,Betr,Sacramento Kings,3.7
Dallas Mavericks v Sacramento Kings,Dallas Mavericks,Sacramento Kings,Player Assists,Danté Exum,NA,Dallas Mavericks,2.5,1.74,Betr,Sacramento Kings,2.05
Dallas Mavericks v Sacramento Kings,Dallas Mavericks,Sacramento Kings,Player Assists,Zach LaVine,NA,Sacramento Kings,2.5,1.25,Betr,Dallas Mavericks,3.8
Dallas Mavericks v Sacramento Kings,Dallas Mavericks,Sacramento Kings,Player Assists,Zach LaVine,NA,Sacramento Kings,3.5,1.56,Betr,Dallas Mavericks,2.3
Dallas Mavericks v Sacramento Kings,Dallas Mavericks,Sacramento Kings,Player Assists,Zach LaVine,NA,Sacramento Kings,4.5,2.2,Betr,Dallas Mavericks,1.61
Dallas Mavericks v Sacramento Kings,Dallas Mavericks,Sacramento Kings,Player Assists,Malik Monk,NA,Sacramento Kings,4.5,1.29,Betr,Dallas Mavericks,3.5
Dallas Mavericks v Sacramento Kings,Dallas Mavericks,Sacramento Kings,Player Assists,Malik Monk,NA,Sacramento Kings,5.5,1.56,Betr,Dallas Mavericks,2.3
Dallas Mavericks v Sacramento Kings,Dallas Mavericks,Sacramento Kings,Player Assists,Malik Monk,NA,Sacramento Kings,6.5,2.05,Betr,Dallas Mavericks,1.71
Dallas Mavericks v Sacramento Kings,Dallas Mavericks,Sacramento Kings,Player Assists,Naji Marshall,NA,Dallas Mavericks,3.5,2.05,Betr,Sacramento Kings,1.71
Dallas Mavericks v Sacramento Kings,Dallas Mavericks,Sacramento Kings,Player Assists,DeMar DeRozan,NA,Sacramento Kings,2.5,1.13,Betr,Dallas Mavericks,5.4
Dallas Mavericks v Sacramento Kings,Dallas Mavericks,Sacramento Kings,Player Assists,DeMar DeRozan,NA,Sacramento Kings,3.5,1.34,Betr,Dallas Mavericks,3.1
Dallas Mavericks v Sacramento Kings,Dallas Mavericks,Sacramento Kings,Player Assists,DeMar DeRozan,NA,Sacramento Kings,4.5,1.71,Betr,Dallas Mavericks,2.05
Dallas Mavericks v Sacramento Kings,Dallas Mavericks,Sacramento Kings,Player Assists,DeMar DeRozan,NA,Sacramento Kings,5.5,2.4,Betr,Dallas Mavericks,1.53
Dallas Mavericks v Sacramento Kings,Dallas Mavericks,Sacramento Kings,Player Assists,DeMar DeRozan,NA,Sacramento Kings,6.5,3.6,Betr,Dallas Mavericks,1.27
Utah Jazz v Detroit Pistons,Utah Jazz,Detroit Pistons,Player Assists,Cade Cunningham,NA,Detroit Pistons,7.5,1.26,Betr,Utah Jazz,3.7
Utah Jazz v Detroit Pistons,Utah Jazz,Detroit Pistons,Player Assists,Cade Cunningham,NA,Detroit Pistons,8.5,1.45,Betr,Utah Jazz,2.65
Utah Jazz v Detroit Pistons,Utah Jazz,Detroit Pistons,Player Assists,Cade Cunningham,NA,Detroit Pistons,9.5,1.74,Betr,Utah Jazz,1.92
Utah Jazz v Detroit Pistons,Utah Jazz,Detroit Pistons,Player Assists,Cade Cunningham,NA,Detroit Pistons,10.5,2.25,Betr,Utah Jazz,1.61
Utah Jazz v Detroit Pistons,Utah Jazz,Detroit Pistons,Player Assists,Cade Cunningham,NA,Detroit Pistons,11.5,3,Betr,Utah Jazz,1.36
Utah Jazz v Detroit Pistons,Utah Jazz,Detroit Pistons,Player Assists,Jalen Duren,NA,Detroit Pistons,1.5,1.24,Betr,Utah Jazz,3.8
Utah Jazz v Detroit Pistons,Utah Jazz,Detroit Pistons,Player Assists,Isaiah Collier,NA,Utah Jazz,9.5,2.4,Betr,Detroit Pistons,1.54
Utah Jazz v Detroit Pistons,Utah Jazz,Detroit Pistons,Player Assists,Isaiah Collier,NA,Utah Jazz,10.5,3.25,Betr,Detroit Pistons,1.31
Utah Jazz v Detroit Pistons,Utah Jazz,Detroit Pistons,Player Assists,NA,NA,NA,2.5,1.09,Betr,NA,6.5
Utah Jazz v Detroit Pistons,Utah Jazz,Detroit Pistons,Player Assists,Dennis Schröder,NA,Detroit Pistons,3.5,1.42,Betr,Utah Jazz,2.7
Utah Jazz v Detroit Pistons,Utah Jazz,Detroit Pistons,Player Assists,Dennis Schröder,NA,Detroit Pistons,4.5,1.91,Betr,Utah Jazz,1.83
Utah Jazz v Detroit Pistons,Utah Jazz,Detroit Pistons,Player Assists,Dennis Schröder,NA,Detroit Pistons,5.5,2.8,Betr,Utah Jazz,1.4
Utah Jazz v Detroit Pistons,Utah Jazz,Detroit Pistons,Player Assists,NA,NA,NA,4.5,1.54,Betr,NA,2.35
Utah Jazz v Detroit Pistons,Utah Jazz,Detroit Pistons,Player Assists,NA,NA,NA,5.5,2.05,Betr,NA,1.71
Utah Jazz v Detroit Pistons,Utah Jazz,Detroit Pistons,Player Assists,NA,NA,NA,6.5,3,Betr,NA,1.34
Utah Jazz v Detroit Pistons,Utah Jazz,Detroit Pistons,Player Assists,Isaiah Collier,NA,Utah Jazz,6.5,1.27,Betr,Detroit Pistons,3.6
Utah Jazz v Detroit Pistons,Utah Jazz,Detroit Pistons,Player Assists,Isaiah Collier,NA,Utah Jazz,7.5,1.45,Betr,Detroit Pistons,2.5
Utah Jazz v Detroit Pistons,Utah Jazz,Detroit Pistons,Player Assists,Isaiah Collier,NA,Utah Jazz,8.5,1.83,Betr,Detroit Pistons,1.91
Utah Jazz v Detroit Pistons,Utah Jazz,Detroit Pistons,Player Assists,Jalen Duren,NA,Detroit Pistons,2.5,1.71,Betr,Utah Jazz,2.05
Utah Jazz v Detroit Pistons,Utah Jazz,Detroit Pistons,Player Assists,Jalen Duren,NA,Detroit Pistons,3.5,2.8,Betr,Utah Jazz,1.42
Utah Jazz v Detroit Pistons,Utah Jazz,Detroit Pistons,Player Assists,Ausar Thompson,NA,Detroit Pistons,1.5,1.17,Betr,Utah Jazz,4.8
Utah Jazz v Detroit Pistons,Utah Jazz,Detroit Pistons,Player Assists,Ausar Thompson,NA,Detroit Pistons,2.5,1.53,Betr,Utah Jazz,2.4
Utah Jazz v Detroit Pistons,Utah Jazz,Detroit Pistons,Player Assists,Ausar Thompson,NA,Detroit Pistons,3.5,2.3,Betr,Utah Jazz,1.56
Utah Jazz v Detroit Pistons,Utah Jazz,Detroit Pistons,Player Assists,NA,NA,NA,3.5,1.26,Betr,NA,3.7
