match,home_team,away_team,market_name,player_name,player_team,line,over_price,agency,opposition_team,under_price
Washington Wizards v Sacramento Kings,Washington Wizards,Sacramento Kings,Player Points,Kyle Kuzma,Washington Wizards,14.5,1.08,BlueBet,Sacramento Kings,NA
Washington Wizards v Sacramento Kings,Washington Wizards,Sacramento Kings,Player Points,Kyle Kuzma,Washington Wizards,17.5,1.22,BlueBet,Sacramento Kings,NA
Washington Wizards v Sacramento Kings,Washington Wizards,Sacramento Kings,Player Points,Kyle Kuzma,Washington Wizards,19.5,1.4,BlueBet,Sacramento Kings,NA
Washington Wizards v Sacramento Kings,Washington Wizards,Sacramento Kings,Player Points,Kyle Kuzma,Washington Wizards,24.5,2.45,BlueBet,Sacramento Kings,NA
Washington Wizards v Sacramento Kings,Washington Wizards,Sacramento Kings,Player Points,Kyle Kuzma,Washington Wizards,29.5,4.8,BlueBet,Sacramento Kings,NA
Washington Wizards v Sacramento Kings,Washington Wizards,Sacramento Kings,Player Points,Jordan Poole,Washington Wizards,11.5,1.16,BlueBet,Sacramento Kings,NA
Washington Wizards v Sacramento Kings,Washington Wizards,Sacramento Kings,Player Points,Jordan Poole,Washington Wizards,14.5,1.4,BlueBet,Sacramento Kings,NA
Washington Wizards v Sacramento Kings,Washington Wizards,Sacramento Kings,Player Points,Jordan Poole,Washington Wizards,17.5,1.95,BlueBet,Sacramento Kings,NA
Washington Wizards v Sacramento Kings,Washington Wizards,Sacramento Kings,Player Points,Jordan Poole,Washington Wizards,19.5,2.5,BlueBet,Sacramento Kings,NA
Washington Wizards v Sacramento Kings,Washington Wizards,Sacramento Kings,Player Points,Jordan Poole,Washington Wizards,24.5,5,BlueBet,Sacramento Kings,NA
Washington Wizards v Sacramento Kings,Washington Wizards,Sacramento Kings,Player Points,Harrison Barnes,Sacramento Kings,7.5,1.1,BlueBet,Washington Wizards,NA
Washington Wizards v Sacramento Kings,Washington Wizards,Sacramento Kings,Player Points,Harrison Barnes,Sacramento Kings,9.5,1.22,BlueBet,Washington Wizards,NA
Washington Wizards v Sacramento Kings,Washington Wizards,Sacramento Kings,Player Points,Harrison Barnes,Sacramento Kings,11.5,1.42,BlueBet,Washington Wizards,NA
Washington Wizards v Sacramento Kings,Washington Wizards,Sacramento Kings,Player Points,Harrison Barnes,Sacramento Kings,14.5,2.15,BlueBet,Washington Wizards,NA
Washington Wizards v Sacramento Kings,Washington Wizards,Sacramento Kings,Player Points,Harrison Barnes,Sacramento Kings,17.5,3.5,BlueBet,Washington Wizards,NA
Washington Wizards v Sacramento Kings,Washington Wizards,Sacramento Kings,Player Points,Keon Ellis,Sacramento Kings,3.5,1.2,BlueBet,Washington Wizards,NA
Washington Wizards v Sacramento Kings,Washington Wizards,Sacramento Kings,Player Points,Keon Ellis,Sacramento Kings,4.5,1.35,BlueBet,Washington Wizards,NA
Washington Wizards v Sacramento Kings,Washington Wizards,Sacramento Kings,Player Points,Keon Ellis,Sacramento Kings,7.5,2.15,BlueBet,Washington Wizards,NA
Washington Wizards v Sacramento Kings,Washington Wizards,Sacramento Kings,Player Points,Keon Ellis,Sacramento Kings,9.5,3.2,BlueBet,Washington Wizards,NA
Washington Wizards v Sacramento Kings,Washington Wizards,Sacramento Kings,Player Points,Keon Ellis,Sacramento Kings,11.5,4.8,BlueBet,Washington Wizards,NA
Washington Wizards v Sacramento Kings,Washington Wizards,Sacramento Kings,Player Points,De'Aaron Fox,Sacramento Kings,19.5,1.1,BlueBet,Washington Wizards,NA
Washington Wizards v Sacramento Kings,Washington Wizards,Sacramento Kings,Player Points,De'Aaron Fox,Sacramento Kings,24.5,1.4,BlueBet,Washington Wizards,NA
Washington Wizards v Sacramento Kings,Washington Wizards,Sacramento Kings,Player Points,De'Aaron Fox,Sacramento Kings,29.5,2.2,BlueBet,Washington Wizards,NA
Washington Wizards v Sacramento Kings,Washington Wizards,Sacramento Kings,Player Points,De'Aaron Fox,Sacramento Kings,34.5,4.2,BlueBet,Washington Wizards,NA
Washington Wizards v Sacramento Kings,Washington Wizards,Sacramento Kings,Player Points,De'Aaron Fox,Sacramento Kings,39.5,8,BlueBet,Washington Wizards,NA
Washington Wizards v Sacramento Kings,Washington Wizards,Sacramento Kings,Player Points,Keegan Murray,Sacramento Kings,9.5,1.17,BlueBet,Washington Wizards,NA
Washington Wizards v Sacramento Kings,Washington Wizards,Sacramento Kings,Player Points,Keegan Murray,Sacramento Kings,11.5,1.32,BlueBet,Washington Wizards,NA
Washington Wizards v Sacramento Kings,Washington Wizards,Sacramento Kings,Player Points,Keegan Murray,Sacramento Kings,14.5,1.9,BlueBet,Washington Wizards,NA
Washington Wizards v Sacramento Kings,Washington Wizards,Sacramento Kings,Player Points,Keegan Murray,Sacramento Kings,17.5,2.9,BlueBet,Washington Wizards,NA
Washington Wizards v Sacramento Kings,Washington Wizards,Sacramento Kings,Player Points,Keegan Murray,Sacramento Kings,19.5,4,BlueBet,Washington Wizards,NA
Washington Wizards v Sacramento Kings,Washington Wizards,Sacramento Kings,Player Points,Domantas Sabonis,Sacramento Kings,14.5,1.05,BlueBet,Washington Wizards,NA
Washington Wizards v Sacramento Kings,Washington Wizards,Sacramento Kings,Player Points,Domantas Sabonis,Sacramento Kings,17.5,1.19,BlueBet,Washington Wizards,NA
Washington Wizards v Sacramento Kings,Washington Wizards,Sacramento Kings,Player Points,Domantas Sabonis,Sacramento Kings,19.5,1.37,BlueBet,Washington Wizards,NA
Washington Wizards v Sacramento Kings,Washington Wizards,Sacramento Kings,Player Points,Domantas Sabonis,Sacramento Kings,24.5,2.4,BlueBet,Washington Wizards,NA
Washington Wizards v Sacramento Kings,Washington Wizards,Sacramento Kings,Player Points,Domantas Sabonis,Sacramento Kings,29.5,5,BlueBet,Washington Wizards,NA
Washington Wizards v Sacramento Kings,Washington Wizards,Sacramento Kings,Player Points,Malik Monk,Sacramento Kings,14.5,1.27,BlueBet,Washington Wizards,NA
Washington Wizards v Sacramento Kings,Washington Wizards,Sacramento Kings,Player Points,Malik Monk,Sacramento Kings,17.5,1.72,BlueBet,Washington Wizards,NA
Washington Wizards v Sacramento Kings,Washington Wizards,Sacramento Kings,Player Points,Malik Monk,Sacramento Kings,19.5,2.15,BlueBet,Washington Wizards,NA
Washington Wizards v Sacramento Kings,Washington Wizards,Sacramento Kings,Player Points,Malik Monk,Sacramento Kings,24.5,4.6,BlueBet,Washington Wizards,NA
Washington Wizards v Sacramento Kings,Washington Wizards,Sacramento Kings,Player Points,Malik Monk,Sacramento Kings,29.5,9.5,BlueBet,Washington Wizards,NA
Washington Wizards v Sacramento Kings,Washington Wizards,Sacramento Kings,Player Points,Deni Avdija,Washington Wizards,9.5,1.08,BlueBet,Sacramento Kings,NA
Washington Wizards v Sacramento Kings,Washington Wizards,Sacramento Kings,Player Points,Deni Avdija,Washington Wizards,11.5,1.19,BlueBet,Sacramento Kings,NA
Washington Wizards v Sacramento Kings,Washington Wizards,Sacramento Kings,Player Points,Deni Avdija,Washington Wizards,14.5,1.55,BlueBet,Sacramento Kings,NA
Washington Wizards v Sacramento Kings,Washington Wizards,Sacramento Kings,Player Points,Deni Avdija,Washington Wizards,17.5,2.25,BlueBet,Sacramento Kings,NA
Washington Wizards v Sacramento Kings,Washington Wizards,Sacramento Kings,Player Points,Deni Avdija,Washington Wizards,19.5,3,BlueBet,Sacramento Kings,NA
Washington Wizards v Sacramento Kings,Washington Wizards,Sacramento Kings,Player Points,Richaun Holmes,Washington Wizards,3.5,1.03,BlueBet,Sacramento Kings,NA
Washington Wizards v Sacramento Kings,Washington Wizards,Sacramento Kings,Player Points,Richaun Holmes,Washington Wizards,4.5,1.09,BlueBet,Sacramento Kings,NA
Washington Wizards v Sacramento Kings,Washington Wizards,Sacramento Kings,Player Points,Richaun Holmes,Washington Wizards,7.5,1.45,BlueBet,Sacramento Kings,NA
Washington Wizards v Sacramento Kings,Washington Wizards,Sacramento Kings,Player Points,Richaun Holmes,Washington Wizards,9.5,2.05,BlueBet,Sacramento Kings,NA
Washington Wizards v Sacramento Kings,Washington Wizards,Sacramento Kings,Player Points,Richaun Holmes,Washington Wizards,11.5,3.1,BlueBet,Sacramento Kings,NA
Washington Wizards v Sacramento Kings,Washington Wizards,Sacramento Kings,Player Points,Corey Kispert,Washington Wizards,9.5,1.18,BlueBet,Sacramento Kings,NA
Washington Wizards v Sacramento Kings,Washington Wizards,Sacramento Kings,Player Points,Corey Kispert,Washington Wizards,11.5,1.32,BlueBet,Sacramento Kings,NA
Washington Wizards v Sacramento Kings,Washington Wizards,Sacramento Kings,Player Points,Corey Kispert,Washington Wizards,14.5,1.82,BlueBet,Sacramento Kings,NA
Washington Wizards v Sacramento Kings,Washington Wizards,Sacramento Kings,Player Points,Corey Kispert,Washington Wizards,17.5,2.7,BlueBet,Sacramento Kings,NA
Washington Wizards v Sacramento Kings,Washington Wizards,Sacramento Kings,Player Points,Corey Kispert,Washington Wizards,19.5,3.6,BlueBet,Sacramento Kings,NA
Orlando Magic v New Orleans Pelicans,Orlando Magic,New Orleans Pelicans,Player Points,Paolo Banchero,Orlando Magic,14.5,1.11,BlueBet,New Orleans Pelicans,NA
Orlando Magic v New Orleans Pelicans,Orlando Magic,New Orleans Pelicans,Player Points,Paolo Banchero,Orlando Magic,17.5,1.27,BlueBet,New Orleans Pelicans,NA
Orlando Magic v New Orleans Pelicans,Orlando Magic,New Orleans Pelicans,Player Points,Paolo Banchero,Orlando Magic,19.5,1.5,BlueBet,New Orleans Pelicans,NA
Orlando Magic v New Orleans Pelicans,Orlando Magic,New Orleans Pelicans,Player Points,Paolo Banchero,Orlando Magic,24.5,2.8,BlueBet,New Orleans Pelicans,NA
Orlando Magic v New Orleans Pelicans,Orlando Magic,New Orleans Pelicans,Player Points,Paolo Banchero,Orlando Magic,29.5,5.5,BlueBet,New Orleans Pelicans,NA
Orlando Magic v New Orleans Pelicans,Orlando Magic,New Orleans Pelicans,Player Points,Wendell Carter Jr.,Orlando Magic,7.5,1.19,BlueBet,New Orleans Pelicans,NA
Orlando Magic v New Orleans Pelicans,Orlando Magic,New Orleans Pelicans,Player Points,Wendell Carter Jr.,Orlando Magic,9.5,1.42,BlueBet,New Orleans Pelicans,NA
Orlando Magic v New Orleans Pelicans,Orlando Magic,New Orleans Pelicans,Player Points,Wendell Carter Jr.,Orlando Magic,11.5,1.9,BlueBet,New Orleans Pelicans,NA
Orlando Magic v New Orleans Pelicans,Orlando Magic,New Orleans Pelicans,Player Points,Wendell Carter Jr.,Orlando Magic,14.5,3.1,BlueBet,New Orleans Pelicans,NA
Orlando Magic v New Orleans Pelicans,Orlando Magic,New Orleans Pelicans,Player Points,Wendell Carter Jr.,Orlando Magic,17.5,5,BlueBet,New Orleans Pelicans,NA
Orlando Magic v New Orleans Pelicans,Orlando Magic,New Orleans Pelicans,Player Points,Jalen Suggs,Orlando Magic,7.5,1.22,BlueBet,New Orleans Pelicans,NA
Orlando Magic v New Orleans Pelicans,Orlando Magic,New Orleans Pelicans,Player Points,Jalen Suggs,Orlando Magic,9.5,1.5,BlueBet,New Orleans Pelicans,NA
Orlando Magic v New Orleans Pelicans,Orlando Magic,New Orleans Pelicans,Player Points,Jalen Suggs,Orlando Magic,11.5,1.9,BlueBet,New Orleans Pelicans,NA
Orlando Magic v New Orleans Pelicans,Orlando Magic,New Orleans Pelicans,Player Points,Jalen Suggs,Orlando Magic,14.5,3.1,BlueBet,New Orleans Pelicans,NA
Orlando Magic v New Orleans Pelicans,Orlando Magic,New Orleans Pelicans,Player Points,Jalen Suggs,Orlando Magic,17.5,5,BlueBet,New Orleans Pelicans,NA
Orlando Magic v New Orleans Pelicans,Orlando Magic,New Orleans Pelicans,Player Points,Franz Wagner,Orlando Magic,11.5,1.13,BlueBet,New Orleans Pelicans,NA
Orlando Magic v New Orleans Pelicans,Orlando Magic,New Orleans Pelicans,Player Points,Franz Wagner,Orlando Magic,14.5,1.35,BlueBet,New Orleans Pelicans,NA
Orlando Magic v New Orleans Pelicans,Orlando Magic,New Orleans Pelicans,Player Points,Franz Wagner,Orlando Magic,17.5,1.85,BlueBet,New Orleans Pelicans,NA
Orlando Magic v New Orleans Pelicans,Orlando Magic,New Orleans Pelicans,Player Points,Franz Wagner,Orlando Magic,19.5,2.45,BlueBet,New Orleans Pelicans,NA
Orlando Magic v New Orleans Pelicans,Orlando Magic,New Orleans Pelicans,Player Points,Franz Wagner,Orlando Magic,24.5,5,BlueBet,New Orleans Pelicans,NA
Orlando Magic v New Orleans Pelicans,Orlando Magic,New Orleans Pelicans,Player Points,Brandon Ingram,New Orleans Pelicans,11.5,1.07,BlueBet,Orlando Magic,NA
Orlando Magic v New Orleans Pelicans,Orlando Magic,New Orleans Pelicans,Player Points,Brandon Ingram,New Orleans Pelicans,14.5,1.25,BlueBet,Orlando Magic,NA
Orlando Magic v New Orleans Pelicans,Orlando Magic,New Orleans Pelicans,Player Points,Brandon Ingram,New Orleans Pelicans,17.5,1.65,BlueBet,Orlando Magic,NA
Orlando Magic v New Orleans Pelicans,Orlando Magic,New Orleans Pelicans,Player Points,Brandon Ingram,New Orleans Pelicans,19.5,2.1,BlueBet,Orlando Magic,NA
Orlando Magic v New Orleans Pelicans,Orlando Magic,New Orleans Pelicans,Player Points,Brandon Ingram,New Orleans Pelicans,24.5,4.5,BlueBet,Orlando Magic,NA
Orlando Magic v New Orleans Pelicans,Orlando Magic,New Orleans Pelicans,Player Points,Herbert Jones,New Orleans Pelicans,4.5,1.13,BlueBet,Orlando Magic,NA
Orlando Magic v New Orleans Pelicans,Orlando Magic,New Orleans Pelicans,Player Points,Herbert Jones,New Orleans Pelicans,7.5,1.5,BlueBet,Orlando Magic,NA
Orlando Magic v New Orleans Pelicans,Orlando Magic,New Orleans Pelicans,Player Points,Herbert Jones,New Orleans Pelicans,9.5,2.05,BlueBet,Orlando Magic,NA
Orlando Magic v New Orleans Pelicans,Orlando Magic,New Orleans Pelicans,Player Points,Herbert Jones,New Orleans Pelicans,11.5,2.9,BlueBet,Orlando Magic,NA
Orlando Magic v New Orleans Pelicans,Orlando Magic,New Orleans Pelicans,Player Points,Herbert Jones,New Orleans Pelicans,14.5,5,BlueBet,Orlando Magic,NA
Orlando Magic v New Orleans Pelicans,Orlando Magic,New Orleans Pelicans,Player Points,CJ McCollum,New Orleans Pelicans,9.5,1.13,BlueBet,Orlando Magic,NA
Orlando Magic v New Orleans Pelicans,Orlando Magic,New Orleans Pelicans,Player Points,CJ McCollum,New Orleans Pelicans,11.5,1.25,BlueBet,Orlando Magic,NA
Orlando Magic v New Orleans Pelicans,Orlando Magic,New Orleans Pelicans,Player Points,CJ McCollum,New Orleans Pelicans,14.5,1.65,BlueBet,Orlando Magic,NA
Orlando Magic v New Orleans Pelicans,Orlando Magic,New Orleans Pelicans,Player Points,CJ McCollum,New Orleans Pelicans,17.5,2.35,BlueBet,Orlando Magic,NA
Orlando Magic v New Orleans Pelicans,Orlando Magic,New Orleans Pelicans,Player Points,CJ McCollum,New Orleans Pelicans,19.5,3.1,BlueBet,Orlando Magic,NA
Orlando Magic v New Orleans Pelicans,Orlando Magic,New Orleans Pelicans,Player Points,Zion Williamson,New Orleans Pelicans,17.5,1.18,BlueBet,Orlando Magic,NA
Orlando Magic v New Orleans Pelicans,Orlando Magic,New Orleans Pelicans,Player Points,Zion Williamson,New Orleans Pelicans,19.5,1.32,BlueBet,Orlando Magic,NA
Orlando Magic v New Orleans Pelicans,Orlando Magic,New Orleans Pelicans,Player Points,Zion Williamson,New Orleans Pelicans,24.5,2.15,BlueBet,Orlando Magic,NA
Orlando Magic v New Orleans Pelicans,Orlando Magic,New Orleans Pelicans,Player Points,Zion Williamson,New Orleans Pelicans,29.5,4.5,BlueBet,Orlando Magic,NA
Orlando Magic v New Orleans Pelicans,Orlando Magic,New Orleans Pelicans,Player Points,Zion Williamson,New Orleans Pelicans,34.5,9.5,BlueBet,Orlando Magic,NA
Orlando Magic v New Orleans Pelicans,Orlando Magic,New Orleans Pelicans,Player Points,Jonathan Isaac,Orlando Magic,3.5,1.18,BlueBet,New Orleans Pelicans,NA
Orlando Magic v New Orleans Pelicans,Orlando Magic,New Orleans Pelicans,Player Points,Jonathan Isaac,Orlando Magic,4.5,1.3,BlueBet,New Orleans Pelicans,NA
Orlando Magic v New Orleans Pelicans,Orlando Magic,New Orleans Pelicans,Player Points,Jonathan Isaac,Orlando Magic,7.5,2.1,BlueBet,New Orleans Pelicans,NA
Orlando Magic v New Orleans Pelicans,Orlando Magic,New Orleans Pelicans,Player Points,Jonathan Isaac,Orlando Magic,9.5,3.2,BlueBet,New Orleans Pelicans,NA
Orlando Magic v New Orleans Pelicans,Orlando Magic,New Orleans Pelicans,Player Points,Jonathan Isaac,Orlando Magic,11.5,4.8,BlueBet,New Orleans Pelicans,NA
Orlando Magic v New Orleans Pelicans,Orlando Magic,New Orleans Pelicans,Player Points,Cole Anthony,Orlando Magic,4.5,1.13,BlueBet,New Orleans Pelicans,NA
Orlando Magic v New Orleans Pelicans,Orlando Magic,New Orleans Pelicans,Player Points,Cole Anthony,Orlando Magic,7.5,1.5,BlueBet,New Orleans Pelicans,NA
Orlando Magic v New Orleans Pelicans,Orlando Magic,New Orleans Pelicans,Player Points,Cole Anthony,Orlando Magic,9.5,2.05,BlueBet,New Orleans Pelicans,NA
Orlando Magic v New Orleans Pelicans,Orlando Magic,New Orleans Pelicans,Player Points,Cole Anthony,Orlando Magic,11.5,2.9,BlueBet,New Orleans Pelicans,NA
Orlando Magic v New Orleans Pelicans,Orlando Magic,New Orleans Pelicans,Player Points,Cole Anthony,Orlando Magic,14.5,5,BlueBet,New Orleans Pelicans,NA
Orlando Magic v New Orleans Pelicans,Orlando Magic,New Orleans Pelicans,Player Points,Gary Harris,Orlando Magic,3.5,1.27,BlueBet,New Orleans Pelicans,NA
Orlando Magic v New Orleans Pelicans,Orlando Magic,New Orleans Pelicans,Player Points,Gary Harris,Orlando Magic,4.5,1.4,BlueBet,New Orleans Pelicans,NA
Orlando Magic v New Orleans Pelicans,Orlando Magic,New Orleans Pelicans,Player Points,Gary Harris,Orlando Magic,7.5,2.35,BlueBet,New Orleans Pelicans,NA
Orlando Magic v New Orleans Pelicans,Orlando Magic,New Orleans Pelicans,Player Points,Gary Harris,Orlando Magic,9.5,3.6,BlueBet,New Orleans Pelicans,NA
Orlando Magic v New Orleans Pelicans,Orlando Magic,New Orleans Pelicans,Player Points,Gary Harris,Orlando Magic,11.5,5,BlueBet,New Orleans Pelicans,NA
Orlando Magic v New Orleans Pelicans,Orlando Magic,New Orleans Pelicans,Player Points,Joe Ingles,Orlando Magic,3.5,2,BlueBet,New Orleans Pelicans,NA
Orlando Magic v New Orleans Pelicans,Orlando Magic,New Orleans Pelicans,Player Points,Joe Ingles,Orlando Magic,4.5,2.4,BlueBet,New Orleans Pelicans,NA
Orlando Magic v New Orleans Pelicans,Orlando Magic,New Orleans Pelicans,Player Points,Joe Ingles,Orlando Magic,7.5,5,BlueBet,New Orleans Pelicans,NA
Orlando Magic v New Orleans Pelicans,Orlando Magic,New Orleans Pelicans,Player Points,Moritz Wagner,Orlando Magic,3.5,1.09,BlueBet,New Orleans Pelicans,NA
Orlando Magic v New Orleans Pelicans,Orlando Magic,New Orleans Pelicans,Player Points,Moritz Wagner,Orlando Magic,4.5,1.19,BlueBet,New Orleans Pelicans,NA
Orlando Magic v New Orleans Pelicans,Orlando Magic,New Orleans Pelicans,Player Points,Moritz Wagner,Orlando Magic,7.5,1.77,BlueBet,New Orleans Pelicans,NA
Orlando Magic v New Orleans Pelicans,Orlando Magic,New Orleans Pelicans,Player Points,Moritz Wagner,Orlando Magic,9.5,2.6,BlueBet,New Orleans Pelicans,NA
Orlando Magic v New Orleans Pelicans,Orlando Magic,New Orleans Pelicans,Player Points,Moritz Wagner,Orlando Magic,11.5,4.2,BlueBet,New Orleans Pelicans,NA
Orlando Magic v New Orleans Pelicans,Orlando Magic,New Orleans Pelicans,Player Points,Jose Alvarado,New Orleans Pelicans,3.5,1.37,BlueBet,Orlando Magic,NA
Orlando Magic v New Orleans Pelicans,Orlando Magic,New Orleans Pelicans,Player Points,Jose Alvarado,New Orleans Pelicans,4.5,1.6,BlueBet,Orlando Magic,NA
Orlando Magic v New Orleans Pelicans,Orlando Magic,New Orleans Pelicans,Player Points,Jose Alvarado,New Orleans Pelicans,7.5,2.9,BlueBet,Orlando Magic,NA
Orlando Magic v New Orleans Pelicans,Orlando Magic,New Orleans Pelicans,Player Points,Jose Alvarado,New Orleans Pelicans,9.5,4.6,BlueBet,Orlando Magic,NA
Orlando Magic v New Orleans Pelicans,Orlando Magic,New Orleans Pelicans,Player Points,Naji Marshall,New Orleans Pelicans,3.5,1.3,BlueBet,Orlando Magic,NA
Orlando Magic v New Orleans Pelicans,Orlando Magic,New Orleans Pelicans,Player Points,Naji Marshall,New Orleans Pelicans,4.5,1.5,BlueBet,Orlando Magic,NA
Orlando Magic v New Orleans Pelicans,Orlando Magic,New Orleans Pelicans,Player Points,Naji Marshall,New Orleans Pelicans,7.5,2.8,BlueBet,Orlando Magic,NA
Orlando Magic v New Orleans Pelicans,Orlando Magic,New Orleans Pelicans,Player Points,Naji Marshall,New Orleans Pelicans,9.5,4.6,BlueBet,Orlando Magic,NA
Orlando Magic v New Orleans Pelicans,Orlando Magic,New Orleans Pelicans,Player Points,Trey Murphy III,New Orleans Pelicans,9.5,1.32,BlueBet,Orlando Magic,NA
Orlando Magic v New Orleans Pelicans,Orlando Magic,New Orleans Pelicans,Player Points,Trey Murphy III,New Orleans Pelicans,11.5,1.65,BlueBet,Orlando Magic,NA
Orlando Magic v New Orleans Pelicans,Orlando Magic,New Orleans Pelicans,Player Points,Trey Murphy III,New Orleans Pelicans,14.5,2.45,BlueBet,Orlando Magic,NA
Orlando Magic v New Orleans Pelicans,Orlando Magic,New Orleans Pelicans,Player Points,Trey Murphy III,New Orleans Pelicans,17.5,3.9,BlueBet,Orlando Magic,NA
Orlando Magic v New Orleans Pelicans,Orlando Magic,New Orleans Pelicans,Player Points,Trey Murphy III,New Orleans Pelicans,19.5,5,BlueBet,Orlando Magic,NA
Orlando Magic v New Orleans Pelicans,Orlando Magic,New Orleans Pelicans,Player Points,Larry Nance Jr.,New Orleans Pelicans,3.5,1.2,BlueBet,Orlando Magic,NA
Orlando Magic v New Orleans Pelicans,Orlando Magic,New Orleans Pelicans,Player Points,Larry Nance Jr.,New Orleans Pelicans,4.5,1.37,BlueBet,Orlando Magic,NA
Orlando Magic v New Orleans Pelicans,Orlando Magic,New Orleans Pelicans,Player Points,Larry Nance Jr.,New Orleans Pelicans,7.5,2.5,BlueBet,Orlando Magic,NA
Orlando Magic v New Orleans Pelicans,Orlando Magic,New Orleans Pelicans,Player Points,Larry Nance Jr.,New Orleans Pelicans,9.5,4,BlueBet,Orlando Magic,NA
Orlando Magic v New Orleans Pelicans,Orlando Magic,New Orleans Pelicans,Player Points,Larry Nance Jr.,New Orleans Pelicans,11.5,6.5,BlueBet,Orlando Magic,NA
Houston Rockets v Chicago Bulls,Houston Rockets,Chicago Bulls,Player Points,Dillon Brooks,Houston Rockets,7.5,1.13,BlueBet,Chicago Bulls,NA
Houston Rockets v Chicago Bulls,Houston Rockets,Chicago Bulls,Player Points,Dillon Brooks,Houston Rockets,9.5,1.32,BlueBet,Chicago Bulls,NA
Houston Rockets v Chicago Bulls,Houston Rockets,Chicago Bulls,Player Points,Dillon Brooks,Houston Rockets,11.5,1.65,BlueBet,Chicago Bulls,NA
Houston Rockets v Chicago Bulls,Houston Rockets,Chicago Bulls,Player Points,Dillon Brooks,Houston Rockets,14.5,2.5,BlueBet,Chicago Bulls,NA
Houston Rockets v Chicago Bulls,Houston Rockets,Chicago Bulls,Player Points,Dillon Brooks,Houston Rockets,17.5,4,BlueBet,Chicago Bulls,NA
Houston Rockets v Chicago Bulls,Houston Rockets,Chicago Bulls,Player Points,Jalen Green,Houston Rockets,17.5,1.13,BlueBet,Chicago Bulls,NA
Houston Rockets v Chicago Bulls,Houston Rockets,Chicago Bulls,Player Points,Jalen Green,Houston Rockets,19.5,1.25,BlueBet,Chicago Bulls,NA
Houston Rockets v Chicago Bulls,Houston Rockets,Chicago Bulls,Player Points,Jalen Green,Houston Rockets,24.5,1.85,BlueBet,Chicago Bulls,NA
Houston Rockets v Chicago Bulls,Houston Rockets,Chicago Bulls,Player Points,Jalen Green,Houston Rockets,29.5,3.5,BlueBet,Chicago Bulls,NA
Houston Rockets v Chicago Bulls,Houston Rockets,Chicago Bulls,Player Points,Jalen Green,Houston Rockets,34.5,6.5,BlueBet,Chicago Bulls,NA
Houston Rockets v Chicago Bulls,Houston Rockets,Chicago Bulls,Player Points,Jabari Smith Jr.,Houston Rockets,9.5,1.11,BlueBet,Chicago Bulls,NA
Houston Rockets v Chicago Bulls,Houston Rockets,Chicago Bulls,Player Points,Jabari Smith Jr.,Houston Rockets,11.5,1.22,BlueBet,Chicago Bulls,NA
Houston Rockets v Chicago Bulls,Houston Rockets,Chicago Bulls,Player Points,Jabari Smith Jr.,Houston Rockets,14.5,1.65,BlueBet,Chicago Bulls,NA
Houston Rockets v Chicago Bulls,Houston Rockets,Chicago Bulls,Player Points,Jabari Smith Jr.,Houston Rockets,17.5,2.4,BlueBet,Chicago Bulls,NA
Houston Rockets v Chicago Bulls,Houston Rockets,Chicago Bulls,Player Points,Jabari Smith Jr.,Houston Rockets,19.5,3.3,BlueBet,Chicago Bulls,NA
Houston Rockets v Chicago Bulls,Houston Rockets,Chicago Bulls,Player Points,NA,NA,7.5,1.09,BlueBet,NA,NA
Houston Rockets v Chicago Bulls,Houston Rockets,Chicago Bulls,Player Points,NA,NA,9.5,1.25,BlueBet,NA,NA
Houston Rockets v Chicago Bulls,Houston Rockets,Chicago Bulls,Player Points,NA,NA,11.5,1.5,BlueBet,NA,NA
Houston Rockets v Chicago Bulls,Houston Rockets,Chicago Bulls,Player Points,NA,NA,14.5,2.45,BlueBet,NA,NA
Houston Rockets v Chicago Bulls,Houston Rockets,Chicago Bulls,Player Points,NA,NA,17.5,4.4,BlueBet,NA,NA
Houston Rockets v Chicago Bulls,Houston Rockets,Chicago Bulls,Player Points,Fred VanVleet,Houston Rockets,11.5,1.13,BlueBet,Chicago Bulls,NA
Houston Rockets v Chicago Bulls,Houston Rockets,Chicago Bulls,Player Points,Fred VanVleet,Houston Rockets,14.5,1.35,BlueBet,Chicago Bulls,NA
Houston Rockets v Chicago Bulls,Houston Rockets,Chicago Bulls,Player Points,Fred VanVleet,Houston Rockets,17.5,1.82,BlueBet,Chicago Bulls,NA
Houston Rockets v Chicago Bulls,Houston Rockets,Chicago Bulls,Player Points,Fred VanVleet,Houston Rockets,19.5,2.3,BlueBet,Chicago Bulls,NA
Houston Rockets v Chicago Bulls,Houston Rockets,Chicago Bulls,Player Points,Fred VanVleet,Houston Rockets,24.5,4.6,BlueBet,Chicago Bulls,NA
Houston Rockets v Chicago Bulls,Houston Rockets,Chicago Bulls,Player Points,DeMar DeRozan,Chicago Bulls,17.5,1.18,BlueBet,Houston Rockets,NA
Houston Rockets v Chicago Bulls,Houston Rockets,Chicago Bulls,Player Points,DeMar DeRozan,Chicago Bulls,19.5,1.3,BlueBet,Houston Rockets,NA
Houston Rockets v Chicago Bulls,Houston Rockets,Chicago Bulls,Player Points,DeMar DeRozan,Chicago Bulls,24.5,2.05,BlueBet,Houston Rockets,NA
Houston Rockets v Chicago Bulls,Houston Rockets,Chicago Bulls,Player Points,DeMar DeRozan,Chicago Bulls,29.5,4.2,BlueBet,Houston Rockets,NA
Houston Rockets v Chicago Bulls,Houston Rockets,Chicago Bulls,Player Points,DeMar DeRozan,Chicago Bulls,34.5,9,BlueBet,Houston Rockets,NA
Houston Rockets v Chicago Bulls,Houston Rockets,Chicago Bulls,Player Points,Ayo Dosunmu,Chicago Bulls,9.5,1.13,BlueBet,Houston Rockets,NA
Houston Rockets v Chicago Bulls,Houston Rockets,Chicago Bulls,Player Points,Ayo Dosunmu,Chicago Bulls,11.5,1.25,BlueBet,Houston Rockets,NA
Houston Rockets v Chicago Bulls,Houston Rockets,Chicago Bulls,Player Points,Ayo Dosunmu,Chicago Bulls,14.5,1.75,BlueBet,Houston Rockets,NA
Houston Rockets v Chicago Bulls,Houston Rockets,Chicago Bulls,Player Points,Ayo Dosunmu,Chicago Bulls,17.5,2.6,BlueBet,Houston Rockets,NA
Houston Rockets v Chicago Bulls,Houston Rockets,Chicago Bulls,Player Points,Ayo Dosunmu,Chicago Bulls,19.5,3.6,BlueBet,Houston Rockets,NA
Houston Rockets v Chicago Bulls,Houston Rockets,Chicago Bulls,Player Points,Nikola Vucevic,Chicago Bulls,11.5,1.04,BlueBet,Houston Rockets,NA
Houston Rockets v Chicago Bulls,Houston Rockets,Chicago Bulls,Player Points,Nikola Vucevic,Chicago Bulls,14.5,1.18,BlueBet,Houston Rockets,NA
Houston Rockets v Chicago Bulls,Houston Rockets,Chicago Bulls,Player Points,Nikola Vucevic,Chicago Bulls,17.5,1.42,BlueBet,Houston Rockets,NA
Houston Rockets v Chicago Bulls,Houston Rockets,Chicago Bulls,Player Points,Nikola Vucevic,Chicago Bulls,19.5,1.82,BlueBet,Houston Rockets,NA
Houston Rockets v Chicago Bulls,Houston Rockets,Chicago Bulls,Player Points,Nikola Vucevic,Chicago Bulls,24.5,3.6,BlueBet,Houston Rockets,NA
Houston Rockets v Chicago Bulls,Houston Rockets,Chicago Bulls,Player Points,Jock Landale,Houston Rockets,3.5,1.05,BlueBet,Chicago Bulls,NA
Houston Rockets v Chicago Bulls,Houston Rockets,Chicago Bulls,Player Points,Jock Landale,Houston Rockets,4.5,1.13,BlueBet,Chicago Bulls,NA
Houston Rockets v Chicago Bulls,Houston Rockets,Chicago Bulls,Player Points,Jock Landale,Houston Rockets,7.5,1.62,BlueBet,Chicago Bulls,NA
Houston Rockets v Chicago Bulls,Houston Rockets,Chicago Bulls,Player Points,Jock Landale,Houston Rockets,9.5,2.35,BlueBet,Chicago Bulls,NA
Houston Rockets v Chicago Bulls,Houston Rockets,Chicago Bulls,Player Points,Jock Landale,Houston Rockets,11.5,3.6,BlueBet,Chicago Bulls,NA
Houston Rockets v Chicago Bulls,Houston Rockets,Chicago Bulls,Player Points,Jeff Green,Houston Rockets,3.5,1.25,BlueBet,Chicago Bulls,NA
Houston Rockets v Chicago Bulls,Houston Rockets,Chicago Bulls,Player Points,Jeff Green,Houston Rockets,4.5,1.45,BlueBet,Chicago Bulls,NA
Houston Rockets v Chicago Bulls,Houston Rockets,Chicago Bulls,Player Points,Jeff Green,Houston Rockets,7.5,2.75,BlueBet,Chicago Bulls,NA
Houston Rockets v Chicago Bulls,Houston Rockets,Chicago Bulls,Player Points,Jeff Green,Houston Rockets,9.5,4.5,BlueBet,Chicago Bulls,NA
Houston Rockets v Chicago Bulls,Houston Rockets,Chicago Bulls,Player Points,Aaron Holiday,Houston Rockets,3.5,1.5,BlueBet,Chicago Bulls,NA
Houston Rockets v Chicago Bulls,Houston Rockets,Chicago Bulls,Player Points,Aaron Holiday,Houston Rockets,4.5,1.77,BlueBet,Chicago Bulls,NA
Houston Rockets v Chicago Bulls,Houston Rockets,Chicago Bulls,Player Points,Aaron Holiday,Houston Rockets,7.5,3.6,BlueBet,Chicago Bulls,NA
Houston Rockets v Chicago Bulls,Houston Rockets,Chicago Bulls,Player Points,Aaron Holiday,Houston Rockets,9.5,5.5,BlueBet,Chicago Bulls,NA
Houston Rockets v Chicago Bulls,Houston Rockets,Chicago Bulls,Player Points,Jae'Sean Tate,Houston Rockets,3.5,1.7,BlueBet,Chicago Bulls,NA
Houston Rockets v Chicago Bulls,Houston Rockets,Chicago Bulls,Player Points,Jae'Sean Tate,Houston Rockets,4.5,2.15,BlueBet,Chicago Bulls,NA
Houston Rockets v Chicago Bulls,Houston Rockets,Chicago Bulls,Player Points,Jae'Sean Tate,Houston Rockets,7.5,5,BlueBet,Chicago Bulls,NA
Milwaukee Bucks v Brooklyn Nets,Milwaukee Bucks,Brooklyn Nets,Player Points,Giannis Antetokounmpo,Milwaukee Bucks,19.5,1.01,BlueBet,Brooklyn Nets,NA
Milwaukee Bucks v Brooklyn Nets,Milwaukee Bucks,Brooklyn Nets,Player Points,Giannis Antetokounmpo,Milwaukee Bucks,24.5,1.13,BlueBet,Brooklyn Nets,NA
Milwaukee Bucks v Brooklyn Nets,Milwaukee Bucks,Brooklyn Nets,Player Points,Giannis Antetokounmpo,Milwaukee Bucks,29.5,1.45,BlueBet,Brooklyn Nets,NA
Milwaukee Bucks v Brooklyn Nets,Milwaukee Bucks,Brooklyn Nets,Player Points,Giannis Antetokounmpo,Milwaukee Bucks,34.5,2.3,BlueBet,Brooklyn Nets,NA
Milwaukee Bucks v Brooklyn Nets,Milwaukee Bucks,Brooklyn Nets,Player Points,Giannis Antetokounmpo,Milwaukee Bucks,39.5,4.5,BlueBet,Brooklyn Nets,NA
Milwaukee Bucks v Brooklyn Nets,Milwaukee Bucks,Brooklyn Nets,Player Points,Mikal Bridges,Brooklyn Nets,11.5,1.16,BlueBet,Milwaukee Bucks,NA
Milwaukee Bucks v Brooklyn Nets,Milwaukee Bucks,Brooklyn Nets,Player Points,Mikal Bridges,Brooklyn Nets,14.5,1.4,BlueBet,Milwaukee Bucks,NA
Milwaukee Bucks v Brooklyn Nets,Milwaukee Bucks,Brooklyn Nets,Player Points,Mikal Bridges,Brooklyn Nets,17.5,1.95,BlueBet,Milwaukee Bucks,NA
Milwaukee Bucks v Brooklyn Nets,Milwaukee Bucks,Brooklyn Nets,Player Points,Mikal Bridges,Brooklyn Nets,19.5,2.5,BlueBet,Milwaukee Bucks,NA
Milwaukee Bucks v Brooklyn Nets,Milwaukee Bucks,Brooklyn Nets,Player Points,Mikal Bridges,Brooklyn Nets,24.5,5,BlueBet,Milwaukee Bucks,NA
Milwaukee Bucks v Brooklyn Nets,Milwaukee Bucks,Brooklyn Nets,Player Points,Dennis Schroder,Brooklyn Nets,9.5,1.2,BlueBet,Milwaukee Bucks,NA
Milwaukee Bucks v Brooklyn Nets,Milwaukee Bucks,Brooklyn Nets,Player Points,Dennis Schroder,Brooklyn Nets,11.5,1.4,BlueBet,Milwaukee Bucks,NA
Milwaukee Bucks v Brooklyn Nets,Milwaukee Bucks,Brooklyn Nets,Player Points,Dennis Schroder,Brooklyn Nets,14.5,2.05,BlueBet,Milwaukee Bucks,NA
Milwaukee Bucks v Brooklyn Nets,Milwaukee Bucks,Brooklyn Nets,Player Points,Dennis Schroder,Brooklyn Nets,17.5,3.3,BlueBet,Milwaukee Bucks,NA
Milwaukee Bucks v Brooklyn Nets,Milwaukee Bucks,Brooklyn Nets,Player Points,Dennis Schroder,Brooklyn Nets,19.5,4.6,BlueBet,Milwaukee Bucks,NA
Milwaukee Bucks v Brooklyn Nets,Milwaukee Bucks,Brooklyn Nets,Player Points,Cam Thomas,Brooklyn Nets,17.5,1.19,BlueBet,Milwaukee Bucks,NA
Milwaukee Bucks v Brooklyn Nets,Milwaukee Bucks,Brooklyn Nets,Player Points,Cam Thomas,Brooklyn Nets,19.5,1.35,BlueBet,Milwaukee Bucks,NA
Milwaukee Bucks v Brooklyn Nets,Milwaukee Bucks,Brooklyn Nets,Player Points,Cam Thomas,Brooklyn Nets,24.5,2.15,BlueBet,Milwaukee Bucks,NA
Milwaukee Bucks v Brooklyn Nets,Milwaukee Bucks,Brooklyn Nets,Player Points,Cam Thomas,Brooklyn Nets,29.5,4.4,BlueBet,Milwaukee Bucks,NA
Milwaukee Bucks v Brooklyn Nets,Milwaukee Bucks,Brooklyn Nets,Player Points,Cam Thomas,Brooklyn Nets,34.5,9,BlueBet,Milwaukee Bucks,NA
Milwaukee Bucks v Brooklyn Nets,Milwaukee Bucks,Brooklyn Nets,Player Points,Nic Claxton,Brooklyn Nets,7.5,1.17,BlueBet,Milwaukee Bucks,NA
Milwaukee Bucks v Brooklyn Nets,Milwaukee Bucks,Brooklyn Nets,Player Points,Nic Claxton,Brooklyn Nets,9.5,1.4,BlueBet,Milwaukee Bucks,NA
Milwaukee Bucks v Brooklyn Nets,Milwaukee Bucks,Brooklyn Nets,Player Points,Nic Claxton,Brooklyn Nets,11.5,1.9,BlueBet,Milwaukee Bucks,NA
Milwaukee Bucks v Brooklyn Nets,Milwaukee Bucks,Brooklyn Nets,Player Points,Nic Claxton,Brooklyn Nets,14.5,3.3,BlueBet,Milwaukee Bucks,NA
Milwaukee Bucks v Brooklyn Nets,Milwaukee Bucks,Brooklyn Nets,Player Points,Nic Claxton,Brooklyn Nets,17.5,6,BlueBet,Milwaukee Bucks,NA
Milwaukee Bucks v Brooklyn Nets,Milwaukee Bucks,Brooklyn Nets,Player Points,Damian Lillard,Milwaukee Bucks,17.5,1.05,BlueBet,Brooklyn Nets,NA
Milwaukee Bucks v Brooklyn Nets,Milwaukee Bucks,Brooklyn Nets,Player Points,Damian Lillard,Milwaukee Bucks,19.5,1.13,BlueBet,Brooklyn Nets,NA
Milwaukee Bucks v Brooklyn Nets,Milwaukee Bucks,Brooklyn Nets,Player Points,Damian Lillard,Milwaukee Bucks,24.5,1.5,BlueBet,Brooklyn Nets,NA
Milwaukee Bucks v Brooklyn Nets,Milwaukee Bucks,Brooklyn Nets,Player Points,Damian Lillard,Milwaukee Bucks,29.5,2.4,BlueBet,Brooklyn Nets,NA
Milwaukee Bucks v Brooklyn Nets,Milwaukee Bucks,Brooklyn Nets,Player Points,Damian Lillard,Milwaukee Bucks,34.5,4.5,BlueBet,Brooklyn Nets,NA
Milwaukee Bucks v Brooklyn Nets,Milwaukee Bucks,Brooklyn Nets,Player Points,Malik Beasley,Milwaukee Bucks,7.5,1.2,BlueBet,Brooklyn Nets,NA
Milwaukee Bucks v Brooklyn Nets,Milwaukee Bucks,Brooklyn Nets,Player Points,Malik Beasley,Milwaukee Bucks,9.5,1.45,BlueBet,Brooklyn Nets,NA
Milwaukee Bucks v Brooklyn Nets,Milwaukee Bucks,Brooklyn Nets,Player Points,Malik Beasley,Milwaukee Bucks,11.5,1.85,BlueBet,Brooklyn Nets,NA
Milwaukee Bucks v Brooklyn Nets,Milwaukee Bucks,Brooklyn Nets,Player Points,Malik Beasley,Milwaukee Bucks,14.5,2.8,BlueBet,Brooklyn Nets,NA
Milwaukee Bucks v Brooklyn Nets,Milwaukee Bucks,Brooklyn Nets,Player Points,Malik Beasley,Milwaukee Bucks,17.5,4.6,BlueBet,Brooklyn Nets,NA
Milwaukee Bucks v Brooklyn Nets,Milwaukee Bucks,Brooklyn Nets,Player Points,Brook Lopez,Milwaukee Bucks,4.5,1.05,BlueBet,Brooklyn Nets,NA
Milwaukee Bucks v Brooklyn Nets,Milwaukee Bucks,Brooklyn Nets,Player Points,Brook Lopez,Milwaukee Bucks,7.5,1.25,BlueBet,Brooklyn Nets,NA
Milwaukee Bucks v Brooklyn Nets,Milwaukee Bucks,Brooklyn Nets,Player Points,Brook Lopez,Milwaukee Bucks,9.5,1.6,BlueBet,Brooklyn Nets,NA
Milwaukee Bucks v Brooklyn Nets,Milwaukee Bucks,Brooklyn Nets,Player Points,Brook Lopez,Milwaukee Bucks,11.5,2.1,BlueBet,Brooklyn Nets,NA
Milwaukee Bucks v Brooklyn Nets,Milwaukee Bucks,Brooklyn Nets,Player Points,Brook Lopez,Milwaukee Bucks,14.5,3.6,BlueBet,Brooklyn Nets,NA
Dallas Mavericks v Utah Jazz,Dallas Mavericks,Utah Jazz,Player Points,Luka Doncic,Dallas Mavericks,24.5,1.05,BlueBet,Utah Jazz,NA
Dallas Mavericks v Utah Jazz,Dallas Mavericks,Utah Jazz,Player Points,Luka Doncic,Dallas Mavericks,29.5,1.25,BlueBet,Utah Jazz,NA
Dallas Mavericks v Utah Jazz,Dallas Mavericks,Utah Jazz,Player Points,Luka Doncic,Dallas Mavericks,34.5,1.75,BlueBet,Utah Jazz,NA
Dallas Mavericks v Utah Jazz,Dallas Mavericks,Utah Jazz,Player Points,Luka Doncic,Dallas Mavericks,39.5,2.8,BlueBet,Utah Jazz,NA
Dallas Mavericks v Utah Jazz,Dallas Mavericks,Utah Jazz,Player Points,Luka Doncic,Dallas Mavericks,44.5,4.8,BlueBet,Utah Jazz,NA
Dallas Mavericks v Utah Jazz,Dallas Mavericks,Utah Jazz,Player Points,Daniel Gafford,Dallas Mavericks,7.5,1.12,BlueBet,Utah Jazz,NA
Dallas Mavericks v Utah Jazz,Dallas Mavericks,Utah Jazz,Player Points,Daniel Gafford,Dallas Mavericks,9.5,1.3,BlueBet,Utah Jazz,NA
Dallas Mavericks v Utah Jazz,Dallas Mavericks,Utah Jazz,Player Points,Daniel Gafford,Dallas Mavericks,11.5,1.7,BlueBet,Utah Jazz,NA
Dallas Mavericks v Utah Jazz,Dallas Mavericks,Utah Jazz,Player Points,Daniel Gafford,Dallas Mavericks,14.5,2.8,BlueBet,Utah Jazz,NA
Dallas Mavericks v Utah Jazz,Dallas Mavericks,Utah Jazz,Player Points,Daniel Gafford,Dallas Mavericks,17.5,5,BlueBet,Utah Jazz,NA
Dallas Mavericks v Utah Jazz,Dallas Mavericks,Utah Jazz,Player Points,Kyrie Irving,Dallas Mavericks,17.5,1.11,BlueBet,Utah Jazz,NA
Dallas Mavericks v Utah Jazz,Dallas Mavericks,Utah Jazz,Player Points,Kyrie Irving,Dallas Mavericks,19.5,1.2,BlueBet,Utah Jazz,NA
Dallas Mavericks v Utah Jazz,Dallas Mavericks,Utah Jazz,Player Points,Kyrie Irving,Dallas Mavericks,24.5,1.72,BlueBet,Utah Jazz,NA
Dallas Mavericks v Utah Jazz,Dallas Mavericks,Utah Jazz,Player Points,Kyrie Irving,Dallas Mavericks,29.5,3,BlueBet,Utah Jazz,NA
Dallas Mavericks v Utah Jazz,Dallas Mavericks,Utah Jazz,Player Points,Kyrie Irving,Dallas Mavericks,34.5,6,BlueBet,Utah Jazz,NA
Dallas Mavericks v Utah Jazz,Dallas Mavericks,Utah Jazz,Player Points,Derrick Jones Jr.,Dallas Mavericks,3.5,1.13,BlueBet,Utah Jazz,NA
Dallas Mavericks v Utah Jazz,Dallas Mavericks,Utah Jazz,Player Points,Derrick Jones Jr.,Dallas Mavericks,4.5,1.22,BlueBet,Utah Jazz,NA
Dallas Mavericks v Utah Jazz,Dallas Mavericks,Utah Jazz,Player Points,Derrick Jones Jr.,Dallas Mavericks,7.5,1.9,BlueBet,Utah Jazz,NA
Dallas Mavericks v Utah Jazz,Dallas Mavericks,Utah Jazz,Player Points,Derrick Jones Jr.,Dallas Mavericks,9.5,2.85,BlueBet,Utah Jazz,NA
Dallas Mavericks v Utah Jazz,Dallas Mavericks,Utah Jazz,Player Points,Derrick Jones Jr.,Dallas Mavericks,11.5,4.6,BlueBet,Utah Jazz,NA
Dallas Mavericks v Utah Jazz,Dallas Mavericks,Utah Jazz,Player Points,P.J. Washington,Dallas Mavericks,7.5,1.2,BlueBet,Utah Jazz,NA
Dallas Mavericks v Utah Jazz,Dallas Mavericks,Utah Jazz,Player Points,P.J. Washington,Dallas Mavericks,9.5,1.42,BlueBet,Utah Jazz,NA
Dallas Mavericks v Utah Jazz,Dallas Mavericks,Utah Jazz,Player Points,P.J. Washington,Dallas Mavericks,11.5,1.9,BlueBet,Utah Jazz,NA
Dallas Mavericks v Utah Jazz,Dallas Mavericks,Utah Jazz,Player Points,P.J. Washington,Dallas Mavericks,14.5,3.1,BlueBet,Utah Jazz,NA
Dallas Mavericks v Utah Jazz,Dallas Mavericks,Utah Jazz,Player Points,P.J. Washington,Dallas Mavericks,17.5,5,BlueBet,Utah Jazz,NA
Dallas Mavericks v Utah Jazz,Dallas Mavericks,Utah Jazz,Player Points,Lauri Markkanen,Utah Jazz,17.5,1.2,BlueBet,Dallas Mavericks,NA
Dallas Mavericks v Utah Jazz,Dallas Mavericks,Utah Jazz,Player Points,Lauri Markkanen,Utah Jazz,19.5,1.35,BlueBet,Dallas Mavericks,NA
Dallas Mavericks v Utah Jazz,Dallas Mavericks,Utah Jazz,Player Points,Lauri Markkanen,Utah Jazz,24.5,2.15,BlueBet,Dallas Mavericks,NA
Dallas Mavericks v Utah Jazz,Dallas Mavericks,Utah Jazz,Player Points,Lauri Markkanen,Utah Jazz,29.5,4.2,BlueBet,Dallas Mavericks,NA
Dallas Mavericks v Utah Jazz,Dallas Mavericks,Utah Jazz,Player Points,Lauri Markkanen,Utah Jazz,34.5,8.5,BlueBet,Dallas Mavericks,NA
Dallas Mavericks v Utah Jazz,Dallas Mavericks,Utah Jazz,Player Points,Keyonte George,Utah Jazz,11.5,1.15,BlueBet,Dallas Mavericks,NA
Dallas Mavericks v Utah Jazz,Dallas Mavericks,Utah Jazz,Player Points,Keyonte George,Utah Jazz,14.5,1.4,BlueBet,Dallas Mavericks,NA
Dallas Mavericks v Utah Jazz,Dallas Mavericks,Utah Jazz,Player Points,Keyonte George,Utah Jazz,17.5,1.95,BlueBet,Dallas Mavericks,NA
Dallas Mavericks v Utah Jazz,Dallas Mavericks,Utah Jazz,Player Points,Keyonte George,Utah Jazz,19.5,2.5,BlueBet,Dallas Mavericks,NA
Dallas Mavericks v Utah Jazz,Dallas Mavericks,Utah Jazz,Player Points,Keyonte George,Utah Jazz,24.5,5,BlueBet,Dallas Mavericks,NA
Dallas Mavericks v Utah Jazz,Dallas Mavericks,Utah Jazz,Player Points,Taylor Hendricks,Utah Jazz,4.5,1.12,BlueBet,Dallas Mavericks,NA
Dallas Mavericks v Utah Jazz,Dallas Mavericks,Utah Jazz,Player Points,Taylor Hendricks,Utah Jazz,7.5,1.45,BlueBet,Dallas Mavericks,NA
Dallas Mavericks v Utah Jazz,Dallas Mavericks,Utah Jazz,Player Points,Taylor Hendricks,Utah Jazz,9.5,1.95,BlueBet,Dallas Mavericks,NA
Dallas Mavericks v Utah Jazz,Dallas Mavericks,Utah Jazz,Player Points,Taylor Hendricks,Utah Jazz,11.5,2.8,BlueBet,Dallas Mavericks,NA
Dallas Mavericks v Utah Jazz,Dallas Mavericks,Utah Jazz,Player Points,Taylor Hendricks,Utah Jazz,14.5,4.8,BlueBet,Dallas Mavericks,NA
Dallas Mavericks v Utah Jazz,Dallas Mavericks,Utah Jazz,Player Points,Dante Exum,Dallas Mavericks,3.5,1.1,BlueBet,Utah Jazz,NA
Dallas Mavericks v Utah Jazz,Dallas Mavericks,Utah Jazz,Player Points,Dante Exum,Dallas Mavericks,4.5,1.19,BlueBet,Utah Jazz,NA
Dallas Mavericks v Utah Jazz,Dallas Mavericks,Utah Jazz,Player Points,Dante Exum,Dallas Mavericks,7.5,1.77,BlueBet,Utah Jazz,NA
Dallas Mavericks v Utah Jazz,Dallas Mavericks,Utah Jazz,Player Points,Dante Exum,Dallas Mavericks,9.5,2.55,BlueBet,Utah Jazz,NA
Dallas Mavericks v Utah Jazz,Dallas Mavericks,Utah Jazz,Player Points,Dante Exum,Dallas Mavericks,11.5,3.9,BlueBet,Utah Jazz,NA
Dallas Mavericks v Utah Jazz,Dallas Mavericks,Utah Jazz,Player Points,Dereck Lively II,Dallas Mavericks,4.5,1.1,BlueBet,Utah Jazz,NA
Dallas Mavericks v Utah Jazz,Dallas Mavericks,Utah Jazz,Player Points,Dereck Lively II,Dallas Mavericks,7.5,1.5,BlueBet,Utah Jazz,NA
Dallas Mavericks v Utah Jazz,Dallas Mavericks,Utah Jazz,Player Points,Dereck Lively II,Dallas Mavericks,9.5,2.1,BlueBet,Utah Jazz,NA
Dallas Mavericks v Utah Jazz,Dallas Mavericks,Utah Jazz,Player Points,Dereck Lively II,Dallas Mavericks,11.5,3.2,BlueBet,Utah Jazz,NA
Dallas Mavericks v Utah Jazz,Dallas Mavericks,Utah Jazz,Player Points,Dereck Lively II,Dallas Mavericks,14.5,6.5,BlueBet,Utah Jazz,NA
Dallas Mavericks v Utah Jazz,Dallas Mavericks,Utah Jazz,Player Points,Tim Hardaway Jr.,Dallas Mavericks,4.5,1.16,BlueBet,Utah Jazz,NA
Dallas Mavericks v Utah Jazz,Dallas Mavericks,Utah Jazz,Player Points,Tim Hardaway Jr.,Dallas Mavericks,7.5,1.55,BlueBet,Utah Jazz,NA
Dallas Mavericks v Utah Jazz,Dallas Mavericks,Utah Jazz,Player Points,Tim Hardaway Jr.,Dallas Mavericks,9.5,2.05,BlueBet,Utah Jazz,NA
Dallas Mavericks v Utah Jazz,Dallas Mavericks,Utah Jazz,Player Points,Tim Hardaway Jr.,Dallas Mavericks,11.5,2.9,BlueBet,Utah Jazz,NA
Dallas Mavericks v Utah Jazz,Dallas Mavericks,Utah Jazz,Player Points,Tim Hardaway Jr.,Dallas Mavericks,14.5,4.8,BlueBet,Utah Jazz,NA
Dallas Mavericks v Utah Jazz,Dallas Mavericks,Utah Jazz,Player Points,Maxi Kleber,Dallas Mavericks,3.5,1.95,BlueBet,Utah Jazz,NA
Dallas Mavericks v Utah Jazz,Dallas Mavericks,Utah Jazz,Player Points,Maxi Kleber,Dallas Mavericks,4.5,2.45,BlueBet,Utah Jazz,NA
Dallas Mavericks v Utah Jazz,Dallas Mavericks,Utah Jazz,Player Points,Maxi Kleber,Dallas Mavericks,7.5,5,BlueBet,Utah Jazz,NA
Dallas Mavericks v Utah Jazz,Dallas Mavericks,Utah Jazz,Player Points,Collin Sexton,Utah Jazz,17.5,1.3,BlueBet,Dallas Mavericks,NA
Dallas Mavericks v Utah Jazz,Dallas Mavericks,Utah Jazz,Player Points,Collin Sexton,Utah Jazz,19.5,1.5,BlueBet,Dallas Mavericks,NA
Dallas Mavericks v Utah Jazz,Dallas Mavericks,Utah Jazz,Player Points,Collin Sexton,Utah Jazz,24.5,2.8,BlueBet,Dallas Mavericks,NA
Dallas Mavericks v Utah Jazz,Dallas Mavericks,Utah Jazz,Player Points,Collin Sexton,Utah Jazz,29.5,5.5,BlueBet,Dallas Mavericks,NA
Dallas Mavericks v Utah Jazz,Dallas Mavericks,Utah Jazz,Player Points,Collin Sexton,Utah Jazz,34.5,14,BlueBet,Dallas Mavericks,NA
Denver Nuggets v New York Knicks,Denver Nuggets,New York Knicks,Player Points,Kentavious Caldwell-Pope,Denver Nuggets,4.5,1.11,BlueBet,New York Knicks,NA
Denver Nuggets v New York Knicks,Denver Nuggets,New York Knicks,Player Points,Kentavious Caldwell-Pope,Denver Nuggets,7.5,1.42,BlueBet,New York Knicks,NA
Denver Nuggets v New York Knicks,Denver Nuggets,New York Knicks,Player Points,Kentavious Caldwell-Pope,Denver Nuggets,9.5,1.9,BlueBet,New York Knicks,NA
Denver Nuggets v New York Knicks,Denver Nuggets,New York Knicks,Player Points,Kentavious Caldwell-Pope,Denver Nuggets,11.5,2.6,BlueBet,New York Knicks,NA
Denver Nuggets v New York Knicks,Denver Nuggets,New York Knicks,Player Points,Kentavious Caldwell-Pope,Denver Nuggets,14.5,4.6,BlueBet,New York Knicks,NA
Denver Nuggets v New York Knicks,Denver Nuggets,New York Knicks,Player Points,Aaron Gordon,Denver Nuggets,7.5,1.05,BlueBet,New York Knicks,NA
Denver Nuggets v New York Knicks,Denver Nuggets,New York Knicks,Player Points,Aaron Gordon,Denver Nuggets,9.5,1.18,BlueBet,New York Knicks,NA
Denver Nuggets v New York Knicks,Denver Nuggets,New York Knicks,Player Points,Aaron Gordon,Denver Nuggets,11.5,1.4,BlueBet,New York Knicks,NA
Denver Nuggets v New York Knicks,Denver Nuggets,New York Knicks,Player Points,Aaron Gordon,Denver Nuggets,14.5,2.1,BlueBet,New York Knicks,NA
Denver Nuggets v New York Knicks,Denver Nuggets,New York Knicks,Player Points,Aaron Gordon,Denver Nuggets,17.5,3.6,BlueBet,New York Knicks,NA
Denver Nuggets v New York Knicks,Denver Nuggets,New York Knicks,Player Points,Nikola Jokic,Denver Nuggets,17.5,1.05,BlueBet,New York Knicks,NA
Denver Nuggets v New York Knicks,Denver Nuggets,New York Knicks,Player Points,Nikola Jokic,Denver Nuggets,19.5,1.15,BlueBet,New York Knicks,NA
Denver Nuggets v New York Knicks,Denver Nuggets,New York Knicks,Player Points,Nikola Jokic,Denver Nuggets,24.5,1.6,BlueBet,New York Knicks,NA
Denver Nuggets v New York Knicks,Denver Nuggets,New York Knicks,Player Points,Nikola Jokic,Denver Nuggets,29.5,2.8,BlueBet,New York Knicks,NA
Denver Nuggets v New York Knicks,Denver Nuggets,New York Knicks,Player Points,Nikola Jokic,Denver Nuggets,34.5,5,BlueBet,New York Knicks,NA
Denver Nuggets v New York Knicks,Denver Nuggets,New York Knicks,Player Points,Jamal Murray,Denver Nuggets,14.5,1.13,BlueBet,New York Knicks,NA
Denver Nuggets v New York Knicks,Denver Nuggets,New York Knicks,Player Points,Jamal Murray,Denver Nuggets,17.5,1.35,BlueBet,New York Knicks,NA
Denver Nuggets v New York Knicks,Denver Nuggets,New York Knicks,Player Points,Jamal Murray,Denver Nuggets,19.5,1.62,BlueBet,New York Knicks,NA
Denver Nuggets v New York Knicks,Denver Nuggets,New York Knicks,Player Points,Jamal Murray,Denver Nuggets,24.5,2.9,BlueBet,New York Knicks,NA
Denver Nuggets v New York Knicks,Denver Nuggets,New York Knicks,Player Points,Jamal Murray,Denver Nuggets,29.5,5.5,BlueBet,New York Knicks,NA
Denver Nuggets v New York Knicks,Denver Nuggets,New York Knicks,Player Points,Michael Porter Jr.,Denver Nuggets,11.5,1.17,BlueBet,New York Knicks,NA
Denver Nuggets v New York Knicks,Denver Nuggets,New York Knicks,Player Points,Michael Porter Jr.,Denver Nuggets,14.5,1.4,BlueBet,New York Knicks,NA
Denver Nuggets v New York Knicks,Denver Nuggets,New York Knicks,Player Points,Michael Porter Jr.,Denver Nuggets,17.5,1.97,BlueBet,New York Knicks,NA
Denver Nuggets v New York Knicks,Denver Nuggets,New York Knicks,Player Points,Michael Porter Jr.,Denver Nuggets,19.5,2.6,BlueBet,New York Knicks,NA
Denver Nuggets v New York Knicks,Denver Nuggets,New York Knicks,Player Points,Michael Porter Jr.,Denver Nuggets,24.5,5,BlueBet,New York Knicks,NA
Denver Nuggets v New York Knicks,Denver Nuggets,New York Knicks,Player Points,Jalen Brunson,New York Knicks,19.5,1.05,BlueBet,Denver Nuggets,NA
Denver Nuggets v New York Knicks,Denver Nuggets,New York Knicks,Player Points,Jalen Brunson,New York Knicks,24.5,1.3,BlueBet,Denver Nuggets,NA
Denver Nuggets v New York Knicks,Denver Nuggets,New York Knicks,Player Points,Jalen Brunson,New York Knicks,29.5,1.95,BlueBet,Denver Nuggets,NA
Denver Nuggets v New York Knicks,Denver Nuggets,New York Knicks,Player Points,Jalen Brunson,New York Knicks,34.5,3.5,BlueBet,Denver Nuggets,NA
Denver Nuggets v New York Knicks,Denver Nuggets,New York Knicks,Player Points,Jalen Brunson,New York Knicks,39.5,6.5,BlueBet,Denver Nuggets,NA
Denver Nuggets v New York Knicks,Denver Nuggets,New York Knicks,Player Points,Donte DiVincenzo,New York Knicks,11.5,1.2,BlueBet,Denver Nuggets,NA
Denver Nuggets v New York Knicks,Denver Nuggets,New York Knicks,Player Points,Donte DiVincenzo,New York Knicks,14.5,1.5,BlueBet,Denver Nuggets,NA
Denver Nuggets v New York Knicks,Denver Nuggets,New York Knicks,Player Points,Donte DiVincenzo,New York Knicks,17.5,2.05,BlueBet,Denver Nuggets,NA
Denver Nuggets v New York Knicks,Denver Nuggets,New York Knicks,Player Points,Donte DiVincenzo,New York Knicks,19.5,2.75,BlueBet,Denver Nuggets,NA
Denver Nuggets v New York Knicks,Denver Nuggets,New York Knicks,Player Points,Donte DiVincenzo,New York Knicks,24.5,5,BlueBet,Denver Nuggets,NA
Denver Nuggets v New York Knicks,Denver Nuggets,New York Knicks,Player Points,Josh Hart,New York Knicks,7.5,1.15,BlueBet,Denver Nuggets,NA
Denver Nuggets v New York Knicks,Denver Nuggets,New York Knicks,Player Points,Josh Hart,New York Knicks,9.5,1.32,BlueBet,Denver Nuggets,NA
Denver Nuggets v New York Knicks,Denver Nuggets,New York Knicks,Player Points,Josh Hart,New York Knicks,11.5,1.72,BlueBet,Denver Nuggets,NA
Denver Nuggets v New York Knicks,Denver Nuggets,New York Knicks,Player Points,Josh Hart,New York Knicks,14.5,2.8,BlueBet,Denver Nuggets,NA
Denver Nuggets v New York Knicks,Denver Nuggets,New York Knicks,Player Points,Josh Hart,New York Knicks,17.5,4.8,BlueBet,Denver Nuggets,NA
Denver Nuggets v New York Knicks,Denver Nuggets,New York Knicks,Player Points,Isaiah Hartenstein,New York Knicks,3.5,1.11,BlueBet,Denver Nuggets,NA
Denver Nuggets v New York Knicks,Denver Nuggets,New York Knicks,Player Points,Isaiah Hartenstein,New York Knicks,4.5,1.22,BlueBet,Denver Nuggets,NA
Denver Nuggets v New York Knicks,Denver Nuggets,New York Knicks,Player Points,Isaiah Hartenstein,New York Knicks,7.5,2,BlueBet,Denver Nuggets,NA
Denver Nuggets v New York Knicks,Denver Nuggets,New York Knicks,Player Points,Isaiah Hartenstein,New York Knicks,9.5,3.3,BlueBet,Denver Nuggets,NA
Denver Nuggets v New York Knicks,Denver Nuggets,New York Knicks,Player Points,Isaiah Hartenstein,New York Knicks,11.5,5,BlueBet,Denver Nuggets,NA
Denver Nuggets v New York Knicks,Denver Nuggets,New York Knicks,Player Points,Christian Braun,Denver Nuggets,3.5,1.32,BlueBet,New York Knicks,NA
Denver Nuggets v New York Knicks,Denver Nuggets,New York Knicks,Player Points,Christian Braun,Denver Nuggets,4.5,1.55,BlueBet,New York Knicks,NA
Denver Nuggets v New York Knicks,Denver Nuggets,New York Knicks,Player Points,Christian Braun,Denver Nuggets,7.5,2.9,BlueBet,New York Knicks,NA
Denver Nuggets v New York Knicks,Denver Nuggets,New York Knicks,Player Points,Christian Braun,Denver Nuggets,9.5,4.6,BlueBet,New York Knicks,NA
Denver Nuggets v New York Knicks,Denver Nuggets,New York Knicks,Player Points,Reggie Jackson,Denver Nuggets,3.5,1.32,BlueBet,New York Knicks,NA
Denver Nuggets v New York Knicks,Denver Nuggets,New York Knicks,Player Points,Reggie Jackson,Denver Nuggets,4.5,1.5,BlueBet,New York Knicks,NA
Denver Nuggets v New York Knicks,Denver Nuggets,New York Knicks,Player Points,Reggie Jackson,Denver Nuggets,7.5,2.85,BlueBet,New York Knicks,NA
Denver Nuggets v New York Knicks,Denver Nuggets,New York Knicks,Player Points,Reggie Jackson,Denver Nuggets,9.5,4.6,BlueBet,New York Knicks,NA
Denver Nuggets v New York Knicks,Denver Nuggets,New York Knicks,Player Points,Peyton Watson,Denver Nuggets,3.5,1.3,BlueBet,New York Knicks,NA
Denver Nuggets v New York Knicks,Denver Nuggets,New York Knicks,Player Points,Peyton Watson,Denver Nuggets,4.5,1.5,BlueBet,New York Knicks,NA
Denver Nuggets v New York Knicks,Denver Nuggets,New York Knicks,Player Points,Peyton Watson,Denver Nuggets,7.5,2.8,BlueBet,New York Knicks,NA
Denver Nuggets v New York Knicks,Denver Nuggets,New York Knicks,Player Points,Peyton Watson,Denver Nuggets,9.5,4.5,BlueBet,New York Knicks,NA
Denver Nuggets v New York Knicks,Denver Nuggets,New York Knicks,Player Points,Alec Burks,New York Knicks,3.5,1.22,BlueBet,Denver Nuggets,NA
Denver Nuggets v New York Knicks,Denver Nuggets,New York Knicks,Player Points,Alec Burks,New York Knicks,4.5,1.37,BlueBet,Denver Nuggets,NA
Denver Nuggets v New York Knicks,Denver Nuggets,New York Knicks,Player Points,Alec Burks,New York Knicks,7.5,2.3,BlueBet,Denver Nuggets,NA
Denver Nuggets v New York Knicks,Denver Nuggets,New York Knicks,Player Points,Alec Burks,New York Knicks,9.5,3.5,BlueBet,Denver Nuggets,NA
Denver Nuggets v New York Knicks,Denver Nuggets,New York Knicks,Player Points,Alec Burks,New York Knicks,11.5,5,BlueBet,Denver Nuggets,NA
Denver Nuggets v New York Knicks,Denver Nuggets,New York Knicks,Player Points,NA,NA,4.5,1.19,BlueBet,NA,NA
Denver Nuggets v New York Knicks,Denver Nuggets,New York Knicks,Player Points,NA,NA,7.5,1.7,BlueBet,NA,NA
Denver Nuggets v New York Knicks,Denver Nuggets,New York Knicks,Player Points,NA,NA,9.5,2.35,BlueBet,NA,NA
Denver Nuggets v New York Knicks,Denver Nuggets,New York Knicks,Player Points,NA,NA,11.5,3.4,BlueBet,NA,NA
Denver Nuggets v New York Knicks,Denver Nuggets,New York Knicks,Player Points,NA,NA,14.5,6,BlueBet,NA,NA
Phoenix Suns v Atlanta Hawks,Phoenix Suns,Atlanta Hawks,Player Points,Grayson Allen,Phoenix Suns,9.5,1.22,BlueBet,Atlanta Hawks,NA
Phoenix Suns v Atlanta Hawks,Phoenix Suns,Atlanta Hawks,Player Points,Grayson Allen,Phoenix Suns,11.5,1.4,BlueBet,Atlanta Hawks,NA
Phoenix Suns v Atlanta Hawks,Phoenix Suns,Atlanta Hawks,Player Points,Grayson Allen,Phoenix Suns,14.5,1.97,BlueBet,Atlanta Hawks,NA
Phoenix Suns v Atlanta Hawks,Phoenix Suns,Atlanta Hawks,Player Points,Grayson Allen,Phoenix Suns,17.5,3,BlueBet,Atlanta Hawks,NA
Phoenix Suns v Atlanta Hawks,Phoenix Suns,Atlanta Hawks,Player Points,Grayson Allen,Phoenix Suns,19.5,4,BlueBet,Atlanta Hawks,NA
Phoenix Suns v Atlanta Hawks,Phoenix Suns,Atlanta Hawks,Player Points,Bradley Beal,Phoenix Suns,11.5,1.11,BlueBet,Atlanta Hawks,NA
Phoenix Suns v Atlanta Hawks,Phoenix Suns,Atlanta Hawks,Player Points,Bradley Beal,Phoenix Suns,14.5,1.32,BlueBet,Atlanta Hawks,NA
Phoenix Suns v Atlanta Hawks,Phoenix Suns,Atlanta Hawks,Player Points,Bradley Beal,Phoenix Suns,17.5,1.77,BlueBet,Atlanta Hawks,NA
Phoenix Suns v Atlanta Hawks,Phoenix Suns,Atlanta Hawks,Player Points,Bradley Beal,Phoenix Suns,19.5,2.3,BlueBet,Atlanta Hawks,NA
Phoenix Suns v Atlanta Hawks,Phoenix Suns,Atlanta Hawks,Player Points,Bradley Beal,Phoenix Suns,24.5,4.8,BlueBet,Atlanta Hawks,NA
Phoenix Suns v Atlanta Hawks,Phoenix Suns,Atlanta Hawks,Player Points,Devin Booker,Phoenix Suns,17.5,1.08,BlueBet,Atlanta Hawks,NA
Phoenix Suns v Atlanta Hawks,Phoenix Suns,Atlanta Hawks,Player Points,Devin Booker,Phoenix Suns,19.5,1.17,BlueBet,Atlanta Hawks,NA
Phoenix Suns v Atlanta Hawks,Phoenix Suns,Atlanta Hawks,Player Points,Devin Booker,Phoenix Suns,24.5,1.6,BlueBet,Atlanta Hawks,NA
Phoenix Suns v Atlanta Hawks,Phoenix Suns,Atlanta Hawks,Player Points,Devin Booker,Phoenix Suns,29.5,2.75,BlueBet,Atlanta Hawks,NA
Phoenix Suns v Atlanta Hawks,Phoenix Suns,Atlanta Hawks,Player Points,Devin Booker,Phoenix Suns,34.5,5,BlueBet,Atlanta Hawks,NA
Phoenix Suns v Atlanta Hawks,Phoenix Suns,Atlanta Hawks,Player Points,Kevin Durant,Phoenix Suns,17.5,1.09,BlueBet,Atlanta Hawks,NA
Phoenix Suns v Atlanta Hawks,Phoenix Suns,Atlanta Hawks,Player Points,Kevin Durant,Phoenix Suns,19.5,1.18,BlueBet,Atlanta Hawks,NA
Phoenix Suns v Atlanta Hawks,Phoenix Suns,Atlanta Hawks,Player Points,Kevin Durant,Phoenix Suns,24.5,1.65,BlueBet,Atlanta Hawks,NA
Phoenix Suns v Atlanta Hawks,Phoenix Suns,Atlanta Hawks,Player Points,Kevin Durant,Phoenix Suns,29.5,2.85,BlueBet,Atlanta Hawks,NA
Phoenix Suns v Atlanta Hawks,Phoenix Suns,Atlanta Hawks,Player Points,Kevin Durant,Phoenix Suns,34.5,5,BlueBet,Atlanta Hawks,NA
Phoenix Suns v Atlanta Hawks,Phoenix Suns,Atlanta Hawks,Player Points,Jusuf Nurkic,Phoenix Suns,4.5,1.01,BlueBet,Atlanta Hawks,NA
Phoenix Suns v Atlanta Hawks,Phoenix Suns,Atlanta Hawks,Player Points,Jusuf Nurkic,Phoenix Suns,7.5,1.18,BlueBet,Atlanta Hawks,NA
Phoenix Suns v Atlanta Hawks,Phoenix Suns,Atlanta Hawks,Player Points,Jusuf Nurkic,Phoenix Suns,9.5,1.4,BlueBet,Atlanta Hawks,NA
Phoenix Suns v Atlanta Hawks,Phoenix Suns,Atlanta Hawks,Player Points,Jusuf Nurkic,Phoenix Suns,11.5,1.95,BlueBet,Atlanta Hawks,NA
Phoenix Suns v Atlanta Hawks,Phoenix Suns,Atlanta Hawks,Player Points,Jusuf Nurkic,Phoenix Suns,14.5,3.5,BlueBet,Atlanta Hawks,NA
Phoenix Suns v Atlanta Hawks,Phoenix Suns,Atlanta Hawks,Player Points,Bogdan Bogdanovic,Atlanta Hawks,11.5,1.13,BlueBet,Phoenix Suns,NA
Phoenix Suns v Atlanta Hawks,Phoenix Suns,Atlanta Hawks,Player Points,Bogdan Bogdanovic,Atlanta Hawks,14.5,1.35,BlueBet,Phoenix Suns,NA
Phoenix Suns v Atlanta Hawks,Phoenix Suns,Atlanta Hawks,Player Points,Bogdan Bogdanovic,Atlanta Hawks,17.5,1.82,BlueBet,Phoenix Suns,NA
Phoenix Suns v Atlanta Hawks,Phoenix Suns,Atlanta Hawks,Player Points,Bogdan Bogdanovic,Atlanta Hawks,19.5,2.3,BlueBet,Phoenix Suns,NA
Phoenix Suns v Atlanta Hawks,Phoenix Suns,Atlanta Hawks,Player Points,Bogdan Bogdanovic,Atlanta Hawks,24.5,4.6,BlueBet,Phoenix Suns,NA
Phoenix Suns v Atlanta Hawks,Phoenix Suns,Atlanta Hawks,Player Points,Clint Capela,Atlanta Hawks,4.5,1.01,BlueBet,Phoenix Suns,NA
Phoenix Suns v Atlanta Hawks,Phoenix Suns,Atlanta Hawks,Player Points,Clint Capela,Atlanta Hawks,7.5,1.15,BlueBet,Phoenix Suns,NA
Phoenix Suns v Atlanta Hawks,Phoenix Suns,Atlanta Hawks,Player Points,Clint Capela,Atlanta Hawks,9.5,1.37,BlueBet,Phoenix Suns,NA
Phoenix Suns v Atlanta Hawks,Phoenix Suns,Atlanta Hawks,Player Points,Clint Capela,Atlanta Hawks,11.5,1.82,BlueBet,Phoenix Suns,NA
Phoenix Suns v Atlanta Hawks,Phoenix Suns,Atlanta Hawks,Player Points,Clint Capela,Atlanta Hawks,14.5,3.1,BlueBet,Phoenix Suns,NA
Phoenix Suns v Atlanta Hawks,Phoenix Suns,Atlanta Hawks,Player Points,Dejounte Murray,Atlanta Hawks,17.5,1.07,BlueBet,Phoenix Suns,NA
Phoenix Suns v Atlanta Hawks,Phoenix Suns,Atlanta Hawks,Player Points,Dejounte Murray,Atlanta Hawks,19.5,1.16,BlueBet,Phoenix Suns,NA
Phoenix Suns v Atlanta Hawks,Phoenix Suns,Atlanta Hawks,Player Points,Dejounte Murray,Atlanta Hawks,24.5,1.5,BlueBet,Phoenix Suns,NA
Phoenix Suns v Atlanta Hawks,Phoenix Suns,Atlanta Hawks,Player Points,Dejounte Murray,Atlanta Hawks,29.5,2.5,BlueBet,Phoenix Suns,NA
Phoenix Suns v Atlanta Hawks,Phoenix Suns,Atlanta Hawks,Player Points,Dejounte Murray,Atlanta Hawks,34.5,4.6,BlueBet,Phoenix Suns,NA
Washington Wizards v Sacramento Kings,Washington Wizards,Sacramento Kings,Player Points,De'Aaron Fox,Sacramento Kings,29.5,2.3,BlueBet,Washington Wizards,1.54
Washington Wizards v Sacramento Kings,Washington Wizards,Sacramento Kings,Player Points,Kyle Kuzma,Washington Wizards,19.5,1.45,BlueBet,Sacramento Kings,2.45
Washington Wizards v Sacramento Kings,Washington Wizards,Sacramento Kings,Player Points,Harrison Barnes,Sacramento Kings,10.5,1.38,BlueBet,Washington Wizards,2.8
Washington Wizards v Sacramento Kings,Washington Wizards,Sacramento Kings,Player Points,Malik Monk,Sacramento Kings,17.5,1.77,BlueBet,Washington Wizards,1.95
Washington Wizards v Sacramento Kings,Washington Wizards,Sacramento Kings,Player Points,Malik Monk,Sacramento Kings,18.5,2,BlueBet,Washington Wizards,1.71
Washington Wizards v Sacramento Kings,Washington Wizards,Sacramento Kings,Player Points,Malik Monk,Sacramento Kings,19.5,2.25,BlueBet,Washington Wizards,1.56
Washington Wizards v Sacramento Kings,Washington Wizards,Sacramento Kings,Player Points,Malik Monk,Sacramento Kings,20.5,2.6,BlueBet,Washington Wizards,1.43
Washington Wizards v Sacramento Kings,Washington Wizards,Sacramento Kings,Player Points,Kyle Kuzma,Washington Wizards,20.5,1.61,BlueBet,Sacramento Kings,2.15
Washington Wizards v Sacramento Kings,Washington Wizards,Sacramento Kings,Player Points,Kyle Kuzma,Washington Wizards,21.5,1.77,BlueBet,Sacramento Kings,1.91
Washington Wizards v Sacramento Kings,Washington Wizards,Sacramento Kings,Player Points,Kyle Kuzma,Washington Wizards,22.5,1.95,BlueBet,Sacramento Kings,1.74
Washington Wizards v Sacramento Kings,Washington Wizards,Sacramento Kings,Player Points,Kyle Kuzma,Washington Wizards,23.5,2.2,BlueBet,Sacramento Kings,1.56
Washington Wizards v Sacramento Kings,Washington Wizards,Sacramento Kings,Player Points,Jordan Poole,Washington Wizards,15.5,1.61,BlueBet,Sacramento Kings,2.15
Washington Wizards v Sacramento Kings,Washington Wizards,Sacramento Kings,Player Points,Jordan Poole,Washington Wizards,16.5,1.8,BlueBet,Sacramento Kings,1.87
Washington Wizards v Sacramento Kings,Washington Wizards,Sacramento Kings,Player Points,Jordan Poole,Washington Wizards,17.5,2,BlueBet,Sacramento Kings,1.71
Washington Wizards v Sacramento Kings,Washington Wizards,Sacramento Kings,Player Points,Jordan Poole,Washington Wizards,18.5,2.3,BlueBet,Sacramento Kings,1.56
Washington Wizards v Sacramento Kings,Washington Wizards,Sacramento Kings,Player Points,Harrison Barnes,Sacramento Kings,11.5,1.51,BlueBet,Washington Wizards,2.35
Washington Wizards v Sacramento Kings,Washington Wizards,Sacramento Kings,Player Points,Harrison Barnes,Sacramento Kings,12.5,1.71,BlueBet,Washington Wizards,2
Washington Wizards v Sacramento Kings,Washington Wizards,Sacramento Kings,Player Points,Harrison Barnes,Sacramento Kings,13.5,1.91,BlueBet,Washington Wizards,1.77
Washington Wizards v Sacramento Kings,Washington Wizards,Sacramento Kings,Player Points,Harrison Barnes,Sacramento Kings,14.5,2.25,BlueBet,Washington Wizards,1.56
Washington Wizards v Sacramento Kings,Washington Wizards,Sacramento Kings,Player Points,De'Aaron Fox,Sacramento Kings,25.5,1.56,BlueBet,Washington Wizards,2.25
Washington Wizards v Sacramento Kings,Washington Wizards,Sacramento Kings,Player Points,De'Aaron Fox,Sacramento Kings,26.5,1.71,BlueBet,Washington Wizards,2
Washington Wizards v Sacramento Kings,Washington Wizards,Sacramento Kings,Player Points,De'Aaron Fox,Sacramento Kings,27.5,1.87,BlueBet,Washington Wizards,1.83
Washington Wizards v Sacramento Kings,Washington Wizards,Sacramento Kings,Player Points,De'Aaron Fox,Sacramento Kings,28.5,2.05,BlueBet,Washington Wizards,1.67
Washington Wizards v Sacramento Kings,Washington Wizards,Sacramento Kings,Player Points,Keegan Murray,Sacramento Kings,12.5,1.53,BlueBet,Washington Wizards,2.35
Washington Wizards v Sacramento Kings,Washington Wizards,Sacramento Kings,Player Points,Keegan Murray,Sacramento Kings,13.5,1.71,BlueBet,Washington Wizards,2
Washington Wizards v Sacramento Kings,Washington Wizards,Sacramento Kings,Player Points,Keegan Murray,Sacramento Kings,14.5,1.95,BlueBet,Washington Wizards,1.77
Washington Wizards v Sacramento Kings,Washington Wizards,Sacramento Kings,Player Points,Keegan Murray,Sacramento Kings,15.5,2.2,BlueBet,Washington Wizards,1.56
Washington Wizards v Sacramento Kings,Washington Wizards,Sacramento Kings,Player Points,Domantas Sabonis,Sacramento Kings,19.5,1.43,BlueBet,Washington Wizards,2.6
Washington Wizards v Sacramento Kings,Washington Wizards,Sacramento Kings,Player Points,Domantas Sabonis,Sacramento Kings,20.5,1.56,BlueBet,Washington Wizards,2.25
Washington Wizards v Sacramento Kings,Washington Wizards,Sacramento Kings,Player Points,Domantas Sabonis,Sacramento Kings,21.5,1.74,BlueBet,Washington Wizards,1.95
Washington Wizards v Sacramento Kings,Washington Wizards,Sacramento Kings,Player Points,Domantas Sabonis,Sacramento Kings,22.5,1.95,BlueBet,Washington Wizards,1.74
Washington Wizards v Sacramento Kings,Washington Wizards,Sacramento Kings,Player Points,Domantas Sabonis,Sacramento Kings,23.5,2.2,BlueBet,Washington Wizards,1.56
Washington Wizards v Sacramento Kings,Washington Wizards,Sacramento Kings,Player Points,Deni Avdija,Washington Wizards,13.5,1.45,BlueBet,Sacramento Kings,2.55
Washington Wizards v Sacramento Kings,Washington Wizards,Sacramento Kings,Player Points,Deni Avdija,Washington Wizards,14.5,1.61,BlueBet,Sacramento Kings,2.15
Washington Wizards v Sacramento Kings,Washington Wizards,Sacramento Kings,Player Points,Deni Avdija,Washington Wizards,15.5,1.8,BlueBet,Sacramento Kings,1.87
Washington Wizards v Sacramento Kings,Washington Wizards,Sacramento Kings,Player Points,Deni Avdija,Washington Wizards,16.5,2.05,BlueBet,Sacramento Kings,1.67
Washington Wizards v Sacramento Kings,Washington Wizards,Sacramento Kings,Player Points,Deni Avdija,Washington Wizards,17.5,2.35,BlueBet,Sacramento Kings,1.51
Washington Wizards v Sacramento Kings,Washington Wizards,Sacramento Kings,Player Points,Corey Kispert,Washington Wizards,12.5,1.51,BlueBet,Sacramento Kings,2.4
Washington Wizards v Sacramento Kings,Washington Wizards,Sacramento Kings,Player Points,Corey Kispert,Washington Wizards,13.5,1.67,BlueBet,Sacramento Kings,2.05
Washington Wizards v Sacramento Kings,Washington Wizards,Sacramento Kings,Player Points,Corey Kispert,Washington Wizards,14.5,1.87,BlueBet,Sacramento Kings,1.83
Washington Wizards v Sacramento Kings,Washington Wizards,Sacramento Kings,Player Points,Corey Kispert,Washington Wizards,15.5,2.15,BlueBet,Sacramento Kings,1.61
Washington Wizards v Sacramento Kings,Washington Wizards,Sacramento Kings,Player Points,Corey Kispert,Washington Wizards,16.5,2.45,BlueBet,Sacramento Kings,1.45
Washington Wizards v Sacramento Kings,Washington Wizards,Sacramento Kings,Player Points,Malik Monk,Sacramento Kings,21.5,3,BlueBet,Washington Wizards,1.33
Washington Wizards v Sacramento Kings,Washington Wizards,Sacramento Kings,Player Points,Jordan Poole,Washington Wizards,14.5,1.45,BlueBet,Sacramento Kings,2.5
Washington Wizards v Sacramento Kings,Washington Wizards,Sacramento Kings,Player Points,Keegan Murray,Sacramento Kings,16.5,2.6,BlueBet,Washington Wizards,1.43
Orlando Magic v New Orleans Pelicans,Orlando Magic,New Orleans Pelicans,Player Points,Herbert Jones,New Orleans Pelicans,6.5,1.4,BlueBet,Orlando Magic,2.7
Orlando Magic v New Orleans Pelicans,Orlando Magic,New Orleans Pelicans,Player Points,Zion Williamson,New Orleans Pelicans,21.5,1.61,BlueBet,Orlando Magic,2.15
Orlando Magic v New Orleans Pelicans,Orlando Magic,New Orleans Pelicans,Player Points,Paolo Banchero,Orlando Magic,18.5,1.43,BlueBet,New Orleans Pelicans,2.6
Orlando Magic v New Orleans Pelicans,Orlando Magic,New Orleans Pelicans,Player Points,Cole Anthony,Orlando Magic,7.5,1.56,BlueBet,New Orleans Pelicans,2.25
Orlando Magic v New Orleans Pelicans,Orlando Magic,New Orleans Pelicans,Player Points,Cole Anthony,Orlando Magic,8.5,1.8,BlueBet,New Orleans Pelicans,1.87
Orlando Magic v New Orleans Pelicans,Orlando Magic,New Orleans Pelicans,Player Points,Cole Anthony,Orlando Magic,9.5,2.15,BlueBet,New Orleans Pelicans,1.61
Orlando Magic v New Orleans Pelicans,Orlando Magic,New Orleans Pelicans,Player Points,Cole Anthony,Orlando Magic,10.5,2.55,BlueBet,New Orleans Pelicans,1.45
Orlando Magic v New Orleans Pelicans,Orlando Magic,New Orleans Pelicans,Player Points,Cole Anthony,Orlando Magic,11.5,3.1,BlueBet,New Orleans Pelicans,1.31
Orlando Magic v New Orleans Pelicans,Orlando Magic,New Orleans Pelicans,Player Points,Jalen Suggs,Orlando Magic,13.5,2.7,BlueBet,New Orleans Pelicans,1.38
Orlando Magic v New Orleans Pelicans,Orlando Magic,New Orleans Pelicans,Player Points,Paolo Banchero,Orlando Magic,19.5,1.56,BlueBet,New Orleans Pelicans,2.25
Orlando Magic v New Orleans Pelicans,Orlando Magic,New Orleans Pelicans,Player Points,Paolo Banchero,Orlando Magic,20.5,1.71,BlueBet,New Orleans Pelicans,2
Orlando Magic v New Orleans Pelicans,Orlando Magic,New Orleans Pelicans,Player Points,Paolo Banchero,Orlando Magic,21.5,1.95,BlueBet,New Orleans Pelicans,1.77
Orlando Magic v New Orleans Pelicans,Orlando Magic,New Orleans Pelicans,Player Points,Paolo Banchero,Orlando Magic,22.5,2.2,BlueBet,New Orleans Pelicans,1.56
Orlando Magic v New Orleans Pelicans,Orlando Magic,New Orleans Pelicans,Player Points,Jalen Suggs,Orlando Magic,9.5,1.54,BlueBet,New Orleans Pelicans,2.3
Orlando Magic v New Orleans Pelicans,Orlando Magic,New Orleans Pelicans,Player Points,Jalen Suggs,Orlando Magic,10.5,1.71,BlueBet,New Orleans Pelicans,2
Orlando Magic v New Orleans Pelicans,Orlando Magic,New Orleans Pelicans,Player Points,Jalen Suggs,Orlando Magic,11.5,1.95,BlueBet,New Orleans Pelicans,1.74
Orlando Magic v New Orleans Pelicans,Orlando Magic,New Orleans Pelicans,Player Points,Jalen Suggs,Orlando Magic,12.5,2.3,BlueBet,New Orleans Pelicans,1.54
Orlando Magic v New Orleans Pelicans,Orlando Magic,New Orleans Pelicans,Player Points,Franz Wagner,Orlando Magic,14.5,1.4,BlueBet,New Orleans Pelicans,2.7
Orlando Magic v New Orleans Pelicans,Orlando Magic,New Orleans Pelicans,Player Points,Franz Wagner,Orlando Magic,15.5,1.54,BlueBet,New Orleans Pelicans,2.3
Orlando Magic v New Orleans Pelicans,Orlando Magic,New Orleans Pelicans,Player Points,Franz Wagner,Orlando Magic,16.5,1.71,BlueBet,New Orleans Pelicans,2
Orlando Magic v New Orleans Pelicans,Orlando Magic,New Orleans Pelicans,Player Points,Franz Wagner,Orlando Magic,17.5,1.91,BlueBet,New Orleans Pelicans,1.77
Orlando Magic v New Orleans Pelicans,Orlando Magic,New Orleans Pelicans,Player Points,Franz Wagner,Orlando Magic,18.5,2.2,BlueBet,New Orleans Pelicans,1.56
Orlando Magic v New Orleans Pelicans,Orlando Magic,New Orleans Pelicans,Player Points,Brandon Ingram,New Orleans Pelicans,16.5,1.53,BlueBet,Orlando Magic,2.35
Orlando Magic v New Orleans Pelicans,Orlando Magic,New Orleans Pelicans,Player Points,Brandon Ingram,New Orleans Pelicans,17.5,1.69,BlueBet,Orlando Magic,2.05
Orlando Magic v New Orleans Pelicans,Orlando Magic,New Orleans Pelicans,Player Points,Brandon Ingram,New Orleans Pelicans,18.5,1.91,BlueBet,Orlando Magic,1.8
Orlando Magic v New Orleans Pelicans,Orlando Magic,New Orleans Pelicans,Player Points,Brandon Ingram,New Orleans Pelicans,19.5,2.2,BlueBet,Orlando Magic,1.61
Orlando Magic v New Orleans Pelicans,Orlando Magic,New Orleans Pelicans,Player Points,Brandon Ingram,New Orleans Pelicans,20.5,2.5,BlueBet,Orlando Magic,1.45
Orlando Magic v New Orleans Pelicans,Orlando Magic,New Orleans Pelicans,Player Points,Herbert Jones,New Orleans Pelicans,7.5,1.56,BlueBet,Orlando Magic,2.2
Orlando Magic v New Orleans Pelicans,Orlando Magic,New Orleans Pelicans,Player Points,Herbert Jones,New Orleans Pelicans,8.5,1.83,BlueBet,Orlando Magic,1.87
Orlando Magic v New Orleans Pelicans,Orlando Magic,New Orleans Pelicans,Player Points,Herbert Jones,New Orleans Pelicans,9.5,2.15,BlueBet,Orlando Magic,1.61
Orlando Magic v New Orleans Pelicans,Orlando Magic,New Orleans Pelicans,Player Points,Herbert Jones,New Orleans Pelicans,10.5,2.6,BlueBet,Orlando Magic,1.43
Orlando Magic v New Orleans Pelicans,Orlando Magic,New Orleans Pelicans,Player Points,CJ McCollum,New Orleans Pelicans,14.5,1.69,BlueBet,Orlando Magic,2.05
Orlando Magic v New Orleans Pelicans,Orlando Magic,New Orleans Pelicans,Player Points,CJ McCollum,New Orleans Pelicans,15.5,1.87,BlueBet,Orlando Magic,1.83
Orlando Magic v New Orleans Pelicans,Orlando Magic,New Orleans Pelicans,Player Points,CJ McCollum,New Orleans Pelicans,16.5,2.15,BlueBet,Orlando Magic,1.61
Orlando Magic v New Orleans Pelicans,Orlando Magic,New Orleans Pelicans,Player Points,CJ McCollum,New Orleans Pelicans,17.5,2.45,BlueBet,Orlando Magic,1.45
Orlando Magic v New Orleans Pelicans,Orlando Magic,New Orleans Pelicans,Player Points,Zion Williamson,New Orleans Pelicans,22.5,1.8,BlueBet,Orlando Magic,1.87
Orlando Magic v New Orleans Pelicans,Orlando Magic,New Orleans Pelicans,Player Points,Zion Williamson,New Orleans Pelicans,23.5,2,BlueBet,Orlando Magic,1.71
Orlando Magic v New Orleans Pelicans,Orlando Magic,New Orleans Pelicans,Player Points,Zion Williamson,New Orleans Pelicans,24.5,2.25,BlueBet,Orlando Magic,1.56
Orlando Magic v New Orleans Pelicans,Orlando Magic,New Orleans Pelicans,Player Points,Trey Murphy III,New Orleans Pelicans,11.5,1.69,BlueBet,Orlando Magic,2
Orlando Magic v New Orleans Pelicans,Orlando Magic,New Orleans Pelicans,Player Points,Trey Murphy III,New Orleans Pelicans,12.5,1.91,BlueBet,Orlando Magic,1.77
Orlando Magic v New Orleans Pelicans,Orlando Magic,New Orleans Pelicans,Player Points,Trey Murphy III,New Orleans Pelicans,13.5,2.2,BlueBet,Orlando Magic,1.56
Orlando Magic v New Orleans Pelicans,Orlando Magic,New Orleans Pelicans,Player Points,Trey Murphy III,New Orleans Pelicans,14.5,2.55,BlueBet,Orlando Magic,1.45
Orlando Magic v New Orleans Pelicans,Orlando Magic,New Orleans Pelicans,Player Points,Trey Murphy III,New Orleans Pelicans,15.5,3,BlueBet,Orlando Magic,1.34
Orlando Magic v New Orleans Pelicans,Orlando Magic,New Orleans Pelicans,Player Points,CJ McCollum,New Orleans Pelicans,13.5,1.51,BlueBet,Orlando Magic,2.35
Orlando Magic v New Orleans Pelicans,Orlando Magic,New Orleans Pelicans,Player Points,Zion Williamson,New Orleans Pelicans,20.5,1.45,BlueBet,Orlando Magic,2.45
Houston Rockets v Chicago Bulls,Houston Rockets,Chicago Bulls,Player Points,Dillon Brooks,Houston Rockets,14.5,2.6,BlueBet,Chicago Bulls,1.43
Houston Rockets v Chicago Bulls,Houston Rockets,Chicago Bulls,Player Points,Jabari Smith Jr.,Houston Rockets,12.5,1.38,BlueBet,Chicago Bulls,2.7
Houston Rockets v Chicago Bulls,Houston Rockets,Chicago Bulls,Player Points,Dillon Brooks,Houston Rockets,10.5,1.51,BlueBet,Chicago Bulls,2.35
Houston Rockets v Chicago Bulls,Houston Rockets,Chicago Bulls,Player Points,Dillon Brooks,Houston Rockets,11.5,1.69,BlueBet,Chicago Bulls,2
Houston Rockets v Chicago Bulls,Houston Rockets,Chicago Bulls,Player Points,Dillon Brooks,Houston Rockets,12.5,1.91,BlueBet,Chicago Bulls,1.77
Houston Rockets v Chicago Bulls,Houston Rockets,Chicago Bulls,Player Points,Dillon Brooks,Houston Rockets,13.5,2.2,BlueBet,Chicago Bulls,1.56
Houston Rockets v Chicago Bulls,Houston Rockets,Chicago Bulls,Player Points,Jalen Green,Houston Rockets,22.5,1.61,BlueBet,Chicago Bulls,2.15
Houston Rockets v Chicago Bulls,Houston Rockets,Chicago Bulls,Player Points,Jalen Green,Houston Rockets,23.5,1.74,BlueBet,Chicago Bulls,1.95
Houston Rockets v Chicago Bulls,Houston Rockets,Chicago Bulls,Player Points,Jalen Green,Houston Rockets,24.5,1.91,BlueBet,Chicago Bulls,1.77
Houston Rockets v Chicago Bulls,Houston Rockets,Chicago Bulls,Player Points,Jalen Green,Houston Rockets,25.5,2.15,BlueBet,Chicago Bulls,1.61
Houston Rockets v Chicago Bulls,Houston Rockets,Chicago Bulls,Player Points,Jabari Smith Jr.,Houston Rockets,13.5,1.53,BlueBet,Chicago Bulls,2.35
Houston Rockets v Chicago Bulls,Houston Rockets,Chicago Bulls,Player Points,Jabari Smith Jr.,Houston Rockets,14.5,1.69,BlueBet,Chicago Bulls,2.05
Houston Rockets v Chicago Bulls,Houston Rockets,Chicago Bulls,Player Points,Jabari Smith Jr.,Houston Rockets,15.5,1.91,BlueBet,Chicago Bulls,1.77
Houston Rockets v Chicago Bulls,Houston Rockets,Chicago Bulls,Player Points,Jabari Smith Jr.,Houston Rockets,16.5,2.2,BlueBet,Chicago Bulls,1.56
Houston Rockets v Chicago Bulls,Houston Rockets,Chicago Bulls,Player Points,NA,NA,10.5,1.4,BlueBet,NA,2.7
Houston Rockets v Chicago Bulls,Houston Rockets,Chicago Bulls,Player Points,NA,NA,11.5,1.56,BlueBet,NA,2.2
Houston Rockets v Chicago Bulls,Houston Rockets,Chicago Bulls,Player Points,NA,NA,12.5,1.8,BlueBet,NA,1.87
Houston Rockets v Chicago Bulls,Houston Rockets,Chicago Bulls,Player Points,NA,NA,13.5,2.15,BlueBet,NA,1.61
Houston Rockets v Chicago Bulls,Houston Rockets,Chicago Bulls,Player Points,Fred VanVleet,Houston Rockets,15.5,1.53,BlueBet,Chicago Bulls,2.35
Houston Rockets v Chicago Bulls,Houston Rockets,Chicago Bulls,Player Points,Fred VanVleet,Houston Rockets,16.5,1.67,BlueBet,Chicago Bulls,2.05
Houston Rockets v Chicago Bulls,Houston Rockets,Chicago Bulls,Player Points,Fred VanVleet,Houston Rockets,17.5,1.87,BlueBet,Chicago Bulls,1.83
Houston Rockets v Chicago Bulls,Houston Rockets,Chicago Bulls,Player Points,Fred VanVleet,Houston Rockets,18.5,2.1,BlueBet,Chicago Bulls,1.65
Houston Rockets v Chicago Bulls,Houston Rockets,Chicago Bulls,Player Points,Fred VanVleet,Houston Rockets,19.5,2.4,BlueBet,Chicago Bulls,1.5
Houston Rockets v Chicago Bulls,Houston Rockets,Chicago Bulls,Player Points,DeMar DeRozan,Chicago Bulls,20.5,1.45,BlueBet,Houston Rockets,2.5
Houston Rockets v Chicago Bulls,Houston Rockets,Chicago Bulls,Player Points,DeMar DeRozan,Chicago Bulls,21.5,1.56,BlueBet,Houston Rockets,2.2
Houston Rockets v Chicago Bulls,Houston Rockets,Chicago Bulls,Player Points,DeMar DeRozan,Chicago Bulls,22.5,1.74,BlueBet,Houston Rockets,1.95
Houston Rockets v Chicago Bulls,Houston Rockets,Chicago Bulls,Player Points,DeMar DeRozan,Chicago Bulls,23.5,1.91,BlueBet,Houston Rockets,1.77
Houston Rockets v Chicago Bulls,Houston Rockets,Chicago Bulls,Player Points,DeMar DeRozan,Chicago Bulls,24.5,2.15,BlueBet,Houston Rockets,1.61
Houston Rockets v Chicago Bulls,Houston Rockets,Chicago Bulls,Player Points,Ayo Dosunmu,Chicago Bulls,12.5,1.43,BlueBet,Houston Rockets,2.6
Houston Rockets v Chicago Bulls,Houston Rockets,Chicago Bulls,Player Points,Ayo Dosunmu,Chicago Bulls,13.5,1.56,BlueBet,Houston Rockets,2.2
Houston Rockets v Chicago Bulls,Houston Rockets,Chicago Bulls,Player Points,Ayo Dosunmu,Chicago Bulls,14.5,1.8,BlueBet,Houston Rockets,1.91
Houston Rockets v Chicago Bulls,Houston Rockets,Chicago Bulls,Player Points,Ayo Dosunmu,Chicago Bulls,15.5,2,BlueBet,Houston Rockets,1.69
Houston Rockets v Chicago Bulls,Houston Rockets,Chicago Bulls,Player Points,Ayo Dosunmu,Chicago Bulls,16.5,2.35,BlueBet,Houston Rockets,1.51
Houston Rockets v Chicago Bulls,Houston Rockets,Chicago Bulls,Player Points,Nikola Vucevic,Chicago Bulls,16.5,1.4,BlueBet,Houston Rockets,2.7
Houston Rockets v Chicago Bulls,Houston Rockets,Chicago Bulls,Player Points,Nikola Vucevic,Chicago Bulls,17.5,1.51,BlueBet,Houston Rockets,2.35
Houston Rockets v Chicago Bulls,Houston Rockets,Chicago Bulls,Player Points,Nikola Vucevic,Chicago Bulls,18.5,1.67,BlueBet,Houston Rockets,2.05
Houston Rockets v Chicago Bulls,Houston Rockets,Chicago Bulls,Player Points,Nikola Vucevic,Chicago Bulls,19.5,1.87,BlueBet,Houston Rockets,1.83
Houston Rockets v Chicago Bulls,Houston Rockets,Chicago Bulls,Player Points,Nikola Vucevic,Chicago Bulls,20.5,2.1,BlueBet,Houston Rockets,1.65
Houston Rockets v Chicago Bulls,Houston Rockets,Chicago Bulls,Player Points,Jalen Green,Houston Rockets,21.5,1.45,BlueBet,Chicago Bulls,2.45
Houston Rockets v Chicago Bulls,Houston Rockets,Chicago Bulls,Player Points,NA,NA,9.5,1.29,BlueBet,NA,3.3
Milwaukee Bucks v Brooklyn Nets,Milwaukee Bucks,Brooklyn Nets,Player Points,Mikal Bridges,Brooklyn Nets,15.5,1.56,BlueBet,Milwaukee Bucks,2.2
Milwaukee Bucks v Brooklyn Nets,Milwaukee Bucks,Brooklyn Nets,Player Points,Dennis Schroder,Brooklyn Nets,12.5,1.65,BlueBet,Milwaukee Bucks,2.1
Milwaukee Bucks v Brooklyn Nets,Milwaukee Bucks,Brooklyn Nets,Player Points,Giannis Antetokounmpo,Milwaukee Bucks,33.5,2.2,BlueBet,Brooklyn Nets,1.56
Milwaukee Bucks v Brooklyn Nets,Milwaukee Bucks,Brooklyn Nets,Player Points,Giannis Antetokounmpo,Milwaukee Bucks,29.5,1.53,BlueBet,Brooklyn Nets,2.35
Milwaukee Bucks v Brooklyn Nets,Milwaukee Bucks,Brooklyn Nets,Player Points,Giannis Antetokounmpo,Milwaukee Bucks,30.5,1.65,BlueBet,Brooklyn Nets,2.1
Milwaukee Bucks v Brooklyn Nets,Milwaukee Bucks,Brooklyn Nets,Player Points,Giannis Antetokounmpo,Milwaukee Bucks,31.5,1.8,BlueBet,Brooklyn Nets,1.91
Milwaukee Bucks v Brooklyn Nets,Milwaukee Bucks,Brooklyn Nets,Player Points,Giannis Antetokounmpo,Milwaukee Bucks,32.5,1.95,BlueBet,Brooklyn Nets,1.74
Milwaukee Bucks v Brooklyn Nets,Milwaukee Bucks,Brooklyn Nets,Player Points,Mikal Bridges,Brooklyn Nets,16.5,1.77,BlueBet,Milwaukee Bucks,1.91
Milwaukee Bucks v Brooklyn Nets,Milwaukee Bucks,Brooklyn Nets,Player Points,Mikal Bridges,Brooklyn Nets,17.5,2,BlueBet,Milwaukee Bucks,1.71
Milwaukee Bucks v Brooklyn Nets,Milwaukee Bucks,Brooklyn Nets,Player Points,Mikal Bridges,Brooklyn Nets,18.5,2.25,BlueBet,Milwaukee Bucks,1.56
Milwaukee Bucks v Brooklyn Nets,Milwaukee Bucks,Brooklyn Nets,Player Points,Mikal Bridges,Brooklyn Nets,19.5,2.6,BlueBet,Milwaukee Bucks,1.43
Milwaukee Bucks v Brooklyn Nets,Milwaukee Bucks,Brooklyn Nets,Player Points,Dennis Schroder,Brooklyn Nets,13.5,1.87,BlueBet,Milwaukee Bucks,1.83
Milwaukee Bucks v Brooklyn Nets,Milwaukee Bucks,Brooklyn Nets,Player Points,Dennis Schroder,Brooklyn Nets,14.5,2.15,BlueBet,Milwaukee Bucks,1.61
Milwaukee Bucks v Brooklyn Nets,Milwaukee Bucks,Brooklyn Nets,Player Points,Dennis Schroder,Brooklyn Nets,15.5,2.5,BlueBet,Milwaukee Bucks,1.45
Milwaukee Bucks v Brooklyn Nets,Milwaukee Bucks,Brooklyn Nets,Player Points,Dennis Schroder,Brooklyn Nets,16.5,2.9,BlueBet,Milwaukee Bucks,1.34
Milwaukee Bucks v Brooklyn Nets,Milwaukee Bucks,Brooklyn Nets,Player Points,Cam Thomas,Brooklyn Nets,22.5,1.8,BlueBet,Milwaukee Bucks,1.87
Milwaukee Bucks v Brooklyn Nets,Milwaukee Bucks,Brooklyn Nets,Player Points,Cam Thomas,Brooklyn Nets,23.5,2,BlueBet,Milwaukee Bucks,1.69
Milwaukee Bucks v Brooklyn Nets,Milwaukee Bucks,Brooklyn Nets,Player Points,Cam Thomas,Brooklyn Nets,24.5,2.25,BlueBet,Milwaukee Bucks,1.56
Milwaukee Bucks v Brooklyn Nets,Milwaukee Bucks,Brooklyn Nets,Player Points,Cam Thomas,Brooklyn Nets,25.5,2.55,BlueBet,Milwaukee Bucks,1.45
Milwaukee Bucks v Brooklyn Nets,Milwaukee Bucks,Brooklyn Nets,Player Points,Cam Thomas,Brooklyn Nets,26.5,2.9,BlueBet,Milwaukee Bucks,1.34
Milwaukee Bucks v Brooklyn Nets,Milwaukee Bucks,Brooklyn Nets,Player Points,Malik Beasley,Milwaukee Bucks,9.5,1.53,BlueBet,Brooklyn Nets,2.35
Milwaukee Bucks v Brooklyn Nets,Milwaukee Bucks,Brooklyn Nets,Player Points,Malik Beasley,Milwaukee Bucks,10.5,1.69,BlueBet,Brooklyn Nets,2
Milwaukee Bucks v Brooklyn Nets,Milwaukee Bucks,Brooklyn Nets,Player Points,Malik Beasley,Milwaukee Bucks,11.5,1.91,BlueBet,Brooklyn Nets,1.77
Milwaukee Bucks v Brooklyn Nets,Milwaukee Bucks,Brooklyn Nets,Player Points,Malik Beasley,Milwaukee Bucks,12.5,2.2,BlueBet,Brooklyn Nets,1.56
Milwaukee Bucks v Brooklyn Nets,Milwaukee Bucks,Brooklyn Nets,Player Points,Malik Beasley,Milwaukee Bucks,13.5,2.5,BlueBet,Brooklyn Nets,1.45
Milwaukee Bucks v Brooklyn Nets,Milwaukee Bucks,Brooklyn Nets,Player Points,Brook Lopez,Milwaukee Bucks,8.5,1.45,BlueBet,Brooklyn Nets,2.55
Milwaukee Bucks v Brooklyn Nets,Milwaukee Bucks,Brooklyn Nets,Player Points,Brook Lopez,Milwaukee Bucks,9.5,1.65,BlueBet,Brooklyn Nets,2.1
Milwaukee Bucks v Brooklyn Nets,Milwaukee Bucks,Brooklyn Nets,Player Points,Brook Lopez,Milwaukee Bucks,10.5,1.87,BlueBet,Brooklyn Nets,1.8
Milwaukee Bucks v Brooklyn Nets,Milwaukee Bucks,Brooklyn Nets,Player Points,Brook Lopez,Milwaukee Bucks,11.5,2.2,BlueBet,Brooklyn Nets,1.56
Milwaukee Bucks v Brooklyn Nets,Milwaukee Bucks,Brooklyn Nets,Player Points,Brook Lopez,Milwaukee Bucks,12.5,2.65,BlueBet,Brooklyn Nets,1.42
Milwaukee Bucks v Brooklyn Nets,Milwaukee Bucks,Brooklyn Nets,Player Points,Damian Lillard,Milwaukee Bucks,24.5,1.54,BlueBet,Brooklyn Nets,2.3
Milwaukee Bucks v Brooklyn Nets,Milwaukee Bucks,Brooklyn Nets,Player Points,Damian Lillard,Milwaukee Bucks,25.5,1.65,BlueBet,Brooklyn Nets,2.1
Milwaukee Bucks v Brooklyn Nets,Milwaukee Bucks,Brooklyn Nets,Player Points,Damian Lillard,Milwaukee Bucks,26.5,1.83,BlueBet,Brooklyn Nets,1.87
Milwaukee Bucks v Brooklyn Nets,Milwaukee Bucks,Brooklyn Nets,Player Points,Damian Lillard,Milwaukee Bucks,27.5,2,BlueBet,Brooklyn Nets,1.71
Milwaukee Bucks v Brooklyn Nets,Milwaukee Bucks,Brooklyn Nets,Player Points,Damian Lillard,Milwaukee Bucks,28.5,2.25,BlueBet,Brooklyn Nets,1.56
Dallas Mavericks v Utah Jazz,Dallas Mavericks,Utah Jazz,Player Points,Lauri Markkanen,Utah Jazz,24.5,2.25,BlueBet,Dallas Mavericks,1.56
Dallas Mavericks v Utah Jazz,Dallas Mavericks,Utah Jazz,Player Points,Tim Hardaway Jr.,Dallas Mavericks,11.5,3.1,BlueBet,Utah Jazz,1.31
Dallas Mavericks v Utah Jazz,Dallas Mavericks,Utah Jazz,Player Points,Collin Sexton,Utah Jazz,20.5,1.77,BlueBet,Dallas Mavericks,1.91
Dallas Mavericks v Utah Jazz,Dallas Mavericks,Utah Jazz,Player Points,Collin Sexton,Utah Jazz,21.5,2,BlueBet,Dallas Mavericks,1.71
Dallas Mavericks v Utah Jazz,Dallas Mavericks,Utah Jazz,Player Points,Collin Sexton,Utah Jazz,22.5,2.25,BlueBet,Dallas Mavericks,1.56
Dallas Mavericks v Utah Jazz,Dallas Mavericks,Utah Jazz,Player Points,Collin Sexton,Utah Jazz,23.5,2.55,BlueBet,Dallas Mavericks,1.45
Dallas Mavericks v Utah Jazz,Dallas Mavericks,Utah Jazz,Player Points,Collin Sexton,Utah Jazz,24.5,2.9,BlueBet,Dallas Mavericks,1.36
Dallas Mavericks v Utah Jazz,Dallas Mavericks,Utah Jazz,Player Points,Keyonte George,Utah Jazz,15.5,1.56,BlueBet,Dallas Mavericks,2.2
Dallas Mavericks v Utah Jazz,Dallas Mavericks,Utah Jazz,Player Points,Keyonte George,Utah Jazz,16.5,1.77,BlueBet,Dallas Mavericks,1.95
Dallas Mavericks v Utah Jazz,Dallas Mavericks,Utah Jazz,Player Points,Keyonte George,Utah Jazz,17.5,2,BlueBet,Dallas Mavericks,1.71
Dallas Mavericks v Utah Jazz,Dallas Mavericks,Utah Jazz,Player Points,Keyonte George,Utah Jazz,18.5,2.25,BlueBet,Dallas Mavericks,1.56
Dallas Mavericks v Utah Jazz,Dallas Mavericks,Utah Jazz,Player Points,Tim Hardaway Jr.,Dallas Mavericks,7.5,1.61,BlueBet,Utah Jazz,2.15
Dallas Mavericks v Utah Jazz,Dallas Mavericks,Utah Jazz,Player Points,Tim Hardaway Jr.,Dallas Mavericks,8.5,1.87,BlueBet,Utah Jazz,1.83
Dallas Mavericks v Utah Jazz,Dallas Mavericks,Utah Jazz,Player Points,Tim Hardaway Jr.,Dallas Mavericks,9.5,2.15,BlueBet,Utah Jazz,1.61
Dallas Mavericks v Utah Jazz,Dallas Mavericks,Utah Jazz,Player Points,Tim Hardaway Jr.,Dallas Mavericks,10.5,2.6,BlueBet,Utah Jazz,1.43
Dallas Mavericks v Utah Jazz,Dallas Mavericks,Utah Jazz,Player Points,Kyrie Irving,Dallas Mavericks,23.5,1.61,BlueBet,Utah Jazz,2.1
Dallas Mavericks v Utah Jazz,Dallas Mavericks,Utah Jazz,Player Points,Kyrie Irving,Dallas Mavericks,24.5,1.77,BlueBet,Utah Jazz,1.91
Dallas Mavericks v Utah Jazz,Dallas Mavericks,Utah Jazz,Player Points,Kyrie Irving,Dallas Mavericks,25.5,1.95,BlueBet,Utah Jazz,1.74
Dallas Mavericks v Utah Jazz,Dallas Mavericks,Utah Jazz,Player Points,Kyrie Irving,Dallas Mavericks,26.5,2.2,BlueBet,Utah Jazz,1.56
Dallas Mavericks v Utah Jazz,Dallas Mavericks,Utah Jazz,Player Points,P.J. Washington,Dallas Mavericks,8.5,1.34,BlueBet,Utah Jazz,2.9
Dallas Mavericks v Utah Jazz,Dallas Mavericks,Utah Jazz,Player Points,P.J. Washington,Dallas Mavericks,9.5,1.51,BlueBet,Utah Jazz,2.35
Dallas Mavericks v Utah Jazz,Dallas Mavericks,Utah Jazz,Player Points,P.J. Washington,Dallas Mavericks,10.5,1.71,BlueBet,Utah Jazz,2
Dallas Mavericks v Utah Jazz,Dallas Mavericks,Utah Jazz,Player Points,P.J. Washington,Dallas Mavericks,11.5,1.95,BlueBet,Utah Jazz,1.74
Dallas Mavericks v Utah Jazz,Dallas Mavericks,Utah Jazz,Player Points,P.J. Washington,Dallas Mavericks,12.5,2.25,BlueBet,Utah Jazz,1.56
Dallas Mavericks v Utah Jazz,Dallas Mavericks,Utah Jazz,Player Points,Lauri Markkanen,Utah Jazz,20.5,1.51,BlueBet,Dallas Mavericks,2.35
Dallas Mavericks v Utah Jazz,Dallas Mavericks,Utah Jazz,Player Points,Lauri Markkanen,Utah Jazz,21.5,1.65,BlueBet,Dallas Mavericks,2.1
Dallas Mavericks v Utah Jazz,Dallas Mavericks,Utah Jazz,Player Points,Lauri Markkanen,Utah Jazz,22.5,1.83,BlueBet,Dallas Mavericks,1.87
Dallas Mavericks v Utah Jazz,Dallas Mavericks,Utah Jazz,Player Points,Lauri Markkanen,Utah Jazz,23.5,2,BlueBet,Dallas Mavericks,1.71
Dallas Mavericks v Utah Jazz,Dallas Mavericks,Utah Jazz,Player Points,Keyonte George,Utah Jazz,14.5,1.45,BlueBet,Dallas Mavericks,2.55
Dallas Mavericks v Utah Jazz,Dallas Mavericks,Utah Jazz,Player Points,Kyrie Irving,Dallas Mavericks,22.5,1.51,BlueBet,Utah Jazz,2.35
Denver Nuggets v New York Knicks,Denver Nuggets,New York Knicks,Player Points,Kentavious Caldwell-Pope,Denver Nuggets,7.5,1.5,BlueBet,New York Knicks,2.4
Denver Nuggets v New York Knicks,Denver Nuggets,New York Knicks,Player Points,Kentavious Caldwell-Pope,Denver Nuggets,8.5,1.71,BlueBet,New York Knicks,2
Denver Nuggets v New York Knicks,Denver Nuggets,New York Knicks,Player Points,Kentavious Caldwell-Pope,Denver Nuggets,9.5,1.95,BlueBet,New York Knicks,1.74
Denver Nuggets v New York Knicks,Denver Nuggets,New York Knicks,Player Points,Kentavious Caldwell-Pope,Denver Nuggets,10.5,2.3,BlueBet,New York Knicks,1.54
Denver Nuggets v New York Knicks,Denver Nuggets,New York Knicks,Player Points,Kentavious Caldwell-Pope,Denver Nuggets,11.5,2.7,BlueBet,New York Knicks,1.38
Denver Nuggets v New York Knicks,Denver Nuggets,New York Knicks,Player Points,Aaron Gordon,Denver Nuggets,10.5,1.31,BlueBet,New York Knicks,3.1
Denver Nuggets v New York Knicks,Denver Nuggets,New York Knicks,Player Points,Aaron Gordon,Denver Nuggets,11.5,1.45,BlueBet,New York Knicks,2.55
Denver Nuggets v New York Knicks,Denver Nuggets,New York Knicks,Player Points,Aaron Gordon,Denver Nuggets,12.5,1.65,BlueBet,New York Knicks,2.1
Denver Nuggets v New York Knicks,Denver Nuggets,New York Knicks,Player Points,Aaron Gordon,Denver Nuggets,13.5,1.87,BlueBet,New York Knicks,1.8
Denver Nuggets v New York Knicks,Denver Nuggets,New York Knicks,Player Points,Aaron Gordon,Denver Nuggets,14.5,2.2,BlueBet,New York Knicks,1.56
Denver Nuggets v New York Knicks,Denver Nuggets,New York Knicks,Player Points,Nikola Jokic,Denver Nuggets,22.5,1.4,BlueBet,New York Knicks,2.7
Denver Nuggets v New York Knicks,Denver Nuggets,New York Knicks,Player Points,Nikola Jokic,Denver Nuggets,23.5,1.51,BlueBet,New York Knicks,2.4
Denver Nuggets v New York Knicks,Denver Nuggets,New York Knicks,Player Points,Nikola Jokic,Denver Nuggets,24.5,1.65,BlueBet,New York Knicks,2.1
Denver Nuggets v New York Knicks,Denver Nuggets,New York Knicks,Player Points,Nikola Jokic,Denver Nuggets,25.5,1.8,BlueBet,New York Knicks,1.87
Denver Nuggets v New York Knicks,Denver Nuggets,New York Knicks,Player Points,Nikola Jokic,Denver Nuggets,26.5,2,BlueBet,New York Knicks,1.71
Denver Nuggets v New York Knicks,Denver Nuggets,New York Knicks,Player Points,Jamal Murray,Denver Nuggets,18.5,1.53,BlueBet,New York Knicks,2.35
Denver Nuggets v New York Knicks,Denver Nuggets,New York Knicks,Player Points,Jamal Murray,Denver Nuggets,19.5,1.67,BlueBet,New York Knicks,2.05
Denver Nuggets v New York Knicks,Denver Nuggets,New York Knicks,Player Points,Jamal Murray,Denver Nuggets,20.5,1.83,BlueBet,New York Knicks,1.83
Denver Nuggets v New York Knicks,Denver Nuggets,New York Knicks,Player Points,Jamal Murray,Denver Nuggets,21.5,2.05,BlueBet,New York Knicks,1.67
Denver Nuggets v New York Knicks,Denver Nuggets,New York Knicks,Player Points,Jamal Murray,Denver Nuggets,22.5,2.35,BlueBet,New York Knicks,1.51
Denver Nuggets v New York Knicks,Denver Nuggets,New York Knicks,Player Points,Michael Porter Jr.,Denver Nuggets,14.5,1.45,BlueBet,New York Knicks,2.45
Denver Nuggets v New York Knicks,Denver Nuggets,New York Knicks,Player Points,Michael Porter Jr.,Denver Nuggets,15.5,1.61,BlueBet,New York Knicks,2.15
Denver Nuggets v New York Knicks,Denver Nuggets,New York Knicks,Player Points,Michael Porter Jr.,Denver Nuggets,16.5,1.8,BlueBet,New York Knicks,1.87
Denver Nuggets v New York Knicks,Denver Nuggets,New York Knicks,Player Points,Michael Porter Jr.,Denver Nuggets,17.5,2.05,BlueBet,New York Knicks,1.69
Denver Nuggets v New York Knicks,Denver Nuggets,New York Knicks,Player Points,Michael Porter Jr.,Denver Nuggets,18.5,2.35,BlueBet,New York Knicks,1.51
Denver Nuggets v New York Knicks,Denver Nuggets,New York Knicks,Player Points,Jalen Brunson,New York Knicks,28.5,1.83,BlueBet,Denver Nuggets,1.87
Denver Nuggets v New York Knicks,Denver Nuggets,New York Knicks,Player Points,Jalen Brunson,New York Knicks,29.5,2,BlueBet,Denver Nuggets,1.71
Denver Nuggets v New York Knicks,Denver Nuggets,New York Knicks,Player Points,Jalen Brunson,New York Knicks,30.5,2.25,BlueBet,Denver Nuggets,1.56
Denver Nuggets v New York Knicks,Denver Nuggets,New York Knicks,Player Points,Jalen Brunson,New York Knicks,31.5,2.5,BlueBet,Denver Nuggets,1.45
Denver Nuggets v New York Knicks,Denver Nuggets,New York Knicks,Player Points,Jalen Brunson,New York Knicks,32.5,2.85,BlueBet,Denver Nuggets,1.37
Denver Nuggets v New York Knicks,Denver Nuggets,New York Knicks,Player Points,Donte DiVincenzo,New York Knicks,14.5,1.56,BlueBet,Denver Nuggets,2.25
Denver Nuggets v New York Knicks,Denver Nuggets,New York Knicks,Player Points,Donte DiVincenzo,New York Knicks,15.5,1.71,BlueBet,Denver Nuggets,2
Denver Nuggets v New York Knicks,Denver Nuggets,New York Knicks,Player Points,Donte DiVincenzo,New York Knicks,16.5,1.91,BlueBet,Denver Nuggets,1.77
Denver Nuggets v New York Knicks,Denver Nuggets,New York Knicks,Player Points,Donte DiVincenzo,New York Knicks,17.5,2.15,BlueBet,Denver Nuggets,1.61
Denver Nuggets v New York Knicks,Denver Nuggets,New York Knicks,Player Points,Donte DiVincenzo,New York Knicks,18.5,2.45,BlueBet,Denver Nuggets,1.45
Phoenix Suns v Atlanta Hawks,Phoenix Suns,Atlanta Hawks,Player Points,Dejounte Murray,Atlanta Hawks,27.5,2.1,BlueBet,Phoenix Suns,1.65
Phoenix Suns v Atlanta Hawks,Phoenix Suns,Atlanta Hawks,Player Points,Bogdan Bogdanovic,Atlanta Hawks,19.5,2.4,BlueBet,Phoenix Suns,1.51
Phoenix Suns v Atlanta Hawks,Phoenix Suns,Atlanta Hawks,Player Points,Jusuf Nurkic,Phoenix Suns,12.5,2.4,BlueBet,Atlanta Hawks,1.5
Phoenix Suns v Atlanta Hawks,Phoenix Suns,Atlanta Hawks,Player Points,Kevin Durant,Phoenix Suns,27.5,2.3,BlueBet,Atlanta Hawks,1.54
Phoenix Suns v Atlanta Hawks,Phoenix Suns,Atlanta Hawks,Player Points,Grayson Allen,Phoenix Suns,11.5,1.45,BlueBet,Atlanta Hawks,2.45
Phoenix Suns v Atlanta Hawks,Phoenix Suns,Atlanta Hawks,Player Points,Grayson Allen,Phoenix Suns,12.5,1.65,BlueBet,Atlanta Hawks,2.1
Phoenix Suns v Atlanta Hawks,Phoenix Suns,Atlanta Hawks,Player Points,Grayson Allen,Phoenix Suns,13.5,1.83,BlueBet,Atlanta Hawks,1.87
Phoenix Suns v Atlanta Hawks,Phoenix Suns,Atlanta Hawks,Player Points,Grayson Allen,Phoenix Suns,14.5,2.05,BlueBet,Atlanta Hawks,1.67
Phoenix Suns v Atlanta Hawks,Phoenix Suns,Atlanta Hawks,Player Points,Grayson Allen,Phoenix Suns,15.5,2.4,BlueBet,Atlanta Hawks,1.5
Phoenix Suns v Atlanta Hawks,Phoenix Suns,Atlanta Hawks,Player Points,Bradley Beal,Phoenix Suns,15.5,1.5,BlueBet,Atlanta Hawks,2.4
Phoenix Suns v Atlanta Hawks,Phoenix Suns,Atlanta Hawks,Player Points,Bradley Beal,Phoenix Suns,16.5,1.65,BlueBet,Atlanta Hawks,2.1
Phoenix Suns v Atlanta Hawks,Phoenix Suns,Atlanta Hawks,Player Points,Bradley Beal,Phoenix Suns,17.5,1.83,BlueBet,Atlanta Hawks,1.83
Phoenix Suns v Atlanta Hawks,Phoenix Suns,Atlanta Hawks,Player Points,Bradley Beal,Phoenix Suns,18.5,2.1,BlueBet,Atlanta Hawks,1.65
Phoenix Suns v Atlanta Hawks,Phoenix Suns,Atlanta Hawks,Player Points,Bradley Beal,Phoenix Suns,19.5,2.4,BlueBet,Atlanta Hawks,1.5
Phoenix Suns v Atlanta Hawks,Phoenix Suns,Atlanta Hawks,Player Points,Devin Booker,Phoenix Suns,23.5,1.51,BlueBet,Atlanta Hawks,2.35
Phoenix Suns v Atlanta Hawks,Phoenix Suns,Atlanta Hawks,Player Points,Devin Booker,Phoenix Suns,24.5,1.65,BlueBet,Atlanta Hawks,2.1
Phoenix Suns v Atlanta Hawks,Phoenix Suns,Atlanta Hawks,Player Points,Devin Booker,Phoenix Suns,25.5,1.8,BlueBet,Atlanta Hawks,1.91
Phoenix Suns v Atlanta Hawks,Phoenix Suns,Atlanta Hawks,Player Points,Devin Booker,Phoenix Suns,26.5,2,BlueBet,Atlanta Hawks,1.71
Phoenix Suns v Atlanta Hawks,Phoenix Suns,Atlanta Hawks,Player Points,Devin Booker,Phoenix Suns,27.5,2.25,BlueBet,Atlanta Hawks,1.56
Phoenix Suns v Atlanta Hawks,Phoenix Suns,Atlanta Hawks,Player Points,Kevin Durant,Phoenix Suns,23.5,1.54,BlueBet,Atlanta Hawks,2.3
Phoenix Suns v Atlanta Hawks,Phoenix Suns,Atlanta Hawks,Player Points,Kevin Durant,Phoenix Suns,24.5,1.69,BlueBet,Atlanta Hawks,2.05
Phoenix Suns v Atlanta Hawks,Phoenix Suns,Atlanta Hawks,Player Points,Kevin Durant,Phoenix Suns,25.5,1.83,BlueBet,Atlanta Hawks,1.83
Phoenix Suns v Atlanta Hawks,Phoenix Suns,Atlanta Hawks,Player Points,Kevin Durant,Phoenix Suns,26.5,2.05,BlueBet,Atlanta Hawks,1.67
Phoenix Suns v Atlanta Hawks,Phoenix Suns,Atlanta Hawks,Player Points,Jusuf Nurkic,Phoenix Suns,8.5,1.33,BlueBet,Atlanta Hawks,3
Phoenix Suns v Atlanta Hawks,Phoenix Suns,Atlanta Hawks,Player Points,Jusuf Nurkic,Phoenix Suns,9.5,1.45,BlueBet,Atlanta Hawks,2.45
Phoenix Suns v Atlanta Hawks,Phoenix Suns,Atlanta Hawks,Player Points,Jusuf Nurkic,Phoenix Suns,10.5,1.71,BlueBet,Atlanta Hawks,2
Phoenix Suns v Atlanta Hawks,Phoenix Suns,Atlanta Hawks,Player Points,Jusuf Nurkic,Phoenix Suns,11.5,2,BlueBet,Atlanta Hawks,1.71
Phoenix Suns v Atlanta Hawks,Phoenix Suns,Atlanta Hawks,Player Points,Bogdan Bogdanovic,Atlanta Hawks,15.5,1.53,BlueBet,Phoenix Suns,2.35
Phoenix Suns v Atlanta Hawks,Phoenix Suns,Atlanta Hawks,Player Points,Bogdan Bogdanovic,Atlanta Hawks,16.5,1.67,BlueBet,Phoenix Suns,2.05
Phoenix Suns v Atlanta Hawks,Phoenix Suns,Atlanta Hawks,Player Points,Bogdan Bogdanovic,Atlanta Hawks,17.5,1.87,BlueBet,Phoenix Suns,1.83
Phoenix Suns v Atlanta Hawks,Phoenix Suns,Atlanta Hawks,Player Points,Bogdan Bogdanovic,Atlanta Hawks,18.5,2.1,BlueBet,Phoenix Suns,1.65
Phoenix Suns v Atlanta Hawks,Phoenix Suns,Atlanta Hawks,Player Points,Dejounte Murray,Atlanta Hawks,23.5,1.45,BlueBet,Phoenix Suns,2.5
Phoenix Suns v Atlanta Hawks,Phoenix Suns,Atlanta Hawks,Player Points,Dejounte Murray,Atlanta Hawks,24.5,1.56,BlueBet,Phoenix Suns,2.2
Phoenix Suns v Atlanta Hawks,Phoenix Suns,Atlanta Hawks,Player Points,Dejounte Murray,Atlanta Hawks,25.5,1.71,BlueBet,Phoenix Suns,2
Phoenix Suns v Atlanta Hawks,Phoenix Suns,Atlanta Hawks,Player Points,Dejounte Murray,Atlanta Hawks,26.5,1.87,BlueBet,Phoenix Suns,1.8
