match,home_team,away_team,player_name,player_team,opposition_team,market_name,line,over_price,under_price,agency
Philadelphia 76ers v San Antonio Spurs,Philadelphia 76ers,San Antonio Spurs,Paul George,Philadelphia 76ers,San Antonio Spurs,Player Steals,0.5,1.18,NA,Dabble
Philadelphia 76ers v San Antonio Spurs,Philadelphia 76ers,San Antonio Spurs,Tyrese Maxey,Philadelphia 76ers,San Antonio Spurs,Player Steals,0.5,1.22,NA,Dabble
Philadelphia 76ers v San Antonio Spurs,Philadelphia 76ers,San Antonio Spurs,Kelly Oubre Jr.,Philadelphia 76ers,San Antonio Spurs,Player Steals,0.5,1.3,NA,Dabble
Philadelphia 76ers v San Antonio Spurs,Philadelphia 76ers,San Antonio Spurs,Chris Paul,San Antonio Spurs,Philadelphia 76ers,Player Steals,0.5,1.33,NA,Dabble
Philadelphia 76ers v San Antonio Spurs,Philadelphia 76ers,San Antonio Spurs,Jeremy Sochan,San Antonio Spurs,Philadelphia 76ers,Player Steals,0.5,1.38,NA,Dabble
Philadelphia 76ers v San Antonio Spurs,Philadelphia 76ers,San Antonio Spurs,Joel Embiid,Philadelphia 76ers,San Antonio Spurs,Player Steals,0.5,1.4,NA,Dabble
Philadelphia 76ers v San Antonio Spurs,Philadelphia 76ers,San Antonio Spurs,Victor Wembanyama,San Antonio Spurs,Philadelphia 76ers,Player Steals,0.5,1.42,NA,Dabble
Philadelphia 76ers v San Antonio Spurs,Philadelphia 76ers,San Antonio Spurs,Devin Vassell,San Antonio Spurs,Philadelphia 76ers,Player Steals,0.5,1.44,NA,Dabble
Philadelphia 76ers v San Antonio Spurs,Philadelphia 76ers,San Antonio Spurs,KJ Martin,Philadelphia 76ers,San Antonio Spurs,Player Steals,0.5,1.88,NA,Dabble
Philadelphia 76ers v San Antonio Spurs,Philadelphia 76ers,San Antonio Spurs,Caleb Martin,Philadelphia 76ers,San Antonio Spurs,Player Steals,0.5,1.92,NA,Dabble
Philadelphia 76ers v San Antonio Spurs,Philadelphia 76ers,San Antonio Spurs,Stephon Castle,San Antonio Spurs,Philadelphia 76ers,Player Steals,0.5,1.98,NA,Dabble
Philadelphia 76ers v San Antonio Spurs,Philadelphia 76ers,San Antonio Spurs,Keldon Johnson,San Antonio Spurs,Philadelphia 76ers,Player Steals,0.5,2,NA,Dabble
Philadelphia 76ers v San Antonio Spurs,Philadelphia 76ers,San Antonio Spurs,Julian Champagnie,San Antonio Spurs,Philadelphia 76ers,Player Steals,0.5,2.2,NA,Dabble
Philadelphia 76ers v San Antonio Spurs,Philadelphia 76ers,San Antonio Spurs,Guerschon Yabusele,Philadelphia 76ers,San Antonio Spurs,Player Steals,0.5,2.4,NA,Dabble
Philadelphia 76ers v San Antonio Spurs,Philadelphia 76ers,San Antonio Spurs,Harrison Barnes,San Antonio Spurs,Philadelphia 76ers,Player Steals,0.5,2.5,NA,Dabble
Philadelphia 76ers v San Antonio Spurs,Philadelphia 76ers,San Antonio Spurs,Paul George,Philadelphia 76ers,San Antonio Spurs,Player Steals,1.5,1.92,NA,Dabble
Philadelphia 76ers v San Antonio Spurs,Philadelphia 76ers,San Antonio Spurs,Tyrese Maxey,Philadelphia 76ers,San Antonio Spurs,Player Steals,1.5,2.05,NA,Dabble
Philadelphia 76ers v San Antonio Spurs,Philadelphia 76ers,San Antonio Spurs,Kelly Oubre Jr.,Philadelphia 76ers,San Antonio Spurs,Player Steals,1.5,2.4,NA,Dabble
Philadelphia 76ers v San Antonio Spurs,Philadelphia 76ers,San Antonio Spurs,Chris Paul,San Antonio Spurs,Philadelphia 76ers,Player Steals,1.5,2.6,NA,Dabble
Philadelphia 76ers v San Antonio Spurs,Philadelphia 76ers,San Antonio Spurs,Jeremy Sochan,San Antonio Spurs,Philadelphia 76ers,Player Steals,1.5,2.8,NA,Dabble
Philadelphia 76ers v San Antonio Spurs,Philadelphia 76ers,San Antonio Spurs,Joel Embiid,Philadelphia 76ers,San Antonio Spurs,Player Steals,1.5,2.95,NA,Dabble
Philadelphia 76ers v San Antonio Spurs,Philadelphia 76ers,San Antonio Spurs,Victor Wembanyama,San Antonio Spurs,Philadelphia 76ers,Player Steals,1.5,2.95,NA,Dabble
Philadelphia 76ers v San Antonio Spurs,Philadelphia 76ers,San Antonio Spurs,Devin Vassell,San Antonio Spurs,Philadelphia 76ers,Player Steals,1.5,3,NA,Dabble
Philadelphia 76ers v San Antonio Spurs,Philadelphia 76ers,San Antonio Spurs,KJ Martin,Philadelphia 76ers,San Antonio Spurs,Player Steals,1.5,5,NA,Dabble
Philadelphia 76ers v San Antonio Spurs,Philadelphia 76ers,San Antonio Spurs,Keldon Johnson,San Antonio Spurs,Philadelphia 76ers,Player Steals,1.5,5.5,NA,Dabble
Philadelphia 76ers v San Antonio Spurs,Philadelphia 76ers,San Antonio Spurs,Stephon Castle,San Antonio Spurs,Philadelphia 76ers,Player Steals,1.5,5.5,NA,Dabble
Philadelphia 76ers v San Antonio Spurs,Philadelphia 76ers,San Antonio Spurs,Caleb Martin,Philadelphia 76ers,San Antonio Spurs,Player Steals,1.5,5.5,NA,Dabble
Philadelphia 76ers v San Antonio Spurs,Philadelphia 76ers,San Antonio Spurs,Julian Champagnie,San Antonio Spurs,Philadelphia 76ers,Player Steals,1.5,6.5,NA,Dabble
Philadelphia 76ers v San Antonio Spurs,Philadelphia 76ers,San Antonio Spurs,Guerschon Yabusele,Philadelphia 76ers,San Antonio Spurs,Player Steals,1.5,7.5,NA,Dabble
Philadelphia 76ers v San Antonio Spurs,Philadelphia 76ers,San Antonio Spurs,Harrison Barnes,San Antonio Spurs,Philadelphia 76ers,Player Steals,1.5,8.5,NA,Dabble
Philadelphia 76ers v San Antonio Spurs,Philadelphia 76ers,San Antonio Spurs,Victor Wembanyama,San Antonio Spurs,Philadelphia 76ers,Player Steals,7.5,6.5,NA,Dabble
Philadelphia 76ers v San Antonio Spurs,Philadelphia 76ers,San Antonio Spurs,Victor Wembanyama,San Antonio Spurs,Philadelphia 76ers,Player Steals,5.5,2.8,NA,Dabble
Philadelphia 76ers v San Antonio Spurs,Philadelphia 76ers,San Antonio Spurs,Joel Embiid,Philadelphia 76ers,San Antonio Spurs,Player Steals,5.5,13,NA,Dabble
Philadelphia 76ers v San Antonio Spurs,Philadelphia 76ers,San Antonio Spurs,Paul George,Philadelphia 76ers,San Antonio Spurs,Player Steals,5.5,15,NA,Dabble
Philadelphia 76ers v San Antonio Spurs,Philadelphia 76ers,San Antonio Spurs,Victor Wembanyama,San Antonio Spurs,Philadelphia 76ers,Player Steals,9.5,15,NA,Dabble
Philadelphia 76ers v San Antonio Spurs,Philadelphia 76ers,San Antonio Spurs,Paul George,Philadelphia 76ers,San Antonio Spurs,Player Steals,2.5,3.85,NA,Dabble
Philadelphia 76ers v San Antonio Spurs,Philadelphia 76ers,San Antonio Spurs,Tyrese Maxey,Philadelphia 76ers,San Antonio Spurs,Player Steals,2.5,4.25,NA,Dabble
Philadelphia 76ers v San Antonio Spurs,Philadelphia 76ers,San Antonio Spurs,Kelly Oubre Jr.,Philadelphia 76ers,San Antonio Spurs,Player Steals,2.5,5.5,NA,Dabble
Philadelphia 76ers v San Antonio Spurs,Philadelphia 76ers,San Antonio Spurs,Chris Paul,San Antonio Spurs,Philadelphia 76ers,Player Steals,2.5,5.75,NA,Dabble
Philadelphia 76ers v San Antonio Spurs,Philadelphia 76ers,San Antonio Spurs,Jeremy Sochan,San Antonio Spurs,Philadelphia 76ers,Player Steals,2.5,6.5,NA,Dabble
Philadelphia 76ers v San Antonio Spurs,Philadelphia 76ers,San Antonio Spurs,Victor Wembanyama,San Antonio Spurs,Philadelphia 76ers,Player Steals,2.5,7,NA,Dabble
Philadelphia 76ers v San Antonio Spurs,Philadelphia 76ers,San Antonio Spurs,Joel Embiid,Philadelphia 76ers,San Antonio Spurs,Player Steals,2.5,7,NA,Dabble
Philadelphia 76ers v San Antonio Spurs,Philadelphia 76ers,San Antonio Spurs,Devin Vassell,San Antonio Spurs,Philadelphia 76ers,Player Steals,2.5,7.5,NA,Dabble
Philadelphia 76ers v San Antonio Spurs,Philadelphia 76ers,San Antonio Spurs,Keldon Johnson,San Antonio Spurs,Philadelphia 76ers,Player Steals,2.5,13,NA,Dabble
Philadelphia 76ers v San Antonio Spurs,Philadelphia 76ers,San Antonio Spurs,Caleb Martin,Philadelphia 76ers,San Antonio Spurs,Player Steals,2.5,13,NA,Dabble
Philadelphia 76ers v San Antonio Spurs,Philadelphia 76ers,San Antonio Spurs,KJ Martin,Philadelphia 76ers,San Antonio Spurs,Player Steals,2.5,13,NA,Dabble
Philadelphia 76ers v San Antonio Spurs,Philadelphia 76ers,San Antonio Spurs,Stephon Castle,San Antonio Spurs,Philadelphia 76ers,Player Steals,2.5,13,NA,Dabble
Philadelphia 76ers v San Antonio Spurs,Philadelphia 76ers,San Antonio Spurs,Julian Champagnie,San Antonio Spurs,Philadelphia 76ers,Player Steals,2.5,17,NA,Dabble
Philadelphia 76ers v San Antonio Spurs,Philadelphia 76ers,San Antonio Spurs,Paul George,Philadelphia 76ers,San Antonio Spurs,Player Steals,4.5,15,NA,Dabble
Philadelphia 76ers v San Antonio Spurs,Philadelphia 76ers,San Antonio Spurs,Paul George,Philadelphia 76ers,San Antonio Spurs,Player Steals,3.5,8,NA,Dabble
Philadelphia 76ers v San Antonio Spurs,Philadelphia 76ers,San Antonio Spurs,Tyrese Maxey,Philadelphia 76ers,San Antonio Spurs,Player Steals,3.5,9,NA,Dabble
Philadelphia 76ers v San Antonio Spurs,Philadelphia 76ers,San Antonio Spurs,Kelly Oubre Jr.,Philadelphia 76ers,San Antonio Spurs,Player Steals,3.5,11,NA,Dabble
Philadelphia 76ers v San Antonio Spurs,Philadelphia 76ers,San Antonio Spurs,Chris Paul,San Antonio Spurs,Philadelphia 76ers,Player Steals,3.5,13,NA,Dabble
Philadelphia 76ers v San Antonio Spurs,Philadelphia 76ers,San Antonio Spurs,Joel Embiid,Philadelphia 76ers,San Antonio Spurs,Player Steals,3.5,15,NA,Dabble
Philadelphia 76ers v San Antonio Spurs,Philadelphia 76ers,San Antonio Spurs,Devin Vassell,San Antonio Spurs,Philadelphia 76ers,Player Steals,3.5,15,NA,Dabble
Philadelphia 76ers v San Antonio Spurs,Philadelphia 76ers,San Antonio Spurs,Victor Wembanyama,San Antonio Spurs,Philadelphia 76ers,Player Steals,3.5,15,NA,Dabble
Philadelphia 76ers v San Antonio Spurs,Philadelphia 76ers,San Antonio Spurs,Jeremy Sochan,San Antonio Spurs,Philadelphia 76ers,Player Steals,3.5,15,NA,Dabble
Philadelphia 76ers v San Antonio Spurs,Philadelphia 76ers,San Antonio Spurs,KJ Martin,Philadelphia 76ers,San Antonio Spurs,Player Steals,3.5,15,NA,Dabble
Philadelphia 76ers v San Antonio Spurs,Philadelphia 76ers,San Antonio Spurs,Caleb Martin,Philadelphia 76ers,San Antonio Spurs,Player Steals,3.5,17,NA,Dabble
Orlando Magic v Boston Celtics,Orlando Magic,Boston Celtics,Jaylen Brown,Boston Celtics,Orlando Magic,Player Steals,1.5,2.55,NA,Dabble
Orlando Magic v Boston Celtics,Orlando Magic,Boston Celtics,Jalen Suggs,Orlando Magic,Boston Celtics,Player Steals,1.5,2.6,NA,Dabble
Orlando Magic v Boston Celtics,Orlando Magic,Boston Celtics,Kentavious Caldwell-Pope,Orlando Magic,Boston Celtics,Player Steals,1.5,2.65,NA,Dabble
Orlando Magic v Boston Celtics,Orlando Magic,Boston Celtics,Jayson Tatum,Boston Celtics,Orlando Magic,Player Steals,1.5,2.9,NA,Dabble
Orlando Magic v Boston Celtics,Orlando Magic,Boston Celtics,Payton Pritchard,Boston Celtics,Orlando Magic,Player Steals,1.5,3.2,NA,Dabble
Orlando Magic v Boston Celtics,Orlando Magic,Boston Celtics,Derrick White,Boston Celtics,Orlando Magic,Player Steals,1.5,3.2,NA,Dabble
Orlando Magic v Boston Celtics,Orlando Magic,Boston Celtics,Kristaps Porzingis,NA,NA,Player Steals,1.5,3.3,NA,Dabble
Orlando Magic v Boston Celtics,Orlando Magic,Boston Celtics,Jrue Holiday,Boston Celtics,Orlando Magic,Player Steals,1.5,3.75,NA,Dabble
Orlando Magic v Boston Celtics,Orlando Magic,Boston Celtics,Wendell Carter Jr.,Orlando Magic,Boston Celtics,Player Steals,1.5,4.5,NA,Dabble
Orlando Magic v Boston Celtics,Orlando Magic,Boston Celtics,Goga Bitadze,Orlando Magic,Boston Celtics,Player Steals,1.5,5.25,NA,Dabble
Orlando Magic v Boston Celtics,Orlando Magic,Boston Celtics,Tristan da Silva,Orlando Magic,Boston Celtics,Player Steals,1.5,6,NA,Dabble
Orlando Magic v Boston Celtics,Orlando Magic,Boston Celtics,Kristaps Porzingis,NA,NA,Player Steals,5.5,10,NA,Dabble
Orlando Magic v Boston Celtics,Orlando Magic,Boston Celtics,Goga Bitadze,Orlando Magic,Boston Celtics,Player Steals,5.5,17,NA,Dabble
Orlando Magic v Boston Celtics,Orlando Magic,Boston Celtics,Jaylen Brown,Boston Celtics,Orlando Magic,Player Steals,0.5,1.32,NA,Dabble
Orlando Magic v Boston Celtics,Orlando Magic,Boston Celtics,Jalen Suggs,Orlando Magic,Boston Celtics,Player Steals,0.5,1.35,NA,Dabble
Orlando Magic v Boston Celtics,Orlando Magic,Boston Celtics,Kentavious Caldwell-Pope,Orlando Magic,Boston Celtics,Player Steals,0.5,1.35,NA,Dabble
Orlando Magic v Boston Celtics,Orlando Magic,Boston Celtics,Jayson Tatum,Boston Celtics,Orlando Magic,Player Steals,0.5,1.4,NA,Dabble
Orlando Magic v Boston Celtics,Orlando Magic,Boston Celtics,Payton Pritchard,Boston Celtics,Orlando Magic,Player Steals,0.5,1.46,NA,Dabble
Orlando Magic v Boston Celtics,Orlando Magic,Boston Celtics,Derrick White,Boston Celtics,Orlando Magic,Player Steals,0.5,1.46,NA,Dabble
Orlando Magic v Boston Celtics,Orlando Magic,Boston Celtics,Kristaps Porzingis,NA,NA,Player Steals,0.5,1.5,NA,Dabble
Orlando Magic v Boston Celtics,Orlando Magic,Boston Celtics,Jrue Holiday,Boston Celtics,Orlando Magic,Player Steals,0.5,1.6,NA,Dabble
Orlando Magic v Boston Celtics,Orlando Magic,Boston Celtics,Wendell Carter Jr.,Orlando Magic,Boston Celtics,Player Steals,0.5,1.8,NA,Dabble
Orlando Magic v Boston Celtics,Orlando Magic,Boston Celtics,Goga Bitadze,Orlando Magic,Boston Celtics,Player Steals,0.5,1.9,NA,Dabble
Orlando Magic v Boston Celtics,Orlando Magic,Boston Celtics,Tristan da Silva,Orlando Magic,Boston Celtics,Player Steals,0.5,2.15,NA,Dabble
Orlando Magic v Boston Celtics,Orlando Magic,Boston Celtics,Kristaps Porzingis,NA,NA,Player Steals,3.5,3.1,NA,Dabble
Orlando Magic v Boston Celtics,Orlando Magic,Boston Celtics,Goga Bitadze,Orlando Magic,Boston Celtics,Player Steals,3.5,5.25,NA,Dabble
Orlando Magic v Boston Celtics,Orlando Magic,Boston Celtics,Derrick White,Boston Celtics,Orlando Magic,Player Steals,3.5,6.5,NA,Dabble
Orlando Magic v Boston Celtics,Orlando Magic,Boston Celtics,Kentavious Caldwell-Pope,Orlando Magic,Boston Celtics,Player Steals,3.5,7.5,NA,Dabble
Orlando Magic v Boston Celtics,Orlando Magic,Boston Celtics,Jaylen Brown,Boston Celtics,Orlando Magic,Player Steals,3.5,8.5,NA,Dabble
Orlando Magic v Boston Celtics,Orlando Magic,Boston Celtics,Jayson Tatum,Boston Celtics,Orlando Magic,Player Steals,3.5,9.5,NA,Dabble
Orlando Magic v Boston Celtics,Orlando Magic,Boston Celtics,Payton Pritchard,Boston Celtics,Orlando Magic,Player Steals,3.5,13,NA,Dabble
Orlando Magic v Boston Celtics,Orlando Magic,Boston Celtics,Wendell Carter Jr.,Orlando Magic,Boston Celtics,Player Steals,3.5,13,NA,Dabble
Orlando Magic v Boston Celtics,Orlando Magic,Boston Celtics,Jrue Holiday,Boston Celtics,Orlando Magic,Player Steals,3.5,13,NA,Dabble
Orlando Magic v Boston Celtics,Orlando Magic,Boston Celtics,Jaylen Brown,Boston Celtics,Orlando Magic,Player Steals,2.5,5.75,NA,Dabble
Orlando Magic v Boston Celtics,Orlando Magic,Boston Celtics,Kentavious Caldwell-Pope,Orlando Magic,Boston Celtics,Player Steals,2.5,6,NA,Dabble
Orlando Magic v Boston Celtics,Orlando Magic,Boston Celtics,Jayson Tatum,Boston Celtics,Orlando Magic,Player Steals,2.5,6.5,NA,Dabble
Orlando Magic v Boston Celtics,Orlando Magic,Boston Celtics,Payton Pritchard,Boston Celtics,Orlando Magic,Player Steals,2.5,8,NA,Dabble
Orlando Magic v Boston Celtics,Orlando Magic,Boston Celtics,Kristaps Porzingis,NA,NA,Player Steals,2.5,8,NA,Dabble
Orlando Magic v Boston Celtics,Orlando Magic,Boston Celtics,Derrick White,Boston Celtics,Orlando Magic,Player Steals,2.5,8.5,NA,Dabble
Orlando Magic v Boston Celtics,Orlando Magic,Boston Celtics,Jrue Holiday,Boston Celtics,Orlando Magic,Player Steals,2.5,10,NA,Dabble
Orlando Magic v Boston Celtics,Orlando Magic,Boston Celtics,Goga Bitadze,Orlando Magic,Boston Celtics,Player Steals,2.5,13,NA,Dabble
Orlando Magic v Boston Celtics,Orlando Magic,Boston Celtics,Wendell Carter Jr.,Orlando Magic,Boston Celtics,Player Steals,2.5,13,NA,Dabble
Orlando Magic v Boston Celtics,Orlando Magic,Boston Celtics,Tristan da Silva,Orlando Magic,Boston Celtics,Player Steals,2.5,17,NA,Dabble
Charlotte Hornets v Houston Rockets,Charlotte Hornets,Houston Rockets,Alperen Sengun,Houston Rockets,Charlotte Hornets,Player Steals,1.5,2.02,NA,Dabble
Charlotte Hornets v Houston Rockets,Charlotte Hornets,Houston Rockets,LaMelo Ball,Charlotte Hornets,Houston Rockets,Player Steals,1.5,2.2,NA,Dabble
Charlotte Hornets v Houston Rockets,Charlotte Hornets,Houston Rockets,Fred VanVleet,Houston Rockets,Charlotte Hornets,Player Steals,1.5,2.45,NA,Dabble
Charlotte Hornets v Houston Rockets,Charlotte Hornets,Houston Rockets,Amen Thompson,Houston Rockets,Charlotte Hornets,Player Steals,1.5,2.95,NA,Dabble
Charlotte Hornets v Houston Rockets,Charlotte Hornets,Houston Rockets,Jalen Green,Houston Rockets,Charlotte Hornets,Player Steals,1.5,2.95,NA,Dabble
Charlotte Hornets v Houston Rockets,Charlotte Hornets,Houston Rockets,Dillon Brooks,Houston Rockets,Charlotte Hornets,Player Steals,1.5,3.6,NA,Dabble
Charlotte Hornets v Houston Rockets,Charlotte Hornets,Houston Rockets,Cody Martin,Charlotte Hornets,Houston Rockets,Player Steals,1.5,4,NA,Dabble
Charlotte Hornets v Houston Rockets,Charlotte Hornets,Houston Rockets,Josh Green,Charlotte Hornets,Houston Rockets,Player Steals,1.5,4,NA,Dabble
Charlotte Hornets v Houston Rockets,Charlotte Hornets,Houston Rockets,Jabari Smith Jr.,Houston Rockets,Charlotte Hornets,Player Steals,1.5,5.75,NA,Dabble
Charlotte Hornets v Houston Rockets,Charlotte Hornets,Houston Rockets,Miles Bridges,Charlotte Hornets,Houston Rockets,Player Steals,1.5,5.75,NA,Dabble
Charlotte Hornets v Houston Rockets,Charlotte Hornets,Houston Rockets,Mark Williams,Charlotte Hornets,Houston Rockets,Player Steals,1.5,7,NA,Dabble
Charlotte Hornets v Houston Rockets,Charlotte Hornets,Houston Rockets,Alperen Sengun,Houston Rockets,Charlotte Hornets,Player Steals,4.5,15,NA,Dabble
Charlotte Hornets v Houston Rockets,Charlotte Hornets,Houston Rockets,Alperen Sengun,Houston Rockets,Charlotte Hornets,Player Steals,2.5,4,NA,Dabble
Charlotte Hornets v Houston Rockets,Charlotte Hornets,Houston Rockets,LaMelo Ball,Charlotte Hornets,Houston Rockets,Player Steals,2.5,4.75,NA,Dabble
Charlotte Hornets v Houston Rockets,Charlotte Hornets,Houston Rockets,Fred VanVleet,Houston Rockets,Charlotte Hornets,Player Steals,2.5,5.5,NA,Dabble
Charlotte Hornets v Houston Rockets,Charlotte Hornets,Houston Rockets,Amen Thompson,Houston Rockets,Charlotte Hornets,Player Steals,2.5,7,NA,Dabble
Charlotte Hornets v Houston Rockets,Charlotte Hornets,Houston Rockets,Jalen Green,Houston Rockets,Charlotte Hornets,Player Steals,2.5,7,NA,Dabble
Charlotte Hornets v Houston Rockets,Charlotte Hornets,Houston Rockets,Dillon Brooks,Houston Rockets,Charlotte Hornets,Player Steals,2.5,9,NA,Dabble
Charlotte Hornets v Houston Rockets,Charlotte Hornets,Houston Rockets,Cody Martin,Charlotte Hornets,Houston Rockets,Player Steals,2.5,10,NA,Dabble
Charlotte Hornets v Houston Rockets,Charlotte Hornets,Houston Rockets,Josh Green,Charlotte Hornets,Houston Rockets,Player Steals,2.5,11,NA,Dabble
Charlotte Hornets v Houston Rockets,Charlotte Hornets,Houston Rockets,Jabari Smith Jr.,Houston Rockets,Charlotte Hornets,Player Steals,2.5,15,NA,Dabble
Charlotte Hornets v Houston Rockets,Charlotte Hornets,Houston Rockets,Miles Bridges,Charlotte Hornets,Houston Rockets,Player Steals,2.5,15,NA,Dabble
Charlotte Hornets v Houston Rockets,Charlotte Hornets,Houston Rockets,Alperen Sengun,Houston Rockets,Charlotte Hornets,Player Steals,3.5,3.4,NA,Dabble
Charlotte Hornets v Houston Rockets,Charlotte Hornets,Houston Rockets,Amen Thompson,Houston Rockets,Charlotte Hornets,Player Steals,3.5,5.75,NA,Dabble
Charlotte Hornets v Houston Rockets,Charlotte Hornets,Houston Rockets,Jabari Smith Jr.,Houston Rockets,Charlotte Hornets,Player Steals,3.5,5.75,NA,Dabble
Charlotte Hornets v Houston Rockets,Charlotte Hornets,Houston Rockets,Fred VanVleet,Houston Rockets,Charlotte Hornets,Player Steals,3.5,6,NA,Dabble
Charlotte Hornets v Houston Rockets,Charlotte Hornets,Houston Rockets,LaMelo Ball,Charlotte Hornets,Houston Rockets,Player Steals,3.5,7.5,NA,Dabble
Charlotte Hornets v Houston Rockets,Charlotte Hornets,Houston Rockets,Mark Williams,Charlotte Hornets,Houston Rockets,Player Steals,3.5,8.5,NA,Dabble
Charlotte Hornets v Houston Rockets,Charlotte Hornets,Houston Rockets,Cody Martin,Charlotte Hornets,Houston Rockets,Player Steals,3.5,9,NA,Dabble
Charlotte Hornets v Houston Rockets,Charlotte Hornets,Houston Rockets,Jalen Green,Houston Rockets,Charlotte Hornets,Player Steals,3.5,10,NA,Dabble
Charlotte Hornets v Houston Rockets,Charlotte Hornets,Houston Rockets,Dillon Brooks,Houston Rockets,Charlotte Hornets,Player Steals,3.5,11,NA,Dabble
Charlotte Hornets v Houston Rockets,Charlotte Hornets,Houston Rockets,Miles Bridges,Charlotte Hornets,Houston Rockets,Player Steals,3.5,13,NA,Dabble
Charlotte Hornets v Houston Rockets,Charlotte Hornets,Houston Rockets,Josh Green,Charlotte Hornets,Houston Rockets,Player Steals,3.5,13,NA,Dabble
Charlotte Hornets v Houston Rockets,Charlotte Hornets,Houston Rockets,Alperen Sengun,Houston Rockets,Charlotte Hornets,Player Steals,0.5,1.2,NA,Dabble
Charlotte Hornets v Houston Rockets,Charlotte Hornets,Houston Rockets,LaMelo Ball,Charlotte Hornets,Houston Rockets,Player Steals,0.5,1.26,NA,Dabble
Charlotte Hornets v Houston Rockets,Charlotte Hornets,Houston Rockets,Fred VanVleet,Houston Rockets,Charlotte Hornets,Player Steals,0.5,1.3,NA,Dabble
Charlotte Hornets v Houston Rockets,Charlotte Hornets,Houston Rockets,Amen Thompson,Houston Rockets,Charlotte Hornets,Player Steals,0.5,1.4,NA,Dabble
Charlotte Hornets v Houston Rockets,Charlotte Hornets,Houston Rockets,Jalen Green,Houston Rockets,Charlotte Hornets,Player Steals,0.5,1.45,NA,Dabble
Charlotte Hornets v Houston Rockets,Charlotte Hornets,Houston Rockets,Dillon Brooks,Houston Rockets,Charlotte Hornets,Player Steals,0.5,1.58,NA,Dabble
Charlotte Hornets v Houston Rockets,Charlotte Hornets,Houston Rockets,Josh Green,Charlotte Hornets,Houston Rockets,Player Steals,0.5,1.67,NA,Dabble
Charlotte Hornets v Houston Rockets,Charlotte Hornets,Houston Rockets,Cody Martin,Charlotte Hornets,Houston Rockets,Player Steals,0.5,1.7,NA,Dabble
Charlotte Hornets v Houston Rockets,Charlotte Hornets,Houston Rockets,Miles Bridges,Charlotte Hornets,Houston Rockets,Player Steals,0.5,1.98,NA,Dabble
Charlotte Hornets v Houston Rockets,Charlotte Hornets,Houston Rockets,Jabari Smith Jr.,Houston Rockets,Charlotte Hornets,Player Steals,0.5,2.02,NA,Dabble
Charlotte Hornets v Houston Rockets,Charlotte Hornets,Houston Rockets,Mark Williams,Charlotte Hornets,Houston Rockets,Player Steals,0.5,2.3,NA,Dabble
Charlotte Hornets v Houston Rockets,Charlotte Hornets,Houston Rockets,Alperen Sengun,Houston Rockets,Charlotte Hornets,Player Steals,5.5,11,NA,Dabble
Cleveland Cavaliers v Utah Jazz,Cleveland Cavaliers,Utah Jazz,Walker Kessler,Utah Jazz,Cleveland Cavaliers,Player Steals,7.5,15,NA,Dabble
Cleveland Cavaliers v Utah Jazz,Cleveland Cavaliers,Utah Jazz,Walker Kessler,Utah Jazz,Cleveland Cavaliers,Player Steals,3.5,2.15,NA,Dabble
Cleveland Cavaliers v Utah Jazz,Cleveland Cavaliers,Utah Jazz,Evan Mobley,Cleveland Cavaliers,Utah Jazz,Player Steals,3.5,2.8,NA,Dabble
Cleveland Cavaliers v Utah Jazz,Cleveland Cavaliers,Utah Jazz,Donovan Mitchell,Cleveland Cavaliers,Utah Jazz,Player Steals,3.5,4.5,NA,Dabble
Cleveland Cavaliers v Utah Jazz,Cleveland Cavaliers,Utah Jazz,Jarrett Allen,Cleveland Cavaliers,Utah Jazz,Player Steals,3.5,5,NA,Dabble
Cleveland Cavaliers v Utah Jazz,Cleveland Cavaliers,Utah Jazz,Darius Garland,Cleveland Cavaliers,Utah Jazz,Player Steals,3.5,10,NA,Dabble
Cleveland Cavaliers v Utah Jazz,Cleveland Cavaliers,Utah Jazz,Lauri Markkanen,Utah Jazz,Cleveland Cavaliers,Player Steals,3.5,15,NA,Dabble
Cleveland Cavaliers v Utah Jazz,Cleveland Cavaliers,Utah Jazz,Collin Sexton,Utah Jazz,Cleveland Cavaliers,Player Steals,3.5,15,NA,Dabble
Cleveland Cavaliers v Utah Jazz,Cleveland Cavaliers,Utah Jazz,Walker Kessler,Utah Jazz,Cleveland Cavaliers,Player Steals,1.5,1.15,NA,Dabble
Cleveland Cavaliers v Utah Jazz,Cleveland Cavaliers,Utah Jazz,Evan Mobley,Cleveland Cavaliers,Utah Jazz,Player Steals,1.5,1.24,NA,Dabble
Cleveland Cavaliers v Utah Jazz,Cleveland Cavaliers,Utah Jazz,Donovan Mitchell,Cleveland Cavaliers,Utah Jazz,Player Steals,1.5,1.46,NA,Dabble
Cleveland Cavaliers v Utah Jazz,Cleveland Cavaliers,Utah Jazz,Jarrett Allen,Cleveland Cavaliers,Utah Jazz,Player Steals,1.5,1.53,NA,Dabble
Cleveland Cavaliers v Utah Jazz,Cleveland Cavaliers,Utah Jazz,Dean Wade,Cleveland Cavaliers,Utah Jazz,Player Steals,1.5,1.85,NA,Dabble
Cleveland Cavaliers v Utah Jazz,Cleveland Cavaliers,Utah Jazz,Darius Garland,Cleveland Cavaliers,Utah Jazz,Player Steals,1.5,2.25,NA,Dabble
Cleveland Cavaliers v Utah Jazz,Cleveland Cavaliers,Utah Jazz,Lauri Markkanen,Utah Jazz,Cleveland Cavaliers,Player Steals,1.5,2.75,NA,Dabble
Cleveland Cavaliers v Utah Jazz,Cleveland Cavaliers,Utah Jazz,Collin Sexton,Utah Jazz,Cleveland Cavaliers,Player Steals,1.5,3,NA,Dabble
Cleveland Cavaliers v Utah Jazz,Cleveland Cavaliers,Utah Jazz,Donovan Mitchell,Cleveland Cavaliers,Utah Jazz,Player Steals,2.5,3.3,NA,Dabble
Cleveland Cavaliers v Utah Jazz,Cleveland Cavaliers,Utah Jazz,Evan Mobley,Cleveland Cavaliers,Utah Jazz,Player Steals,2.5,6,NA,Dabble
Cleveland Cavaliers v Utah Jazz,Cleveland Cavaliers,Utah Jazz,Darius Garland,Cleveland Cavaliers,Utah Jazz,Player Steals,2.5,6.5,NA,Dabble
Cleveland Cavaliers v Utah Jazz,Cleveland Cavaliers,Utah Jazz,Jarrett Allen,Cleveland Cavaliers,Utah Jazz,Player Steals,2.5,6.5,NA,Dabble
Cleveland Cavaliers v Utah Jazz,Cleveland Cavaliers,Utah Jazz,Collin Sexton,Utah Jazz,Cleveland Cavaliers,Player Steals,2.5,9,NA,Dabble
Cleveland Cavaliers v Utah Jazz,Cleveland Cavaliers,Utah Jazz,Lauri Markkanen,Utah Jazz,Cleveland Cavaliers,Player Steals,2.5,10,NA,Dabble
Cleveland Cavaliers v Utah Jazz,Cleveland Cavaliers,Utah Jazz,Walker Kessler,Utah Jazz,Cleveland Cavaliers,Player Steals,2.5,13,NA,Dabble
Cleveland Cavaliers v Utah Jazz,Cleveland Cavaliers,Utah Jazz,Donovan Mitchell,Cleveland Cavaliers,Utah Jazz,Player Steals,4.5,13,NA,Dabble
Cleveland Cavaliers v Utah Jazz,Cleveland Cavaliers,Utah Jazz,Walker Kessler,Utah Jazz,Cleveland Cavaliers,Player Steals,5.5,6,NA,Dabble
Cleveland Cavaliers v Utah Jazz,Cleveland Cavaliers,Utah Jazz,Evan Mobley,Cleveland Cavaliers,Utah Jazz,Player Steals,5.5,9.5,NA,Dabble
Cleveland Cavaliers v Utah Jazz,Cleveland Cavaliers,Utah Jazz,Donovan Mitchell,Cleveland Cavaliers,Utah Jazz,Player Steals,5.5,15,NA,Dabble
Cleveland Cavaliers v Utah Jazz,Cleveland Cavaliers,Utah Jazz,Jarrett Allen,Cleveland Cavaliers,Utah Jazz,Player Steals,5.5,17,NA,Dabble
Cleveland Cavaliers v Utah Jazz,Cleveland Cavaliers,Utah Jazz,Donovan Mitchell,Cleveland Cavaliers,Utah Jazz,Player Steals,0.5,1.15,NA,Dabble
Cleveland Cavaliers v Utah Jazz,Cleveland Cavaliers,Utah Jazz,Dean Wade,Cleveland Cavaliers,Utah Jazz,Player Steals,0.5,1.35,NA,Dabble
Cleveland Cavaliers v Utah Jazz,Cleveland Cavaliers,Utah Jazz,Evan Mobley,Cleveland Cavaliers,Utah Jazz,Player Steals,0.5,1.35,NA,Dabble
Cleveland Cavaliers v Utah Jazz,Cleveland Cavaliers,Utah Jazz,Jarrett Allen,Cleveland Cavaliers,Utah Jazz,Player Steals,0.5,1.38,NA,Dabble
Cleveland Cavaliers v Utah Jazz,Cleveland Cavaliers,Utah Jazz,Darius Garland,Cleveland Cavaliers,Utah Jazz,Player Steals,0.5,1.38,NA,Dabble
Cleveland Cavaliers v Utah Jazz,Cleveland Cavaliers,Utah Jazz,Lauri Markkanen,Utah Jazz,Cleveland Cavaliers,Player Steals,0.5,1.58,NA,Dabble
Cleveland Cavaliers v Utah Jazz,Cleveland Cavaliers,Utah Jazz,Collin Sexton,Utah Jazz,Cleveland Cavaliers,Player Steals,0.5,1.6,NA,Dabble
Cleveland Cavaliers v Utah Jazz,Cleveland Cavaliers,Utah Jazz,Walker Kessler,Utah Jazz,Cleveland Cavaliers,Player Steals,0.5,1.88,NA,Dabble
Atlanta Hawks v Minnesota Timberwolves,Atlanta Hawks,Minnesota Timberwolves,Dyson Daniels,Atlanta Hawks,Minnesota Timberwolves,Player Steals,1.5,1.38,NA,Dabble
Atlanta Hawks v Minnesota Timberwolves,Atlanta Hawks,Minnesota Timberwolves,Jaden McDaniels,Minnesota Timberwolves,Atlanta Hawks,Player Steals,1.5,2.15,NA,Dabble
Atlanta Hawks v Minnesota Timberwolves,Atlanta Hawks,Minnesota Timberwolves,Anthony Edwards,Minnesota Timberwolves,Atlanta Hawks,Player Steals,1.5,2.25,NA,Dabble
Atlanta Hawks v Minnesota Timberwolves,Atlanta Hawks,Minnesota Timberwolves,Mike Conley,Minnesota Timberwolves,Atlanta Hawks,Player Steals,1.5,2.3,NA,Dabble
Atlanta Hawks v Minnesota Timberwolves,Atlanta Hawks,Minnesota Timberwolves,Jalen Johnson,Atlanta Hawks,Minnesota Timberwolves,Player Steals,1.5,2.3,NA,Dabble
Atlanta Hawks v Minnesota Timberwolves,Atlanta Hawks,Minnesota Timberwolves,Trae Young,Atlanta Hawks,Minnesota Timberwolves,Player Steals,1.5,2.45,NA,Dabble
Atlanta Hawks v Minnesota Timberwolves,Atlanta Hawks,Minnesota Timberwolves,Donte DiVincenzo,Minnesota Timberwolves,Atlanta Hawks,Player Steals,1.5,2.75,NA,Dabble
Atlanta Hawks v Minnesota Timberwolves,Atlanta Hawks,Minnesota Timberwolves,Rudy Gobert,Minnesota Timberwolves,Atlanta Hawks,Player Steals,1.5,3,NA,Dabble
Atlanta Hawks v Minnesota Timberwolves,Atlanta Hawks,Minnesota Timberwolves,Julius Randle,Minnesota Timberwolves,Atlanta Hawks,Player Steals,1.5,3.2,NA,Dabble
Atlanta Hawks v Minnesota Timberwolves,Atlanta Hawks,Minnesota Timberwolves,Nickeil Alexander-Walker,Minnesota Timberwolves,Atlanta Hawks,Player Steals,1.5,3.3,NA,Dabble
Atlanta Hawks v Minnesota Timberwolves,Atlanta Hawks,Minnesota Timberwolves,Zaccharie Risacher,Atlanta Hawks,Minnesota Timberwolves,Player Steals,1.5,3.6,NA,Dabble
Atlanta Hawks v Minnesota Timberwolves,Atlanta Hawks,Minnesota Timberwolves,Clint Capela,Atlanta Hawks,Minnesota Timberwolves,Player Steals,1.5,4.25,NA,Dabble
Atlanta Hawks v Minnesota Timberwolves,Atlanta Hawks,Minnesota Timberwolves,Naz Reid,Minnesota Timberwolves,Atlanta Hawks,Player Steals,1.5,4.5,NA,Dabble
Atlanta Hawks v Minnesota Timberwolves,Atlanta Hawks,Minnesota Timberwolves,Dyson Daniels,Atlanta Hawks,Minnesota Timberwolves,Player Steals,5.5,7,NA,Dabble
Atlanta Hawks v Minnesota Timberwolves,Atlanta Hawks,Minnesota Timberwolves,Rudy Gobert,Minnesota Timberwolves,Atlanta Hawks,Player Steals,5.5,9.5,NA,Dabble
Atlanta Hawks v Minnesota Timberwolves,Atlanta Hawks,Minnesota Timberwolves,Jaden McDaniels,Minnesota Timberwolves,Atlanta Hawks,Player Steals,5.5,13,NA,Dabble
Atlanta Hawks v Minnesota Timberwolves,Atlanta Hawks,Minnesota Timberwolves,Jalen Johnson,Atlanta Hawks,Minnesota Timberwolves,Player Steals,5.5,13,NA,Dabble
Atlanta Hawks v Minnesota Timberwolves,Atlanta Hawks,Minnesota Timberwolves,Anthony Edwards,Minnesota Timberwolves,Atlanta Hawks,Player Steals,5.5,15,NA,Dabble
Atlanta Hawks v Minnesota Timberwolves,Atlanta Hawks,Minnesota Timberwolves,Jaden McDaniels,Minnesota Timberwolves,Atlanta Hawks,Player Steals,0.5,1.25,NA,Dabble
Atlanta Hawks v Minnesota Timberwolves,Atlanta Hawks,Minnesota Timberwolves,Anthony Edwards,Minnesota Timberwolves,Atlanta Hawks,Player Steals,0.5,1.26,NA,Dabble
Atlanta Hawks v Minnesota Timberwolves,Atlanta Hawks,Minnesota Timberwolves,Jalen Johnson,Atlanta Hawks,Minnesota Timberwolves,Player Steals,0.5,1.28,NA,Dabble
Atlanta Hawks v Minnesota Timberwolves,Atlanta Hawks,Minnesota Timberwolves,Mike Conley,Minnesota Timberwolves,Atlanta Hawks,Player Steals,0.5,1.3,NA,Dabble
Atlanta Hawks v Minnesota Timberwolves,Atlanta Hawks,Minnesota Timberwolves,Donte DiVincenzo,Minnesota Timberwolves,Atlanta Hawks,Player Steals,0.5,1.37,NA,Dabble
Atlanta Hawks v Minnesota Timberwolves,Atlanta Hawks,Minnesota Timberwolves,Rudy Gobert,Minnesota Timberwolves,Atlanta Hawks,Player Steals,0.5,1.42,NA,Dabble
Atlanta Hawks v Minnesota Timberwolves,Atlanta Hawks,Minnesota Timberwolves,Julius Randle,Minnesota Timberwolves,Atlanta Hawks,Player Steals,0.5,1.5,NA,Dabble
Atlanta Hawks v Minnesota Timberwolves,Atlanta Hawks,Minnesota Timberwolves,Nickeil Alexander-Walker,Minnesota Timberwolves,Atlanta Hawks,Player Steals,0.5,1.52,NA,Dabble
Atlanta Hawks v Minnesota Timberwolves,Atlanta Hawks,Minnesota Timberwolves,Zaccharie Risacher,Atlanta Hawks,Minnesota Timberwolves,Player Steals,0.5,1.6,NA,Dabble
Atlanta Hawks v Minnesota Timberwolves,Atlanta Hawks,Minnesota Timberwolves,Clint Capela,Atlanta Hawks,Minnesota Timberwolves,Player Steals,0.5,1.72,NA,Dabble
Atlanta Hawks v Minnesota Timberwolves,Atlanta Hawks,Minnesota Timberwolves,Naz Reid,Minnesota Timberwolves,Atlanta Hawks,Player Steals,0.5,1.75,NA,Dabble
Atlanta Hawks v Minnesota Timberwolves,Atlanta Hawks,Minnesota Timberwolves,Dyson Daniels,Atlanta Hawks,Minnesota Timberwolves,Player Steals,4.5,7,NA,Dabble
Atlanta Hawks v Minnesota Timberwolves,Atlanta Hawks,Minnesota Timberwolves,Dyson Daniels,Atlanta Hawks,Minnesota Timberwolves,Player Steals,3.5,2.4,NA,Dabble
Atlanta Hawks v Minnesota Timberwolves,Atlanta Hawks,Minnesota Timberwolves,Rudy Gobert,Minnesota Timberwolves,Atlanta Hawks,Player Steals,3.5,2.9,NA,Dabble
Atlanta Hawks v Minnesota Timberwolves,Atlanta Hawks,Minnesota Timberwolves,Jaden McDaniels,Minnesota Timberwolves,Atlanta Hawks,Player Steals,3.5,4,NA,Dabble
Atlanta Hawks v Minnesota Timberwolves,Atlanta Hawks,Minnesota Timberwolves,Jalen Johnson,Atlanta Hawks,Minnesota Timberwolves,Player Steals,3.5,4,NA,Dabble
Atlanta Hawks v Minnesota Timberwolves,Atlanta Hawks,Minnesota Timberwolves,Anthony Edwards,Minnesota Timberwolves,Atlanta Hawks,Player Steals,3.5,4.75,NA,Dabble
Atlanta Hawks v Minnesota Timberwolves,Atlanta Hawks,Minnesota Timberwolves,Clint Capela,Atlanta Hawks,Minnesota Timberwolves,Player Steals,3.5,5.5,NA,Dabble
Atlanta Hawks v Minnesota Timberwolves,Atlanta Hawks,Minnesota Timberwolves,Naz Reid,Minnesota Timberwolves,Atlanta Hawks,Player Steals,3.5,6.5,NA,Dabble
Atlanta Hawks v Minnesota Timberwolves,Atlanta Hawks,Minnesota Timberwolves,Mike Conley,Minnesota Timberwolves,Atlanta Hawks,Player Steals,3.5,7.5,NA,Dabble
Atlanta Hawks v Minnesota Timberwolves,Atlanta Hawks,Minnesota Timberwolves,Donte DiVincenzo,Minnesota Timberwolves,Atlanta Hawks,Player Steals,3.5,10,NA,Dabble
Atlanta Hawks v Minnesota Timberwolves,Atlanta Hawks,Minnesota Timberwolves,Zaccharie Risacher,Atlanta Hawks,Minnesota Timberwolves,Player Steals,3.5,10,NA,Dabble
Atlanta Hawks v Minnesota Timberwolves,Atlanta Hawks,Minnesota Timberwolves,Nickeil Alexander-Walker,Minnesota Timberwolves,Atlanta Hawks,Player Steals,3.5,11,NA,Dabble
Atlanta Hawks v Minnesota Timberwolves,Atlanta Hawks,Minnesota Timberwolves,Julius Randle,Minnesota Timberwolves,Atlanta Hawks,Player Steals,3.5,13,NA,Dabble
Atlanta Hawks v Minnesota Timberwolves,Atlanta Hawks,Minnesota Timberwolves,Dyson Daniels,Atlanta Hawks,Minnesota Timberwolves,Player Steals,2.5,2.15,NA,Dabble
Atlanta Hawks v Minnesota Timberwolves,Atlanta Hawks,Minnesota Timberwolves,Jaden McDaniels,Minnesota Timberwolves,Atlanta Hawks,Player Steals,2.5,4.5,NA,Dabble
Atlanta Hawks v Minnesota Timberwolves,Atlanta Hawks,Minnesota Timberwolves,Anthony Edwards,Minnesota Timberwolves,Atlanta Hawks,Player Steals,2.5,4.75,NA,Dabble
Atlanta Hawks v Minnesota Timberwolves,Atlanta Hawks,Minnesota Timberwolves,Mike Conley,Minnesota Timberwolves,Atlanta Hawks,Player Steals,2.5,4.75,NA,Dabble
Atlanta Hawks v Minnesota Timberwolves,Atlanta Hawks,Minnesota Timberwolves,Jalen Johnson,Atlanta Hawks,Minnesota Timberwolves,Player Steals,2.5,5,NA,Dabble
Atlanta Hawks v Minnesota Timberwolves,Atlanta Hawks,Minnesota Timberwolves,Donte DiVincenzo,Minnesota Timberwolves,Atlanta Hawks,Player Steals,2.5,6,NA,Dabble
Atlanta Hawks v Minnesota Timberwolves,Atlanta Hawks,Minnesota Timberwolves,Rudy Gobert,Minnesota Timberwolves,Atlanta Hawks,Player Steals,2.5,7,NA,Dabble
Atlanta Hawks v Minnesota Timberwolves,Atlanta Hawks,Minnesota Timberwolves,Julius Randle,Minnesota Timberwolves,Atlanta Hawks,Player Steals,2.5,8,NA,Dabble
Atlanta Hawks v Minnesota Timberwolves,Atlanta Hawks,Minnesota Timberwolves,Nickeil Alexander-Walker,Minnesota Timberwolves,Atlanta Hawks,Player Steals,2.5,8.5,NA,Dabble
Atlanta Hawks v Minnesota Timberwolves,Atlanta Hawks,Minnesota Timberwolves,Zaccharie Risacher,Atlanta Hawks,Minnesota Timberwolves,Player Steals,2.5,9.5,NA,Dabble
Atlanta Hawks v Minnesota Timberwolves,Atlanta Hawks,Minnesota Timberwolves,Clint Capela,Atlanta Hawks,Minnesota Timberwolves,Player Steals,2.5,11,NA,Dabble
Atlanta Hawks v Minnesota Timberwolves,Atlanta Hawks,Minnesota Timberwolves,Naz Reid,Minnesota Timberwolves,Atlanta Hawks,Player Steals,2.5,11,NA,Dabble
Miami Heat v Brooklyn Nets,Miami Heat,Brooklyn Nets,Nic Claxton,Brooklyn Nets,Miami Heat,Player Steals,3.5,4.75,NA,Dabble
Miami Heat v Brooklyn Nets,Miami Heat,Brooklyn Nets,Ben Simmons,Brooklyn Nets,Miami Heat,Player Steals,3.5,8.5,NA,Dabble
Miami Heat v Brooklyn Nets,Miami Heat,Brooklyn Nets,Cameron Johnson,Brooklyn Nets,Miami Heat,Player Steals,3.5,9.5,NA,Dabble
Miami Heat v Brooklyn Nets,Miami Heat,Brooklyn Nets,Keon Johnson,Brooklyn Nets,Miami Heat,Player Steals,3.5,10,NA,Dabble
Miami Heat v Brooklyn Nets,Miami Heat,Brooklyn Nets,Keon Johnson,Brooklyn Nets,Miami Heat,Player Steals,0.5,1.46,NA,Dabble
Miami Heat v Brooklyn Nets,Miami Heat,Brooklyn Nets,Ben Simmons,Brooklyn Nets,Miami Heat,Player Steals,0.5,1.46,NA,Dabble
Miami Heat v Brooklyn Nets,Miami Heat,Brooklyn Nets,Cameron Johnson,Brooklyn Nets,Miami Heat,Player Steals,0.5,1.52,NA,Dabble
Miami Heat v Brooklyn Nets,Miami Heat,Brooklyn Nets,Nic Claxton,Brooklyn Nets,Miami Heat,Player Steals,0.5,1.72,NA,Dabble
Miami Heat v Brooklyn Nets,Miami Heat,Brooklyn Nets,Nic Claxton,Brooklyn Nets,Miami Heat,Player Steals,1.5,1.5,NA,Dabble
Miami Heat v Brooklyn Nets,Miami Heat,Brooklyn Nets,Ben Simmons,Brooklyn Nets,Miami Heat,Player Steals,1.5,2.05,NA,Dabble
Miami Heat v Brooklyn Nets,Miami Heat,Brooklyn Nets,Keon Johnson,Brooklyn Nets,Miami Heat,Player Steals,1.5,2.1,NA,Dabble
Miami Heat v Brooklyn Nets,Miami Heat,Brooklyn Nets,Cameron Johnson,Brooklyn Nets,Miami Heat,Player Steals,1.5,2.15,NA,Dabble
Miami Heat v Brooklyn Nets,Miami Heat,Brooklyn Nets,Nic Claxton,Brooklyn Nets,Miami Heat,Player Steals,5.5,15,NA,Dabble
Miami Heat v Brooklyn Nets,Miami Heat,Brooklyn Nets,Ben Simmons,Brooklyn Nets,Miami Heat,Player Steals,2.5,8,NA,Dabble
Miami Heat v Brooklyn Nets,Miami Heat,Brooklyn Nets,Keon Johnson,Brooklyn Nets,Miami Heat,Player Steals,2.5,8.5,NA,Dabble
Miami Heat v Brooklyn Nets,Miami Heat,Brooklyn Nets,Cameron Johnson,Brooklyn Nets,Miami Heat,Player Steals,2.5,9,NA,Dabble
Miami Heat v Brooklyn Nets,Miami Heat,Brooklyn Nets,Nic Claxton,Brooklyn Nets,Miami Heat,Player Steals,2.5,11,NA,Dabble
New York Knicks v Toronto Raptors,New York Knicks,Toronto Raptors,OG Anunoby,New York Knicks,Toronto Raptors,Player Steals,3.5,3.6,NA,Dabble
New York Knicks v Toronto Raptors,New York Knicks,Toronto Raptors,Josh Hart,New York Knicks,Toronto Raptors,Player Steals,3.5,5.25,NA,Dabble
New York Knicks v Toronto Raptors,New York Knicks,Toronto Raptors,Karl-Anthony Towns,New York Knicks,Toronto Raptors,Player Steals,3.5,5.75,NA,Dabble
New York Knicks v Toronto Raptors,New York Knicks,Toronto Raptors,Scottie Barnes,Toronto Raptors,New York Knicks,Player Steals,3.5,6,NA,Dabble
New York Knicks v Toronto Raptors,New York Knicks,Toronto Raptors,Mikal Bridges,New York Knicks,Toronto Raptors,Player Steals,3.5,9,NA,Dabble
New York Knicks v Toronto Raptors,New York Knicks,Toronto Raptors,Precious Achiuwa,New York Knicks,Toronto Raptors,Player Steals,3.5,10,NA,Dabble
New York Knicks v Toronto Raptors,New York Knicks,Toronto Raptors,Ochai Agbaji,Toronto Raptors,New York Knicks,Player Steals,3.5,13,NA,Dabble
New York Knicks v Toronto Raptors,New York Knicks,Toronto Raptors,Jalen Brunson,New York Knicks,Toronto Raptors,Player Steals,3.5,15,NA,Dabble
New York Knicks v Toronto Raptors,New York Knicks,Toronto Raptors,Miles McBride,New York Knicks,Toronto Raptors,Player Steals,3.5,15,NA,Dabble
New York Knicks v Toronto Raptors,New York Knicks,Toronto Raptors,Josh Hart,New York Knicks,Toronto Raptors,Player Steals,1.5,1.95,NA,Dabble
New York Knicks v Toronto Raptors,New York Knicks,Toronto Raptors,OG Anunoby,New York Knicks,Toronto Raptors,Player Steals,1.5,2.2,NA,Dabble
New York Knicks v Toronto Raptors,New York Knicks,Toronto Raptors,Mikal Bridges,New York Knicks,Toronto Raptors,Player Steals,1.5,2.85,NA,Dabble
New York Knicks v Toronto Raptors,New York Knicks,Toronto Raptors,Jalen Brunson,New York Knicks,Toronto Raptors,Player Steals,1.5,3.6,NA,Dabble
New York Knicks v Toronto Raptors,New York Knicks,Toronto Raptors,Scottie Barnes,Toronto Raptors,New York Knicks,Player Steals,1.5,3.6,NA,Dabble
New York Knicks v Toronto Raptors,New York Knicks,Toronto Raptors,Karl-Anthony Towns,New York Knicks,Toronto Raptors,Player Steals,1.5,4,NA,Dabble
New York Knicks v Toronto Raptors,New York Knicks,Toronto Raptors,Miles McBride,New York Knicks,Toronto Raptors,Player Steals,1.5,4.25,NA,Dabble
New York Knicks v Toronto Raptors,New York Knicks,Toronto Raptors,Ochai Agbaji,Toronto Raptors,New York Knicks,Player Steals,1.5,4.75,NA,Dabble
New York Knicks v Toronto Raptors,New York Knicks,Toronto Raptors,Gradey Dick,Toronto Raptors,New York Knicks,Player Steals,1.5,5,NA,Dabble
New York Knicks v Toronto Raptors,New York Knicks,Toronto Raptors,Precious Achiuwa,New York Knicks,Toronto Raptors,Player Steals,1.5,7,NA,Dabble
New York Knicks v Toronto Raptors,New York Knicks,Toronto Raptors,OG Anunoby,New York Knicks,Toronto Raptors,Player Steals,5.5,13,NA,Dabble
New York Knicks v Toronto Raptors,New York Knicks,Toronto Raptors,Josh Hart,New York Knicks,Toronto Raptors,Player Steals,0.5,1.2,NA,Dabble
New York Knicks v Toronto Raptors,New York Knicks,Toronto Raptors,OG Anunoby,New York Knicks,Toronto Raptors,Player Steals,0.5,1.25,NA,Dabble
New York Knicks v Toronto Raptors,New York Knicks,Toronto Raptors,Mikal Bridges,New York Knicks,Toronto Raptors,Player Steals,0.5,1.38,NA,Dabble
New York Knicks v Toronto Raptors,New York Knicks,Toronto Raptors,Jalen Brunson,New York Knicks,Toronto Raptors,Player Steals,0.5,1.55,NA,Dabble
New York Knicks v Toronto Raptors,New York Knicks,Toronto Raptors,Scottie Barnes,Toronto Raptors,New York Knicks,Player Steals,0.5,1.58,NA,Dabble
New York Knicks v Toronto Raptors,New York Knicks,Toronto Raptors,Karl-Anthony Towns,New York Knicks,Toronto Raptors,Player Steals,0.5,1.66,NA,Dabble
New York Knicks v Toronto Raptors,New York Knicks,Toronto Raptors,Miles McBride,New York Knicks,Toronto Raptors,Player Steals,0.5,1.72,NA,Dabble
New York Knicks v Toronto Raptors,New York Knicks,Toronto Raptors,Ochai Agbaji,Toronto Raptors,New York Knicks,Player Steals,0.5,1.78,NA,Dabble
New York Knicks v Toronto Raptors,New York Knicks,Toronto Raptors,Gradey Dick,Toronto Raptors,New York Knicks,Player Steals,0.5,1.88,NA,Dabble
New York Knicks v Toronto Raptors,New York Knicks,Toronto Raptors,RJ Barrett,Toronto Raptors,New York Knicks,Player Steals,0.5,1.92,NA,Dabble
New York Knicks v Toronto Raptors,New York Knicks,Toronto Raptors,Precious Achiuwa,New York Knicks,Toronto Raptors,Player Steals,0.5,2.35,NA,Dabble
New York Knicks v Toronto Raptors,New York Knicks,Toronto Raptors,Josh Hart,New York Knicks,Toronto Raptors,Player Steals,4.5,15,NA,Dabble
New York Knicks v Toronto Raptors,New York Knicks,Toronto Raptors,RJ Barrett,Toronto Raptors,New York Knicks,Player Steals,1.5,2.75,NA,Dabble
New York Knicks v Toronto Raptors,New York Knicks,Toronto Raptors,Josh Hart,New York Knicks,Toronto Raptors,Player Steals,2.5,3.85,NA,Dabble
New York Knicks v Toronto Raptors,New York Knicks,Toronto Raptors,OG Anunoby,New York Knicks,Toronto Raptors,Player Steals,2.5,4.5,NA,Dabble
New York Knicks v Toronto Raptors,New York Knicks,Toronto Raptors,Mikal Bridges,New York Knicks,Toronto Raptors,Player Steals,2.5,7,NA,Dabble
New York Knicks v Toronto Raptors,New York Knicks,Toronto Raptors,Jalen Brunson,New York Knicks,Toronto Raptors,Player Steals,2.5,9,NA,Dabble
New York Knicks v Toronto Raptors,New York Knicks,Toronto Raptors,Scottie Barnes,Toronto Raptors,New York Knicks,Player Steals,2.5,9,NA,Dabble
New York Knicks v Toronto Raptors,New York Knicks,Toronto Raptors,Karl-Anthony Towns,New York Knicks,Toronto Raptors,Player Steals,2.5,10,NA,Dabble
New York Knicks v Toronto Raptors,New York Knicks,Toronto Raptors,Miles McBride,New York Knicks,Toronto Raptors,Player Steals,2.5,11,NA,Dabble
New York Knicks v Toronto Raptors,New York Knicks,Toronto Raptors,Ochai Agbaji,Toronto Raptors,New York Knicks,Player Steals,2.5,13,NA,Dabble
New York Knicks v Toronto Raptors,New York Knicks,Toronto Raptors,Gradey Dick,Toronto Raptors,New York Knicks,Player Steals,2.5,13,NA,Dabble
Oklahoma City Thunder v Washington Wizards,Oklahoma City Thunder,Washington Wizards,Shai Gilgeous-Alexander,Oklahoma City Thunder,Washington Wizards,Player Steals,1.5,1.22,NA,Dabble
Oklahoma City Thunder v Washington Wizards,Oklahoma City Thunder,Washington Wizards,Alex Caruso,Oklahoma City Thunder,Washington Wizards,Player Steals,1.5,1.37,NA,Dabble
Oklahoma City Thunder v Washington Wizards,Oklahoma City Thunder,Washington Wizards,Jalen Williams,Oklahoma City Thunder,Washington Wizards,Player Steals,1.5,1.46,NA,Dabble
Oklahoma City Thunder v Washington Wizards,Oklahoma City Thunder,Washington Wizards,Isaiah Hartenstein,Oklahoma City Thunder,Washington Wizards,Player Steals,1.5,1.75,NA,Dabble
Oklahoma City Thunder v Washington Wizards,Oklahoma City Thunder,Washington Wizards,Luguentz Dort,Oklahoma City Thunder,Washington Wizards,Player Steals,1.5,1.8,NA,Dabble
Oklahoma City Thunder v Washington Wizards,Oklahoma City Thunder,Washington Wizards,Cason Wallace,Oklahoma City Thunder,Washington Wizards,Player Steals,1.5,1.85,NA,Dabble
Oklahoma City Thunder v Washington Wizards,Oklahoma City Thunder,Washington Wizards,Shai Gilgeous-Alexander,Oklahoma City Thunder,Washington Wizards,Player Steals,3.5,2.8,NA,Dabble
Oklahoma City Thunder v Washington Wizards,Oklahoma City Thunder,Washington Wizards,Alex Caruso,Oklahoma City Thunder,Washington Wizards,Player Steals,3.5,3.25,NA,Dabble
Oklahoma City Thunder v Washington Wizards,Oklahoma City Thunder,Washington Wizards,Jalen Williams,Oklahoma City Thunder,Washington Wizards,Player Steals,3.5,4.5,NA,Dabble
Oklahoma City Thunder v Washington Wizards,Oklahoma City Thunder,Washington Wizards,Isaiah Hartenstein,Oklahoma City Thunder,Washington Wizards,Player Steals,3.5,6,NA,Dabble
Oklahoma City Thunder v Washington Wizards,Oklahoma City Thunder,Washington Wizards,Luguentz Dort,Oklahoma City Thunder,Washington Wizards,Player Steals,3.5,6.5,NA,Dabble
Oklahoma City Thunder v Washington Wizards,Oklahoma City Thunder,Washington Wizards,Cason Wallace,Oklahoma City Thunder,Washington Wizards,Player Steals,3.5,7,NA,Dabble
Oklahoma City Thunder v Washington Wizards,Oklahoma City Thunder,Washington Wizards,Shai Gilgeous-Alexander,Oklahoma City Thunder,Washington Wizards,Player Steals,0.5,1.1,NA,Dabble
Oklahoma City Thunder v Washington Wizards,Oklahoma City Thunder,Washington Wizards,Alex Caruso,Oklahoma City Thunder,Washington Wizards,Player Steals,0.5,1.15,NA,Dabble
Oklahoma City Thunder v Washington Wizards,Oklahoma City Thunder,Washington Wizards,Jalen Williams,Oklahoma City Thunder,Washington Wizards,Player Steals,0.5,1.2,NA,Dabble
Oklahoma City Thunder v Washington Wizards,Oklahoma City Thunder,Washington Wizards,Luguentz Dort,Oklahoma City Thunder,Washington Wizards,Player Steals,0.5,1.42,NA,Dabble
Oklahoma City Thunder v Washington Wizards,Oklahoma City Thunder,Washington Wizards,Cason Wallace,Oklahoma City Thunder,Washington Wizards,Player Steals,0.5,1.48,NA,Dabble
Oklahoma City Thunder v Washington Wizards,Oklahoma City Thunder,Washington Wizards,Isaiah Hartenstein,Oklahoma City Thunder,Washington Wizards,Player Steals,0.5,1.6,NA,Dabble
Oklahoma City Thunder v Washington Wizards,Oklahoma City Thunder,Washington Wizards,Shai Gilgeous-Alexander,Oklahoma City Thunder,Washington Wizards,Player Steals,2.5,2.85,NA,Dabble
Oklahoma City Thunder v Washington Wizards,Oklahoma City Thunder,Washington Wizards,Alex Caruso,Oklahoma City Thunder,Washington Wizards,Player Steals,2.5,2.95,NA,Dabble
Oklahoma City Thunder v Washington Wizards,Oklahoma City Thunder,Washington Wizards,Jalen Williams,Oklahoma City Thunder,Washington Wizards,Player Steals,2.5,4,NA,Dabble
Oklahoma City Thunder v Washington Wizards,Oklahoma City Thunder,Washington Wizards,Luguentz Dort,Oklahoma City Thunder,Washington Wizards,Player Steals,2.5,7,NA,Dabble
Oklahoma City Thunder v Washington Wizards,Oklahoma City Thunder,Washington Wizards,Cason Wallace,Oklahoma City Thunder,Washington Wizards,Player Steals,2.5,7.5,NA,Dabble
Oklahoma City Thunder v Washington Wizards,Oklahoma City Thunder,Washington Wizards,Isaiah Hartenstein,Oklahoma City Thunder,Washington Wizards,Player Steals,2.5,9.5,NA,Dabble
Oklahoma City Thunder v Washington Wizards,Oklahoma City Thunder,Washington Wizards,Alex Caruso,Oklahoma City Thunder,Washington Wizards,Player Steals,4.5,10,NA,Dabble
Oklahoma City Thunder v Washington Wizards,Oklahoma City Thunder,Washington Wizards,Shai Gilgeous-Alexander,Oklahoma City Thunder,Washington Wizards,Player Steals,4.5,11,NA,Dabble
Oklahoma City Thunder v Washington Wizards,Oklahoma City Thunder,Washington Wizards,Jalen Williams,Oklahoma City Thunder,Washington Wizards,Player Steals,4.5,15,NA,Dabble
Oklahoma City Thunder v Washington Wizards,Oklahoma City Thunder,Washington Wizards,Shai Gilgeous-Alexander,Oklahoma City Thunder,Washington Wizards,Player Steals,5.5,9.5,NA,Dabble
Oklahoma City Thunder v Washington Wizards,Oklahoma City Thunder,Washington Wizards,Alex Caruso,Oklahoma City Thunder,Washington Wizards,Player Steals,5.5,10,NA,Dabble
Oklahoma City Thunder v Washington Wizards,Oklahoma City Thunder,Washington Wizards,Jalen Williams,Oklahoma City Thunder,Washington Wizards,Player Steals,5.5,15,NA,Dabble
Memphis Grizzlies v Los Angeles Clippers,Memphis Grizzlies,Los Angeles Clippers,Kris Dunn,Los Angeles Clippers,Memphis Grizzlies,Player Steals,2.5,3.6,NA,Dabble
Memphis Grizzlies v Los Angeles Clippers,Memphis Grizzlies,Los Angeles Clippers,James Harden,Los Angeles Clippers,Memphis Grizzlies,Player Steals,2.5,4,NA,Dabble
Memphis Grizzlies v Los Angeles Clippers,Memphis Grizzlies,Los Angeles Clippers,Jaren Jackson Jr.,Memphis Grizzlies,Los Angeles Clippers,Player Steals,2.5,4.5,NA,Dabble
Memphis Grizzlies v Los Angeles Clippers,Memphis Grizzlies,Los Angeles Clippers,Kevin Porter Jr.,Los Angeles Clippers,Memphis Grizzlies,Player Steals,2.5,6,NA,Dabble
Memphis Grizzlies v Los Angeles Clippers,Memphis Grizzlies,Los Angeles Clippers,Norman Powell,Los Angeles Clippers,Memphis Grizzlies,Player Steals,2.5,6,NA,Dabble
Memphis Grizzlies v Los Angeles Clippers,Memphis Grizzlies,Los Angeles Clippers,Ja Morant,Memphis Grizzlies,Los Angeles Clippers,Player Steals,2.5,6.5,NA,Dabble
Memphis Grizzlies v Los Angeles Clippers,Memphis Grizzlies,Los Angeles Clippers,Derrick Jones Jr.,Los Angeles Clippers,Memphis Grizzlies,Player Steals,2.5,6.5,NA,Dabble
Memphis Grizzlies v Los Angeles Clippers,Memphis Grizzlies,Los Angeles Clippers,Zach Edey,Memphis Grizzlies,Los Angeles Clippers,Player Steals,2.5,7.5,NA,Dabble
Memphis Grizzlies v Los Angeles Clippers,Memphis Grizzlies,Los Angeles Clippers,Amir Coffey,Los Angeles Clippers,Memphis Grizzlies,Player Steals,2.5,11,NA,Dabble
Memphis Grizzlies v Los Angeles Clippers,Memphis Grizzlies,Los Angeles Clippers,Jaylen Wells,Memphis Grizzlies,Los Angeles Clippers,Player Steals,2.5,13,NA,Dabble
Memphis Grizzlies v Los Angeles Clippers,Memphis Grizzlies,Los Angeles Clippers,Jaren Jackson Jr.,Memphis Grizzlies,Los Angeles Clippers,Player Steals,1.5,1.2,NA,Dabble
Memphis Grizzlies v Los Angeles Clippers,Memphis Grizzlies,Los Angeles Clippers,James Harden,Los Angeles Clippers,Memphis Grizzlies,Player Steals,1.5,1.45,NA,Dabble
Memphis Grizzlies v Los Angeles Clippers,Memphis Grizzlies,Los Angeles Clippers,Zach Edey,Memphis Grizzlies,Los Angeles Clippers,Player Steals,1.5,1.46,NA,Dabble
Memphis Grizzlies v Los Angeles Clippers,Memphis Grizzlies,Los Angeles Clippers,Ivica Zubac,Los Angeles Clippers,Memphis Grizzlies,Player Steals,1.5,1.46,NA,Dabble
Memphis Grizzlies v Los Angeles Clippers,Memphis Grizzlies,Los Angeles Clippers,Kris Dunn,Los Angeles Clippers,Memphis Grizzlies,Player Steals,1.5,1.5,NA,Dabble
Memphis Grizzlies v Los Angeles Clippers,Memphis Grizzlies,Los Angeles Clippers,Ja Morant,Memphis Grizzlies,Los Angeles Clippers,Player Steals,1.5,2,NA,Dabble
Memphis Grizzlies v Los Angeles Clippers,Memphis Grizzlies,Los Angeles Clippers,Desmond Bane,Memphis Grizzlies,Los Angeles Clippers,Player Steals,1.5,2.02,NA,Dabble
Memphis Grizzlies v Los Angeles Clippers,Memphis Grizzlies,Los Angeles Clippers,Kevin Porter Jr.,Los Angeles Clippers,Memphis Grizzlies,Player Steals,1.5,2.05,NA,Dabble
Memphis Grizzlies v Los Angeles Clippers,Memphis Grizzlies,Los Angeles Clippers,Derrick Jones Jr.,Los Angeles Clippers,Memphis Grizzlies,Player Steals,1.5,2.05,NA,Dabble
Memphis Grizzlies v Los Angeles Clippers,Memphis Grizzlies,Los Angeles Clippers,Norman Powell,Los Angeles Clippers,Memphis Grizzlies,Player Steals,1.5,2.15,NA,Dabble
Memphis Grizzlies v Los Angeles Clippers,Memphis Grizzlies,Los Angeles Clippers,Amir Coffey,Los Angeles Clippers,Memphis Grizzlies,Player Steals,1.5,3.25,NA,Dabble
Memphis Grizzlies v Los Angeles Clippers,Memphis Grizzlies,Los Angeles Clippers,Jaylen Wells,Memphis Grizzlies,Los Angeles Clippers,Player Steals,1.5,3.3,NA,Dabble
Memphis Grizzlies v Los Angeles Clippers,Memphis Grizzlies,Los Angeles Clippers,Jaren Jackson Jr.,Memphis Grizzlies,Los Angeles Clippers,Player Steals,5.5,7,NA,Dabble
Memphis Grizzlies v Los Angeles Clippers,Memphis Grizzlies,Los Angeles Clippers,Kris Dunn,Los Angeles Clippers,Memphis Grizzlies,Player Steals,5.5,15,NA,Dabble
Memphis Grizzlies v Los Angeles Clippers,Memphis Grizzlies,Los Angeles Clippers,James Harden,Los Angeles Clippers,Memphis Grizzlies,Player Steals,5.5,15,NA,Dabble
Memphis Grizzlies v Los Angeles Clippers,Memphis Grizzlies,Los Angeles Clippers,Zach Edey,Memphis Grizzlies,Los Angeles Clippers,Player Steals,5.5,15,NA,Dabble
Memphis Grizzlies v Los Angeles Clippers,Memphis Grizzlies,Los Angeles Clippers,Kris Dunn,Los Angeles Clippers,Memphis Grizzlies,Player Steals,3.5,7,NA,Dabble
Memphis Grizzlies v Los Angeles Clippers,Memphis Grizzlies,Los Angeles Clippers,James Harden,Los Angeles Clippers,Memphis Grizzlies,Player Steals,3.5,9,NA,Dabble
Memphis Grizzlies v Los Angeles Clippers,Memphis Grizzlies,Los Angeles Clippers,Jaren Jackson Jr.,Memphis Grizzlies,Los Angeles Clippers,Player Steals,3.5,10,NA,Dabble
Memphis Grizzlies v Los Angeles Clippers,Memphis Grizzlies,Los Angeles Clippers,Ja Morant,Memphis Grizzlies,Los Angeles Clippers,Player Steals,3.5,13,NA,Dabble
Memphis Grizzlies v Los Angeles Clippers,Memphis Grizzlies,Los Angeles Clippers,Kevin Porter Jr.,Los Angeles Clippers,Memphis Grizzlies,Player Steals,3.5,13,NA,Dabble
Memphis Grizzlies v Los Angeles Clippers,Memphis Grizzlies,Los Angeles Clippers,Norman Powell,Los Angeles Clippers,Memphis Grizzlies,Player Steals,3.5,13,NA,Dabble
Memphis Grizzlies v Los Angeles Clippers,Memphis Grizzlies,Los Angeles Clippers,Derrick Jones Jr.,Los Angeles Clippers,Memphis Grizzlies,Player Steals,3.5,15,NA,Dabble
Memphis Grizzlies v Los Angeles Clippers,Memphis Grizzlies,Los Angeles Clippers,Zach Edey,Memphis Grizzlies,Los Angeles Clippers,Player Steals,3.5,17,NA,Dabble
Memphis Grizzlies v Los Angeles Clippers,Memphis Grizzlies,Los Angeles Clippers,Kris Dunn,Los Angeles Clippers,Memphis Grizzlies,Player Steals,0.5,1.17,NA,Dabble
Memphis Grizzlies v Los Angeles Clippers,Memphis Grizzlies,Los Angeles Clippers,James Harden,Los Angeles Clippers,Memphis Grizzlies,Player Steals,0.5,1.2,NA,Dabble
Memphis Grizzlies v Los Angeles Clippers,Memphis Grizzlies,Los Angeles Clippers,Jaren Jackson Jr.,Memphis Grizzlies,Los Angeles Clippers,Player Steals,0.5,1.25,NA,Dabble
Memphis Grizzlies v Los Angeles Clippers,Memphis Grizzlies,Los Angeles Clippers,Norman Powell,Los Angeles Clippers,Memphis Grizzlies,Player Steals,0.5,1.35,NA,Dabble
Memphis Grizzlies v Los Angeles Clippers,Memphis Grizzlies,Los Angeles Clippers,Kevin Porter Jr.,Los Angeles Clippers,Memphis Grizzlies,Player Steals,0.5,1.35,NA,Dabble
Memphis Grizzlies v Los Angeles Clippers,Memphis Grizzlies,Los Angeles Clippers,Ja Morant,Memphis Grizzlies,Los Angeles Clippers,Player Steals,0.5,1.38,NA,Dabble
Memphis Grizzlies v Los Angeles Clippers,Memphis Grizzlies,Los Angeles Clippers,Desmond Bane,Memphis Grizzlies,Los Angeles Clippers,Player Steals,0.5,1.4,NA,Dabble
Memphis Grizzlies v Los Angeles Clippers,Memphis Grizzlies,Los Angeles Clippers,Derrick Jones Jr.,Los Angeles Clippers,Memphis Grizzlies,Player Steals,0.5,1.4,NA,Dabble
Memphis Grizzlies v Los Angeles Clippers,Memphis Grizzlies,Los Angeles Clippers,Zach Edey,Memphis Grizzlies,Los Angeles Clippers,Player Steals,0.5,1.46,NA,Dabble
Memphis Grizzlies v Los Angeles Clippers,Memphis Grizzlies,Los Angeles Clippers,Ivica Zubac,Los Angeles Clippers,Memphis Grizzlies,Player Steals,0.5,1.6,NA,Dabble
Memphis Grizzlies v Los Angeles Clippers,Memphis Grizzlies,Los Angeles Clippers,Amir Coffey,Los Angeles Clippers,Memphis Grizzlies,Player Steals,0.5,1.75,NA,Dabble
Memphis Grizzlies v Los Angeles Clippers,Memphis Grizzlies,Los Angeles Clippers,Jaylen Wells,Memphis Grizzlies,Los Angeles Clippers,Player Steals,0.5,1.78,NA,Dabble
Memphis Grizzlies v Los Angeles Clippers,Memphis Grizzlies,Los Angeles Clippers,Amir Coffey,Los Angeles Clippers,Memphis Grizzlies,Player Steals,3.5,17,NA,Dabble
Memphis Grizzlies v Los Angeles Clippers,Memphis Grizzlies,Los Angeles Clippers,Kris Dunn,Los Angeles Clippers,Memphis Grizzlies,Player Steals,4.5,13,NA,Dabble
Memphis Grizzlies v Los Angeles Clippers,Memphis Grizzlies,Los Angeles Clippers,James Harden,Los Angeles Clippers,Memphis Grizzlies,Player Steals,4.5,17,NA,Dabble
Chicago Bulls v Milwaukee Bucks,Chicago Bulls,Milwaukee Bucks,Brook Lopez,Milwaukee Bucks,Chicago Bulls,Player Steals,3.5,2.7,NA,Dabble
Chicago Bulls v Milwaukee Bucks,Chicago Bulls,Milwaukee Bucks,Bobby Portis,Milwaukee Bucks,Chicago Bulls,Player Steals,3.5,8,NA,Dabble
Chicago Bulls v Milwaukee Bucks,Chicago Bulls,Milwaukee Bucks,Patrick Williams,Chicago Bulls,Milwaukee Bucks,Player Steals,3.5,10,NA,Dabble
Chicago Bulls v Milwaukee Bucks,Chicago Bulls,Milwaukee Bucks,Nikola Vu<c4><8d>evi<c4><87>,NA,NA,Player Steals,3.5,11,NA,Dabble
Chicago Bulls v Milwaukee Bucks,Chicago Bulls,Milwaukee Bucks,Khris Middleton,Milwaukee Bucks,Chicago Bulls,Player Steals,3.5,13,NA,Dabble
Chicago Bulls v Milwaukee Bucks,Chicago Bulls,Milwaukee Bucks,Zach LaVine,Chicago Bulls,Milwaukee Bucks,Player Steals,3.5,13,NA,Dabble
Chicago Bulls v Milwaukee Bucks,Chicago Bulls,Milwaukee Bucks,Coby White,Chicago Bulls,Milwaukee Bucks,Player Steals,3.5,15,NA,Dabble
Chicago Bulls v Milwaukee Bucks,Chicago Bulls,Milwaukee Bucks,Andre Jackson Jr.,Milwaukee Bucks,Chicago Bulls,Player Steals,3.5,15,NA,Dabble
Chicago Bulls v Milwaukee Bucks,Chicago Bulls,Milwaukee Bucks,Brook Lopez,Milwaukee Bucks,Chicago Bulls,Player Steals,1.5,1.22,NA,Dabble
Chicago Bulls v Milwaukee Bucks,Chicago Bulls,Milwaukee Bucks,Bobby Portis,Milwaukee Bucks,Chicago Bulls,Player Steals,1.5,1.98,NA,Dabble
Chicago Bulls v Milwaukee Bucks,Chicago Bulls,Milwaukee Bucks,Nikola Vu<c4><8d>evi<c4><87>,NA,NA,Player Steals,1.5,2.2,NA,Dabble
Chicago Bulls v Milwaukee Bucks,Chicago Bulls,Milwaukee Bucks,Patrick Williams,Chicago Bulls,Milwaukee Bucks,Player Steals,1.5,2.3,NA,Dabble
Chicago Bulls v Milwaukee Bucks,Chicago Bulls,Milwaukee Bucks,Zach LaVine,Chicago Bulls,Milwaukee Bucks,Player Steals,1.5,2.65,NA,Dabble
Chicago Bulls v Milwaukee Bucks,Chicago Bulls,Milwaukee Bucks,Josh Giddey,Chicago Bulls,Milwaukee Bucks,Player Steals,1.5,2.65,NA,Dabble
Chicago Bulls v Milwaukee Bucks,Chicago Bulls,Milwaukee Bucks,Coby White,Chicago Bulls,Milwaukee Bucks,Player Steals,1.5,2.85,NA,Dabble
Chicago Bulls v Milwaukee Bucks,Chicago Bulls,Milwaukee Bucks,Khris Middleton,Milwaukee Bucks,Chicago Bulls,Player Steals,1.5,2.85,NA,Dabble
Chicago Bulls v Milwaukee Bucks,Chicago Bulls,Milwaukee Bucks,Andre Jackson Jr.,Milwaukee Bucks,Chicago Bulls,Player Steals,1.5,3.25,NA,Dabble
Chicago Bulls v Milwaukee Bucks,Chicago Bulls,Milwaukee Bucks,Coby White,Chicago Bulls,Milwaukee Bucks,Player Steals,2.5,8.5,NA,Dabble
Chicago Bulls v Milwaukee Bucks,Chicago Bulls,Milwaukee Bucks,Zach LaVine,Chicago Bulls,Milwaukee Bucks,Player Steals,2.5,9,NA,Dabble
Chicago Bulls v Milwaukee Bucks,Chicago Bulls,Milwaukee Bucks,Bobby Portis,Milwaukee Bucks,Chicago Bulls,Player Steals,2.5,9.5,NA,Dabble
Chicago Bulls v Milwaukee Bucks,Chicago Bulls,Milwaukee Bucks,Brook Lopez,Milwaukee Bucks,Chicago Bulls,Player Steals,2.5,10,NA,Dabble
Chicago Bulls v Milwaukee Bucks,Chicago Bulls,Milwaukee Bucks,Patrick Williams,Chicago Bulls,Milwaukee Bucks,Player Steals,2.5,10,NA,Dabble
Chicago Bulls v Milwaukee Bucks,Chicago Bulls,Milwaukee Bucks,Khris Middleton,Milwaukee Bucks,Chicago Bulls,Player Steals,2.5,10,NA,Dabble
Chicago Bulls v Milwaukee Bucks,Chicago Bulls,Milwaukee Bucks,Andre Jackson Jr.,Milwaukee Bucks,Chicago Bulls,Player Steals,2.5,11,NA,Dabble
Chicago Bulls v Milwaukee Bucks,Chicago Bulls,Milwaukee Bucks,Nikola Vu<c4><8d>evi<c4><87>,NA,NA,Player Steals,2.5,11,NA,Dabble
Chicago Bulls v Milwaukee Bucks,Chicago Bulls,Milwaukee Bucks,Brook Lopez,Milwaukee Bucks,Chicago Bulls,Player Steals,5.5,8,NA,Dabble
Chicago Bulls v Milwaukee Bucks,Chicago Bulls,Milwaukee Bucks,Coby White,Chicago Bulls,Milwaukee Bucks,Player Steals,0.5,1.5,NA,Dabble
Chicago Bulls v Milwaukee Bucks,Chicago Bulls,Milwaukee Bucks,Zach LaVine,Chicago Bulls,Milwaukee Bucks,Player Steals,0.5,1.53,NA,Dabble
Chicago Bulls v Milwaukee Bucks,Chicago Bulls,Milwaukee Bucks,Bobby Portis,Milwaukee Bucks,Chicago Bulls,Player Steals,0.5,1.6,NA,Dabble
Chicago Bulls v Milwaukee Bucks,Chicago Bulls,Milwaukee Bucks,Brook Lopez,Milwaukee Bucks,Chicago Bulls,Player Steals,0.5,1.66,NA,Dabble
Chicago Bulls v Milwaukee Bucks,Chicago Bulls,Milwaukee Bucks,Josh Giddey,Chicago Bulls,Milwaukee Bucks,Player Steals,0.5,1.66,NA,Dabble
Chicago Bulls v Milwaukee Bucks,Chicago Bulls,Milwaukee Bucks,Patrick Williams,Chicago Bulls,Milwaukee Bucks,Player Steals,0.5,1.68,NA,Dabble
Chicago Bulls v Milwaukee Bucks,Chicago Bulls,Milwaukee Bucks,Nikola Vu<c4><8d>evi<c4><87>,NA,NA,Player Steals,0.5,1.7,NA,Dabble
Chicago Bulls v Milwaukee Bucks,Chicago Bulls,Milwaukee Bucks,Khris Middleton,Milwaukee Bucks,Chicago Bulls,Player Steals,0.5,1.7,NA,Dabble
Chicago Bulls v Milwaukee Bucks,Chicago Bulls,Milwaukee Bucks,Andre Jackson Jr.,Milwaukee Bucks,Chicago Bulls,Player Steals,0.5,1.8,NA,Dabble
Dallas Mavericks v Portland Trail Blazers,Dallas Mavericks,Portland Trail Blazers,Toumani Camara,Portland Trail Blazers,Dallas Mavericks,Player Steals,2.5,7,NA,Dabble
Dallas Mavericks v Portland Trail Blazers,Dallas Mavericks,Portland Trail Blazers,Jerami Grant,Portland Trail Blazers,Dallas Mavericks,Player Steals,2.5,8,NA,Dabble
Dallas Mavericks v Portland Trail Blazers,Dallas Mavericks,Portland Trail Blazers,Anfernee Simons,Portland Trail Blazers,Dallas Mavericks,Player Steals,2.5,10,NA,Dabble
Dallas Mavericks v Portland Trail Blazers,Dallas Mavericks,Portland Trail Blazers,Deandre Ayton,Portland Trail Blazers,Dallas Mavericks,Player Steals,2.5,10,NA,Dabble
Dallas Mavericks v Portland Trail Blazers,Dallas Mavericks,Portland Trail Blazers,Deni Avdija,Portland Trail Blazers,Dallas Mavericks,Player Steals,2.5,11,NA,Dabble
Dallas Mavericks v Portland Trail Blazers,Dallas Mavericks,Portland Trail Blazers,Scoot Henderson,Portland Trail Blazers,Dallas Mavericks,Player Steals,2.5,11,NA,Dabble
Dallas Mavericks v Portland Trail Blazers,Dallas Mavericks,Portland Trail Blazers,Shaedon Sharpe,Portland Trail Blazers,Dallas Mavericks,Player Steals,2.5,11,NA,Dabble
Dallas Mavericks v Portland Trail Blazers,Dallas Mavericks,Portland Trail Blazers,Luka Don<c4><8d>i<c4><87>,NA,NA,Player Steals,1.5,1.4,NA,Dabble
Dallas Mavericks v Portland Trail Blazers,Dallas Mavericks,Portland Trail Blazers,Jerami Grant,Portland Trail Blazers,Dallas Mavericks,Player Steals,1.5,1.72,NA,Dabble
Dallas Mavericks v Portland Trail Blazers,Dallas Mavericks,Portland Trail Blazers,Deandre Ayton,Portland Trail Blazers,Dallas Mavericks,Player Steals,1.5,1.95,NA,Dabble
Dallas Mavericks v Portland Trail Blazers,Dallas Mavericks,Portland Trail Blazers,Toumani Camara,Portland Trail Blazers,Dallas Mavericks,Player Steals,1.5,2.1,NA,Dabble
Dallas Mavericks v Portland Trail Blazers,Dallas Mavericks,Portland Trail Blazers,Deni Avdija,Portland Trail Blazers,Dallas Mavericks,Player Steals,1.5,2.45,NA,Dabble
Dallas Mavericks v Portland Trail Blazers,Dallas Mavericks,Portland Trail Blazers,Shaedon Sharpe,Portland Trail Blazers,Dallas Mavericks,Player Steals,1.5,3.25,NA,Dabble
Dallas Mavericks v Portland Trail Blazers,Dallas Mavericks,Portland Trail Blazers,Anfernee Simons,Portland Trail Blazers,Dallas Mavericks,Player Steals,1.5,3.4,NA,Dabble
Dallas Mavericks v Portland Trail Blazers,Dallas Mavericks,Portland Trail Blazers,Scoot Henderson,Portland Trail Blazers,Dallas Mavericks,Player Steals,1.5,3.6,NA,Dabble
Dallas Mavericks v Portland Trail Blazers,Dallas Mavericks,Portland Trail Blazers,Toumani Camara,Portland Trail Blazers,Dallas Mavericks,Player Steals,0.5,1.38,NA,Dabble
Dallas Mavericks v Portland Trail Blazers,Dallas Mavericks,Portland Trail Blazers,Jerami Grant,Portland Trail Blazers,Dallas Mavericks,Player Steals,0.5,1.46,NA,Dabble
Dallas Mavericks v Portland Trail Blazers,Dallas Mavericks,Portland Trail Blazers,Anfernee Simons,Portland Trail Blazers,Dallas Mavericks,Player Steals,0.5,1.66,NA,Dabble
Dallas Mavericks v Portland Trail Blazers,Dallas Mavericks,Portland Trail Blazers,Deandre Ayton,Portland Trail Blazers,Dallas Mavericks,Player Steals,0.5,1.67,NA,Dabble
Dallas Mavericks v Portland Trail Blazers,Dallas Mavericks,Portland Trail Blazers,Deni Avdija,Portland Trail Blazers,Dallas Mavericks,Player Steals,0.5,1.7,NA,Dabble
Dallas Mavericks v Portland Trail Blazers,Dallas Mavericks,Portland Trail Blazers,Shaedon Sharpe,Portland Trail Blazers,Dallas Mavericks,Player Steals,0.5,1.72,NA,Dabble
Dallas Mavericks v Portland Trail Blazers,Dallas Mavericks,Portland Trail Blazers,Scoot Henderson,Portland Trail Blazers,Dallas Mavericks,Player Steals,0.5,1.78,NA,Dabble
Dallas Mavericks v Portland Trail Blazers,Dallas Mavericks,Portland Trail Blazers,Jerami Grant,Portland Trail Blazers,Dallas Mavericks,Player Steals,3.5,6,NA,Dabble
Dallas Mavericks v Portland Trail Blazers,Dallas Mavericks,Portland Trail Blazers,Deandre Ayton,Portland Trail Blazers,Dallas Mavericks,Player Steals,3.5,8,NA,Dabble
Dallas Mavericks v Portland Trail Blazers,Dallas Mavericks,Portland Trail Blazers,Toumani Camara,Portland Trail Blazers,Dallas Mavericks,Player Steals,3.5,9,NA,Dabble
Dallas Mavericks v Portland Trail Blazers,Dallas Mavericks,Portland Trail Blazers,Deni Avdija,Portland Trail Blazers,Dallas Mavericks,Player Steals,3.5,11,NA,Dabble
Dallas Mavericks v Portland Trail Blazers,Dallas Mavericks,Portland Trail Blazers,Shaedon Sharpe,Portland Trail Blazers,Dallas Mavericks,Player Steals,3.5,17,NA,Dabble
Dallas Mavericks v Portland Trail Blazers,Dallas Mavericks,Portland Trail Blazers,Anfernee Simons,Portland Trail Blazers,Dallas Mavericks,Player Steals,3.5,17,NA,Dabble
Golden State Warriors v Indiana Pacers,Golden State Warriors,Indiana Pacers,Tyrese Haliburton,Indiana Pacers,Golden State Warriors,Player Steals,2.5,5.75,NA,Dabble
Golden State Warriors v Indiana Pacers,Golden State Warriors,Indiana Pacers,Stephen Curry,Golden State Warriors,Indiana Pacers,Player Steals,2.5,6,NA,Dabble
Golden State Warriors v Indiana Pacers,Golden State Warriors,Indiana Pacers,T.J. McConnell,Indiana Pacers,Golden State Warriors,Player Steals,2.5,7.5,NA,Dabble
Golden State Warriors v Indiana Pacers,Golden State Warriors,Indiana Pacers,Andrew Wiggins,Golden State Warriors,Indiana Pacers,Player Steals,2.5,8,NA,Dabble
Golden State Warriors v Indiana Pacers,Golden State Warriors,Indiana Pacers,Pascal Siakam,Indiana Pacers,Golden State Warriors,Player Steals,2.5,8,NA,Dabble
Golden State Warriors v Indiana Pacers,Golden State Warriors,Indiana Pacers,Myles Turner,Indiana Pacers,Golden State Warriors,Player Steals,2.5,9,NA,Dabble
Golden State Warriors v Indiana Pacers,Golden State Warriors,Indiana Pacers,Bennedict Mathurin,Indiana Pacers,Golden State Warriors,Player Steals,2.5,9.5,NA,Dabble
Golden State Warriors v Indiana Pacers,Golden State Warriors,Indiana Pacers,Andrew Nembhard,Indiana Pacers,Golden State Warriors,Player Steals,2.5,10,NA,Dabble
Golden State Warriors v Indiana Pacers,Golden State Warriors,Indiana Pacers,Obi Toppin,Indiana Pacers,Golden State Warriors,Player Steals,2.5,11,NA,Dabble
Golden State Warriors v Indiana Pacers,Golden State Warriors,Indiana Pacers,Dennis Schr<c3><b6>der,NA,NA,Player Steals,2.5,11,NA,Dabble
Golden State Warriors v Indiana Pacers,Golden State Warriors,Indiana Pacers,Tyrese Haliburton,Indiana Pacers,Golden State Warriors,Player Steals,0.5,1.33,NA,Dabble
Golden State Warriors v Indiana Pacers,Golden State Warriors,Indiana Pacers,Stephen Curry,Golden State Warriors,Indiana Pacers,Player Steals,0.5,1.35,NA,Dabble
Golden State Warriors v Indiana Pacers,Golden State Warriors,Indiana Pacers,T.J. McConnell,Indiana Pacers,Golden State Warriors,Player Steals,0.5,1.45,NA,Dabble
Golden State Warriors v Indiana Pacers,Golden State Warriors,Indiana Pacers,Draymond Green,Golden State Warriors,Indiana Pacers,Player Steals,0.5,1.46,NA,Dabble
Golden State Warriors v Indiana Pacers,Golden State Warriors,Indiana Pacers,Pascal Siakam,Indiana Pacers,Golden State Warriors,Player Steals,0.5,1.48,NA,Dabble
Golden State Warriors v Indiana Pacers,Golden State Warriors,Indiana Pacers,Andrew Wiggins,Golden State Warriors,Indiana Pacers,Player Steals,0.5,1.48,NA,Dabble
Golden State Warriors v Indiana Pacers,Golden State Warriors,Indiana Pacers,Myles Turner,Indiana Pacers,Golden State Warriors,Player Steals,0.5,1.53,NA,Dabble
Golden State Warriors v Indiana Pacers,Golden State Warriors,Indiana Pacers,Bennedict Mathurin,Indiana Pacers,Golden State Warriors,Player Steals,0.5,1.55,NA,Dabble
Golden State Warriors v Indiana Pacers,Golden State Warriors,Indiana Pacers,Andrew Nembhard,Indiana Pacers,Golden State Warriors,Player Steals,0.5,1.64,NA,Dabble
Golden State Warriors v Indiana Pacers,Golden State Warriors,Indiana Pacers,Dennis Schr<c3><b6>der,NA,NA,Player Steals,0.5,1.72,NA,Dabble
Golden State Warriors v Indiana Pacers,Golden State Warriors,Indiana Pacers,Obi Toppin,Indiana Pacers,Golden State Warriors,Player Steals,0.5,1.72,NA,Dabble
Golden State Warriors v Indiana Pacers,Golden State Warriors,Indiana Pacers,Myles Turner,Indiana Pacers,Golden State Warriors,Player Steals,5.5,6.5,NA,Dabble
Golden State Warriors v Indiana Pacers,Golden State Warriors,Indiana Pacers,Myles Turner,Indiana Pacers,Golden State Warriors,Player Steals,7.5,17,NA,Dabble
Golden State Warriors v Indiana Pacers,Golden State Warriors,Indiana Pacers,Tyrese Haliburton,Indiana Pacers,Golden State Warriors,Player Steals,1.5,2.5,NA,Dabble
Golden State Warriors v Indiana Pacers,Golden State Warriors,Indiana Pacers,Stephen Curry,Golden State Warriors,Indiana Pacers,Player Steals,1.5,2.7,NA,Dabble
Golden State Warriors v Indiana Pacers,Golden State Warriors,Indiana Pacers,T.J. McConnell,Indiana Pacers,Golden State Warriors,Player Steals,1.5,3,NA,Dabble
Golden State Warriors v Indiana Pacers,Golden State Warriors,Indiana Pacers,Pascal Siakam,Indiana Pacers,Golden State Warriors,Player Steals,1.5,3.2,NA,Dabble
Golden State Warriors v Indiana Pacers,Golden State Warriors,Indiana Pacers,Andrew Wiggins,Golden State Warriors,Indiana Pacers,Player Steals,1.5,3.3,NA,Dabble
Golden State Warriors v Indiana Pacers,Golden State Warriors,Indiana Pacers,Myles Turner,Indiana Pacers,Golden State Warriors,Player Steals,1.5,3.5,NA,Dabble
Golden State Warriors v Indiana Pacers,Golden State Warriors,Indiana Pacers,Bennedict Mathurin,Indiana Pacers,Golden State Warriors,Player Steals,1.5,3.6,NA,Dabble
Golden State Warriors v Indiana Pacers,Golden State Warriors,Indiana Pacers,Andrew Nembhard,Indiana Pacers,Golden State Warriors,Player Steals,1.5,3.85,NA,Dabble
Golden State Warriors v Indiana Pacers,Golden State Warriors,Indiana Pacers,Dennis Schr<c3><b6>der,NA,NA,Player Steals,1.5,4.25,NA,Dabble
Golden State Warriors v Indiana Pacers,Golden State Warriors,Indiana Pacers,Obi Toppin,Indiana Pacers,Golden State Warriors,Player Steals,1.5,4.5,NA,Dabble
Golden State Warriors v Indiana Pacers,Golden State Warriors,Indiana Pacers,Draymond Green,Golden State Warriors,Indiana Pacers,Player Steals,1.5,1.72,NA,Dabble
Golden State Warriors v Indiana Pacers,Golden State Warriors,Indiana Pacers,Tyrese Haliburton,Indiana Pacers,Golden State Warriors,Player Steals,3.5,11,NA,Dabble
Golden State Warriors v Indiana Pacers,Golden State Warriors,Indiana Pacers,Stephen Curry,Golden State Warriors,Indiana Pacers,Player Steals,3.5,13,NA,Dabble
Golden State Warriors v Indiana Pacers,Golden State Warriors,Indiana Pacers,T.J. McConnell,Indiana Pacers,Golden State Warriors,Player Steals,3.5,15,NA,Dabble
Golden State Warriors v Indiana Pacers,Golden State Warriors,Indiana Pacers,Myles Turner,Indiana Pacers,Golden State Warriors,Player Steals,3.5,17,NA,Dabble
Golden State Warriors v Indiana Pacers,Golden State Warriors,Indiana Pacers,Andrew Wiggins,Golden State Warriors,Indiana Pacers,Player Steals,3.5,17,NA,Dabble
Golden State Warriors v Indiana Pacers,Golden State Warriors,Indiana Pacers,Pascal Siakam,Indiana Pacers,Golden State Warriors,Player Steals,3.5,10,NA,Dabble
Golden State Warriors v Indiana Pacers,Golden State Warriors,Indiana Pacers,Bennedict Mathurin,Indiana Pacers,Golden State Warriors,Player Steals,3.5,11,NA,Dabble
Golden State Warriors v Indiana Pacers,Golden State Warriors,Indiana Pacers,Obi Toppin,Indiana Pacers,Golden State Warriors,Player Steals,3.5,13,NA,Dabble
Golden State Warriors v Indiana Pacers,Golden State Warriors,Indiana Pacers,Dennis Schr<c3><b6>der,NA,NA,Player Steals,3.5,17,NA,Dabble
Golden State Warriors v Indiana Pacers,Golden State Warriors,Indiana Pacers,Andrew Nembhard,Indiana Pacers,Golden State Warriors,Player Steals,3.5,17,NA,Dabble
Denver Nuggets v Phoenix Suns,Denver Nuggets,Phoenix Suns,Kevin Durant,Phoenix Suns,Denver Nuggets,Player Steals,3.5,3.85,NA,Dabble
Denver Nuggets v Phoenix Suns,Denver Nuggets,Phoenix Suns,Jusuf Nurki<c4><87>,NA,NA,Player Steals,3.5,4,NA,Dabble
Denver Nuggets v Phoenix Suns,Denver Nuggets,Phoenix Suns,Nikola Joki<c4><87>,NA,NA,Player Steals,3.5,4.5,NA,Dabble
Denver Nuggets v Phoenix Suns,Denver Nuggets,Phoenix Suns,Bradley Beal,Phoenix Suns,Denver Nuggets,Player Steals,3.5,5.5,NA,Dabble
Denver Nuggets v Phoenix Suns,Denver Nuggets,Phoenix Suns,Royce O'Neale,Phoenix Suns,Denver Nuggets,Player Steals,3.5,5.75,NA,Dabble
Denver Nuggets v Phoenix Suns,Denver Nuggets,Phoenix Suns,Christian Braun,Denver Nuggets,Phoenix Suns,Player Steals,3.5,7.5,NA,Dabble
Denver Nuggets v Phoenix Suns,Denver Nuggets,Phoenix Suns,Mason Plumlee,Phoenix Suns,Denver Nuggets,Player Steals,3.5,8,NA,Dabble
Denver Nuggets v Phoenix Suns,Denver Nuggets,Phoenix Suns,Tyus Jones,Phoenix Suns,Denver Nuggets,Player Steals,3.5,10,NA,Dabble
Denver Nuggets v Phoenix Suns,Denver Nuggets,Phoenix Suns,Michael Porter Jr.,Denver Nuggets,Phoenix Suns,Player Steals,3.5,11,NA,Dabble
Denver Nuggets v Phoenix Suns,Denver Nuggets,Phoenix Suns,Aaron Gordon,Denver Nuggets,Phoenix Suns,Player Steals,3.5,13,NA,Dabble
Denver Nuggets v Phoenix Suns,Denver Nuggets,Phoenix Suns,Kevin Durant,Phoenix Suns,Denver Nuggets,Player Steals,1.5,1.38,NA,Dabble
Denver Nuggets v Phoenix Suns,Denver Nuggets,Phoenix Suns,Jusuf Nurki<c4><87>,NA,NA,Player Steals,1.5,1.4,NA,Dabble
Denver Nuggets v Phoenix Suns,Denver Nuggets,Phoenix Suns,Nikola Joki<c4><87>,NA,NA,Player Steals,1.5,1.46,NA,Dabble
Denver Nuggets v Phoenix Suns,Denver Nuggets,Phoenix Suns,Jamal Murray,Denver Nuggets,Phoenix Suns,Player Steals,1.5,1.58,NA,Dabble
Denver Nuggets v Phoenix Suns,Denver Nuggets,Phoenix Suns,Bradley Beal,Phoenix Suns,Denver Nuggets,Player Steals,1.5,1.6,NA,Dabble
Denver Nuggets v Phoenix Suns,Denver Nuggets,Phoenix Suns,Royce O'Neale,Phoenix Suns,Denver Nuggets,Player Steals,1.5,1.68,NA,Dabble
Denver Nuggets v Phoenix Suns,Denver Nuggets,Phoenix Suns,Christian Braun,Denver Nuggets,Phoenix Suns,Player Steals,1.5,1.82,NA,Dabble
Denver Nuggets v Phoenix Suns,Denver Nuggets,Phoenix Suns,Mason Plumlee,Phoenix Suns,Denver Nuggets,Player Steals,1.5,2.05,NA,Dabble
Denver Nuggets v Phoenix Suns,Denver Nuggets,Phoenix Suns,Tyus Jones,Phoenix Suns,Denver Nuggets,Player Steals,1.5,2.15,NA,Dabble
Denver Nuggets v Phoenix Suns,Denver Nuggets,Phoenix Suns,Michael Porter Jr.,Denver Nuggets,Phoenix Suns,Player Steals,1.5,2.3,NA,Dabble
Denver Nuggets v Phoenix Suns,Denver Nuggets,Phoenix Suns,Aaron Gordon,Denver Nuggets,Phoenix Suns,Player Steals,1.5,2.7,NA,Dabble
Denver Nuggets v Phoenix Suns,Denver Nuggets,Phoenix Suns,Nikola Joki<c4><87>,NA,NA,Player Steals,0.5,1.2,NA,Dabble
Denver Nuggets v Phoenix Suns,Denver Nuggets,Phoenix Suns,Jusuf Nurki<c4><87>,NA,NA,Player Steals,0.5,1.26,NA,Dabble
Denver Nuggets v Phoenix Suns,Denver Nuggets,Phoenix Suns,Bradley Beal,Phoenix Suns,Denver Nuggets,Player Steals,0.5,1.28,NA,Dabble
Denver Nuggets v Phoenix Suns,Denver Nuggets,Phoenix Suns,Tyus Jones,Phoenix Suns,Denver Nuggets,Player Steals,0.5,1.3,NA,Dabble
Denver Nuggets v Phoenix Suns,Denver Nuggets,Phoenix Suns,Royce O'Neale,Phoenix Suns,Denver Nuggets,Player Steals,0.5,1.3,NA,Dabble
Denver Nuggets v Phoenix Suns,Denver Nuggets,Phoenix Suns,Christian Braun,Denver Nuggets,Phoenix Suns,Player Steals,0.5,1.3,NA,Dabble
Denver Nuggets v Phoenix Suns,Denver Nuggets,Phoenix Suns,Kevin Durant,Phoenix Suns,Denver Nuggets,Player Steals,0.5,1.38,NA,Dabble
Denver Nuggets v Phoenix Suns,Denver Nuggets,Phoenix Suns,Michael Porter Jr.,Denver Nuggets,Phoenix Suns,Player Steals,0.5,1.53,NA,Dabble
Denver Nuggets v Phoenix Suns,Denver Nuggets,Phoenix Suns,Aaron Gordon,Denver Nuggets,Phoenix Suns,Player Steals,0.5,1.64,NA,Dabble
Denver Nuggets v Phoenix Suns,Denver Nuggets,Phoenix Suns,Mason Plumlee,Phoenix Suns,Denver Nuggets,Player Steals,0.5,1.9,NA,Dabble
Denver Nuggets v Phoenix Suns,Denver Nuggets,Phoenix Suns,Nikola Joki<c4><87>,NA,NA,Player Steals,4.5,17,NA,Dabble
Denver Nuggets v Phoenix Suns,Denver Nuggets,Phoenix Suns,Jusuf Nurki<c4><87>,NA,NA,Player Steals,5.5,13,NA,Dabble
Denver Nuggets v Phoenix Suns,Denver Nuggets,Phoenix Suns,Kevin Durant,Phoenix Suns,Denver Nuggets,Player Steals,5.5,13,NA,Dabble
Denver Nuggets v Phoenix Suns,Denver Nuggets,Phoenix Suns,Nikola Joki<c4><87>,NA,NA,Player Steals,5.5,15,NA,Dabble
Denver Nuggets v Phoenix Suns,Denver Nuggets,Phoenix Suns,Nikola Joki<c4><87>,NA,NA,Player Steals,2.5,4,NA,Dabble
Denver Nuggets v Phoenix Suns,Denver Nuggets,Phoenix Suns,Jusuf Nurki<c4><87>,NA,NA,Player Steals,2.5,4.75,NA,Dabble
Denver Nuggets v Phoenix Suns,Denver Nuggets,Phoenix Suns,Bradley Beal,Phoenix Suns,Denver Nuggets,Player Steals,2.5,5,NA,Dabble
Denver Nuggets v Phoenix Suns,Denver Nuggets,Phoenix Suns,Tyus Jones,Phoenix Suns,Denver Nuggets,Player Steals,2.5,5.5,NA,Dabble
Denver Nuggets v Phoenix Suns,Denver Nuggets,Phoenix Suns,Royce O'Neale,Phoenix Suns,Denver Nuggets,Player Steals,2.5,5.5,NA,Dabble
Denver Nuggets v Phoenix Suns,Denver Nuggets,Phoenix Suns,Christian Braun,Denver Nuggets,Phoenix Suns,Player Steals,2.5,5.75,NA,Dabble
Denver Nuggets v Phoenix Suns,Denver Nuggets,Phoenix Suns,Kevin Durant,Phoenix Suns,Denver Nuggets,Player Steals,2.5,6.5,NA,Dabble
Denver Nuggets v Phoenix Suns,Denver Nuggets,Phoenix Suns,Michael Porter Jr.,Denver Nuggets,Phoenix Suns,Player Steals,2.5,8.5,NA,Dabble
Denver Nuggets v Phoenix Suns,Denver Nuggets,Phoenix Suns,Aaron Gordon,Denver Nuggets,Phoenix Suns,Player Steals,2.5,10,NA,Dabble
Denver Nuggets v Phoenix Suns,Denver Nuggets,Phoenix Suns,Mason Plumlee,Phoenix Suns,Denver Nuggets,Player Steals,2.5,13,NA,Dabble
Los Angeles Clippers v Detroit Pistons,Los Angeles Clippers,Detroit Pistons,Anthony Davis,Los Angeles Lakers,NA,Player Steals,3.5,1.85,NA,Dabble
Los Angeles Clippers v Detroit Pistons,Los Angeles Clippers,Detroit Pistons,Rui Hachimura,Los Angeles Lakers,NA,Player Steals,3.5,5,NA,Dabble
Los Angeles Clippers v Detroit Pistons,Los Angeles Clippers,Detroit Pistons,Cade Cunningham,Detroit Pistons,Los Angeles Clippers,Player Steals,3.5,6.5,NA,Dabble
Los Angeles Clippers v Detroit Pistons,Los Angeles Clippers,Detroit Pistons,LeBron James,Los Angeles Lakers,NA,Player Steals,3.5,6.5,NA,Dabble
Los Angeles Clippers v Detroit Pistons,Los Angeles Clippers,Detroit Pistons,Max Christie,Los Angeles Lakers,NA,Player Steals,3.5,7,NA,Dabble
Los Angeles Clippers v Detroit Pistons,Los Angeles Clippers,Detroit Pistons,Jalen Duren,Detroit Pistons,Los Angeles Clippers,Player Steals,3.5,7.5,NA,Dabble
Los Angeles Clippers v Detroit Pistons,Los Angeles Clippers,Detroit Pistons,Tobias Harris,Detroit Pistons,Los Angeles Clippers,Player Steals,3.5,8.5,NA,Dabble
Los Angeles Clippers v Detroit Pistons,Los Angeles Clippers,Detroit Pistons,Jaden Ivey,Detroit Pistons,Los Angeles Clippers,Player Steals,3.5,11,NA,Dabble
Los Angeles Clippers v Detroit Pistons,Los Angeles Clippers,Detroit Pistons,Austin Reaves,Los Angeles Lakers,NA,Player Steals,3.5,11,NA,Dabble
Los Angeles Clippers v Detroit Pistons,Los Angeles Clippers,Detroit Pistons,Rui Hachimura,Los Angeles Lakers,NA,Player Steals,1.5,1.55,NA,Dabble
Los Angeles Clippers v Detroit Pistons,Los Angeles Clippers,Detroit Pistons,Cade Cunningham,Detroit Pistons,Los Angeles Clippers,Player Steals,1.5,1.72,NA,Dabble
Los Angeles Clippers v Detroit Pistons,Los Angeles Clippers,Detroit Pistons,LeBron James,Los Angeles Lakers,NA,Player Steals,1.5,1.78,NA,Dabble
Los Angeles Clippers v Detroit Pistons,Los Angeles Clippers,Detroit Pistons,Max Christie,Los Angeles Lakers,NA,Player Steals,1.5,1.82,NA,Dabble
Los Angeles Clippers v Detroit Pistons,Los Angeles Clippers,Detroit Pistons,Jalen Duren,Detroit Pistons,Los Angeles Clippers,Player Steals,1.5,1.9,NA,Dabble
Los Angeles Clippers v Detroit Pistons,Los Angeles Clippers,Detroit Pistons,Tobias Harris,Detroit Pistons,Los Angeles Clippers,Player Steals,1.5,2,NA,Dabble
Los Angeles Clippers v Detroit Pistons,Los Angeles Clippers,Detroit Pistons,Austin Reaves,Los Angeles Lakers,NA,Player Steals,1.5,2.35,NA,Dabble
Los Angeles Clippers v Detroit Pistons,Los Angeles Clippers,Detroit Pistons,Jaden Ivey,Detroit Pistons,Los Angeles Clippers,Player Steals,1.5,2.55,NA,Dabble
Los Angeles Clippers v Detroit Pistons,Los Angeles Clippers,Detroit Pistons,Malik Beasley,Detroit Pistons,Los Angeles Clippers,Player Steals,1.5,3.3,NA,Dabble
Los Angeles Clippers v Detroit Pistons,Los Angeles Clippers,Detroit Pistons,Simone Fontecchio,Detroit Pistons,Los Angeles Clippers,Player Steals,1.5,5.5,NA,Dabble
Los Angeles Clippers v Detroit Pistons,Los Angeles Clippers,Detroit Pistons,Tim Hardaway Jr.,Detroit Pistons,Los Angeles Clippers,Player Steals,1.5,6,NA,Dabble
Los Angeles Clippers v Detroit Pistons,Los Angeles Clippers,Detroit Pistons,Anthony Davis,Los Angeles Lakers,NA,Player Steals,1.5,2.45,NA,Dabble
Los Angeles Clippers v Detroit Pistons,Los Angeles Clippers,Detroit Pistons,Rui Hachimura,Los Angeles Lakers,NA,Player Steals,5.5,17,NA,Dabble
Los Angeles Clippers v Detroit Pistons,Los Angeles Clippers,Detroit Pistons,Max Christie,Los Angeles Lakers,NA,Player Steals,2.5,6,NA,Dabble
Los Angeles Clippers v Detroit Pistons,Los Angeles Clippers,Detroit Pistons,Rui Hachimura,Los Angeles Lakers,NA,Player Steals,2.5,6,NA,Dabble
Los Angeles Clippers v Detroit Pistons,Los Angeles Clippers,Detroit Pistons,LeBron James,Los Angeles Lakers,NA,Player Steals,2.5,7,NA,Dabble
Los Angeles Clippers v Detroit Pistons,Los Angeles Clippers,Detroit Pistons,Austin Reaves,Los Angeles Lakers,NA,Player Steals,2.5,7,NA,Dabble
Los Angeles Clippers v Detroit Pistons,Los Angeles Clippers,Detroit Pistons,Cade Cunningham,Detroit Pistons,Los Angeles Clippers,Player Steals,2.5,8.5,NA,Dabble
Los Angeles Clippers v Detroit Pistons,Los Angeles Clippers,Detroit Pistons,Jaden Ivey,Detroit Pistons,Los Angeles Clippers,Player Steals,2.5,9.5,NA,Dabble
Los Angeles Clippers v Detroit Pistons,Los Angeles Clippers,Detroit Pistons,Malik Beasley,Detroit Pistons,Los Angeles Clippers,Player Steals,2.5,10,NA,Dabble
Los Angeles Clippers v Detroit Pistons,Los Angeles Clippers,Detroit Pistons,Tobias Harris,Detroit Pistons,Los Angeles Clippers,Player Steals,2.5,10,NA,Dabble
Los Angeles Clippers v Detroit Pistons,Los Angeles Clippers,Detroit Pistons,Jalen Duren,Detroit Pistons,Los Angeles Clippers,Player Steals,2.5,13,NA,Dabble
Los Angeles Clippers v Detroit Pistons,Los Angeles Clippers,Detroit Pistons,Max Christie,Los Angeles Lakers,NA,Player Steals,0.5,1.33,NA,Dabble
Los Angeles Clippers v Detroit Pistons,Los Angeles Clippers,Detroit Pistons,Rui Hachimura,Los Angeles Lakers,NA,Player Steals,0.5,1.35,NA,Dabble
Los Angeles Clippers v Detroit Pistons,Los Angeles Clippers,Detroit Pistons,LeBron James,Los Angeles Lakers,NA,Player Steals,0.5,1.4,NA,Dabble
Los Angeles Clippers v Detroit Pistons,Los Angeles Clippers,Detroit Pistons,Austin Reaves,Los Angeles Lakers,NA,Player Steals,0.5,1.42,NA,Dabble
Los Angeles Clippers v Detroit Pistons,Los Angeles Clippers,Detroit Pistons,Cade Cunningham,Detroit Pistons,Los Angeles Clippers,Player Steals,0.5,1.53,NA,Dabble
Los Angeles Clippers v Detroit Pistons,Los Angeles Clippers,Detroit Pistons,Jaden Ivey,Detroit Pistons,Los Angeles Clippers,Player Steals,0.5,1.6,NA,Dabble
Los Angeles Clippers v Detroit Pistons,Los Angeles Clippers,Detroit Pistons,Malik Beasley,Detroit Pistons,Los Angeles Clippers,Player Steals,0.5,1.64,NA,Dabble
Los Angeles Clippers v Detroit Pistons,Los Angeles Clippers,Detroit Pistons,Tobias Harris,Detroit Pistons,Los Angeles Clippers,Player Steals,0.5,1.68,NA,Dabble
Los Angeles Clippers v Detroit Pistons,Los Angeles Clippers,Detroit Pistons,Jalen Duren,Detroit Pistons,Los Angeles Clippers,Player Steals,0.5,1.85,NA,Dabble
Los Angeles Clippers v Detroit Pistons,Los Angeles Clippers,Detroit Pistons,Tim Hardaway Jr.,Detroit Pistons,Los Angeles Clippers,Player Steals,0.5,2.35,NA,Dabble
Los Angeles Clippers v Detroit Pistons,Los Angeles Clippers,Detroit Pistons,Simone Fontecchio,Detroit Pistons,Los Angeles Clippers,Player Steals,0.5,2.35,NA,Dabble
