match,home_team,away_team,player_name,player_team,opposition_team,market_name,line,over_price,under_price,agency,prop_id,under_prop_id
Dallas Mavericks v Cleveland Cavaliers,Dallas Mavericks,Cleveland Cavaliers,Caris LeVert,Cleveland Cavaliers,Dallas Mavericks,Player PRAs,15.5,1.8,1.95,TAB,582425,582426
Dallas Mavericks v Cleveland Cavaliers,Dallas Mavericks,Cleveland Cavaliers,Darius Garland,Cleveland Cavaliers,Dallas Mavericks,Player PRAs,30.5,1.85,1.9,TAB,581621,581622
Dallas Mavericks v Cleveland Cavaliers,Dallas Mavericks,Cleveland Cavaliers,Dereck Lively II,Dallas Mavericks,Cleveland Cavaliers,Player PRAs,19.5,1.9,1.85,TAB,581877,581878
Dallas Mavericks v Cleveland Cavaliers,Dallas Mavericks,Cleveland Cavaliers,Daniel Gafford,Dallas Mavericks,Cleveland Cavaliers,Player PRAs,17.5,1.9,1.85,TAB,634397,634398
Dallas Mavericks v Cleveland Cavaliers,Dallas Mavericks,Cleveland Cavaliers,Dean Wade,Cleveland Cavaliers,Dallas Mavericks,Player PRAs,13.5,1.95,1.8,TAB,581521,581522
Dallas Mavericks v Cleveland Cavaliers,Dallas Mavericks,Cleveland Cavaliers,Donovan Mitchell,Cleveland Cavaliers,Dallas Mavericks,Player PRAs,33.5,1.8,1.95,TAB,581821,581822
Dallas Mavericks v Cleveland Cavaliers,Dallas Mavericks,Cleveland Cavaliers,Evan Mobley,Cleveland Cavaliers,Dallas Mavericks,Player PRAs,30.5,1.95,1.8,TAB,581569,581570
Dallas Mavericks v Cleveland Cavaliers,Dallas Mavericks,Cleveland Cavaliers,Georges Niang,Cleveland Cavaliers,Dallas Mavericks,Player PRAs,12.5,1.85,1.9,TAB,581701,581702
Dallas Mavericks v Cleveland Cavaliers,Dallas Mavericks,Cleveland Cavaliers,Jarrett Allen,Cleveland Cavaliers,Dallas Mavericks,Player PRAs,26.5,1.87,1.87,TAB,581869,581870
Dallas Mavericks v Cleveland Cavaliers,Dallas Mavericks,Cleveland Cavaliers,Jaden Hardy,Dallas Mavericks,Cleveland Cavaliers,Player PRAs,15.5,1.8,1.95,TAB,635845,635846
Dallas Mavericks v Cleveland Cavaliers,Dallas Mavericks,Cleveland Cavaliers,Klay Thompson,Dallas Mavericks,Cleveland Cavaliers,Player PRAs,22.5,1.8,1.95,TAB,581741,581742
Dallas Mavericks v Cleveland Cavaliers,Dallas Mavericks,Cleveland Cavaliers,Max Strus,Cleveland Cavaliers,Dallas Mavericks,Player PRAs,14.5,1.8,1.95,TAB,635988,635989
Dallas Mavericks v Cleveland Cavaliers,Dallas Mavericks,Cleveland Cavaliers,Maxi Kleber,Dallas Mavericks,Cleveland Cavaliers,Player PRAs,10.5,1.95,1.8,TAB,634728,634729
Dallas Mavericks v Cleveland Cavaliers,Dallas Mavericks,Cleveland Cavaliers,P.J. Washington,Dallas Mavericks,Cleveland Cavaliers,Player PRAs,25.5,1.87,1.87,TAB,597861,597862
Dallas Mavericks v Cleveland Cavaliers,Dallas Mavericks,Cleveland Cavaliers,Quentin Grimes,Dallas Mavericks,Cleveland Cavaliers,Player PRAs,21.5,1.85,1.9,TAB,634377,634378
Dallas Mavericks v Cleveland Cavaliers,Dallas Mavericks,Cleveland Cavaliers,Spencer Dinwiddie,Dallas Mavericks,Cleveland Cavaliers,Player PRAs,24.5,1.87,1.87,TAB,581661,581662
Dallas Mavericks v Cleveland Cavaliers,Dallas Mavericks,Cleveland Cavaliers,Ty Jerome,Cleveland Cavaliers,Dallas Mavericks,Player PRAs,11.5,1.95,1.8,TAB,636127,636128
Denver Nuggets v San Antonio Spurs,Denver Nuggets,San Antonio Spurs,Christian Braun,Denver Nuggets,San Antonio Spurs,Player PRAs,19.5,1.85,1.9,TAB,590061,590062
Denver Nuggets v San Antonio Spurs,Denver Nuggets,San Antonio Spurs,Chris Paul,San Antonio Spurs,Denver Nuggets,Player PRAs,22.5,1.95,1.8,TAB,590041,590042
Denver Nuggets v San Antonio Spurs,Denver Nuggets,San Antonio Spurs,DeAndre Jordan,Denver Nuggets,San Antonio Spurs,Player PRAs,8.5,1.9,1.85,TAB,590709,590710
Denver Nuggets v San Antonio Spurs,Denver Nuggets,San Antonio Spurs,Devin Vassell,San Antonio Spurs,Denver Nuggets,Player PRAs,25.5,1.8,1.95,TAB,590379,590380
Denver Nuggets v San Antonio Spurs,Denver Nuggets,San Antonio Spurs,Harrison Barnes,San Antonio Spurs,Denver Nuggets,Player PRAs,14.5,1.85,1.9,TAB,590137,590138
Denver Nuggets v San Antonio Spurs,Denver Nuggets,San Antonio Spurs,Jamal Murray,Denver Nuggets,San Antonio Spurs,Player PRAs,32.5,1.9,1.85,TAB,589911,589912
Denver Nuggets v San Antonio Spurs,Denver Nuggets,San Antonio Spurs,Keshad Johnson,Miami Heat,NA,Player PRAs,20.5,1.95,1.8,TAB,590329,590330
Denver Nuggets v San Antonio Spurs,Denver Nuggets,San Antonio Spurs,Keon Johnson,Brooklyn Nets,NA,Player PRAs,20.5,1.95,1.8,TAB,590329,590330
Denver Nuggets v San Antonio Spurs,Denver Nuggets,San Antonio Spurs,Keldon Johnson,San Antonio Spurs,Denver Nuggets,Player PRAs,20.5,1.95,1.8,TAB,590329,590330
Denver Nuggets v San Antonio Spurs,Denver Nuggets,San Antonio Spurs,Michael Porter Jr.,Denver Nuggets,San Antonio Spurs,Player PRAs,26.5,1.8,1.95,TAB,590217,590218
Denver Nuggets v San Antonio Spurs,Denver Nuggets,San Antonio Spurs,NA,NA,NA,Player PRAs,51.5,1.85,1.9,TAB,590479,590480
Denver Nuggets v San Antonio Spurs,Denver Nuggets,San Antonio Spurs,Peyton Watson,Denver Nuggets,San Antonio Spurs,Player PRAs,14.5,1.95,1.8,TAB,590757,590758
Denver Nuggets v San Antonio Spurs,Denver Nuggets,San Antonio Spurs,Russell Westbrook,Denver Nuggets,San Antonio Spurs,Player PRAs,26.5,1.87,1.87,TAB,590559,590560
Denver Nuggets v San Antonio Spurs,Denver Nuggets,San Antonio Spurs,Tre Jones,San Antonio Spurs,Denver Nuggets,Player PRAs,9.5,1.75,2,TAB,590501,590502
Denver Nuggets v San Antonio Spurs,Denver Nuggets,San Antonio Spurs,Victor Wembanyama,San Antonio Spurs,Denver Nuggets,Player PRAs,42.5,1.95,1.8,TAB,590833,590834
Sacramento Kings v Memphis Grizzlies,Sacramento Kings,Memphis Grizzlies,DeMar DeRozan,Sacramento Kings,Memphis Grizzlies,Player PRAs,27.5,1.8,1.95,TAB,607477,607478
Sacramento Kings v Memphis Grizzlies,Sacramento Kings,Memphis Grizzlies,De'Aaron Fox,Sacramento Kings,Memphis Grizzlies,Player PRAs,38.5,1.95,1.8,TAB,606965,606966
Sacramento Kings v Memphis Grizzlies,Sacramento Kings,Memphis Grizzlies,Domantas Sabonis,Sacramento Kings,Memphis Grizzlies,Player PRAs,41.5,1.8,1.95,TAB,606472,606474
Sacramento Kings v Memphis Grizzlies,Sacramento Kings,Memphis Grizzlies,Desmond Bane,Memphis Grizzlies,Sacramento Kings,Player PRAs,34.5,1.9,1.85,TAB,606927,606928
Sacramento Kings v Memphis Grizzlies,Sacramento Kings,Memphis Grizzlies,Jaren Jackson Jr.,Memphis Grizzlies,Sacramento Kings,Player PRAs,35.5,1.87,1.87,TAB,606307,606309
Sacramento Kings v Memphis Grizzlies,Sacramento Kings,Memphis Grizzlies,Jaylen Wells,Memphis Grizzlies,Sacramento Kings,Player PRAs,19.5,1.95,1.8,TAB,606973,606974
Sacramento Kings v Memphis Grizzlies,Sacramento Kings,Memphis Grizzlies,Keon Ellis,Sacramento Kings,Memphis Grizzlies,Player PRAs,15.5,1.95,1.8,TAB,607077,607078
Sacramento Kings v Memphis Grizzlies,Sacramento Kings,Memphis Grizzlies,Kevin Huerter,Sacramento Kings,Memphis Grizzlies,Player PRAs,12.5,1.85,1.9,TAB,607369,607370
Sacramento Kings v Memphis Grizzlies,Sacramento Kings,Memphis Grizzlies,Luke Kennard,Memphis Grizzlies,Sacramento Kings,Player PRAs,17.5,1.95,1.8,TAB,605872,605874
Sacramento Kings v Memphis Grizzlies,Sacramento Kings,Memphis Grizzlies,Malik Monk,Sacramento Kings,Memphis Grizzlies,Player PRAs,28.5,1.85,1.9,TAB,607137,607138
Sacramento Kings v Memphis Grizzlies,Sacramento Kings,Memphis Grizzlies,NA,NA,NA,Player PRAs,21.5,1.85,1.9,TAB,607313,607314
Sacramento Kings v Memphis Grizzlies,Sacramento Kings,Memphis Grizzlies,Trey Lyles,Sacramento Kings,Memphis Grizzlies,Player PRAs,17.5,1.95,1.8,TAB,606265,606267
Sacramento Kings v Memphis Grizzlies,Sacramento Kings,Memphis Grizzlies,Zach Edey,Memphis Grizzlies,Sacramento Kings,Player PRAs,23.5,1.9,1.85,TAB,607097,607098
Los Angeles Lakers v Atlanta Hawks,Los Angeles Lakers,Atlanta Hawks,Anthony Davis,Los Angeles Lakers,Atlanta Hawks,Player PRAs,43.5,1.95,1.8,TAB,631611,631612
Los Angeles Lakers v Atlanta Hawks,Los Angeles Lakers,Atlanta Hawks,Austin Reaves,Los Angeles Lakers,Atlanta Hawks,Player PRAs,32.5,1.87,1.87,TAB,631929,631930
Los Angeles Lakers v Atlanta Hawks,Los Angeles Lakers,Atlanta Hawks,Clint Capela,Atlanta Hawks,Los Angeles Lakers,Player PRAs,18.5,1.8,1.95,TAB,630779,630780
Los Angeles Lakers v Atlanta Hawks,Los Angeles Lakers,Atlanta Hawks,Cam Reddish,Los Angeles Lakers,Atlanta Hawks,Player PRAs,7.5,1.95,1.8,TAB,630749,630750
Los Angeles Lakers v Atlanta Hawks,Los Angeles Lakers,Atlanta Hawks,Dyson Daniels,Atlanta Hawks,Los Angeles Lakers,Player PRAs,20.5,1.8,1.95,TAB,630645,630646
Los Angeles Lakers v Atlanta Hawks,Los Angeles Lakers,Atlanta Hawks,De'Andre Hunter,Atlanta Hawks,Los Angeles Lakers,Player PRAs,24.5,1.87,1.87,TAB,631189,631190
Los Angeles Lakers v Atlanta Hawks,Los Angeles Lakers,Atlanta Hawks,Dalton Knecht,Los Angeles Lakers,Atlanta Hawks,Player PRAs,11.5,1.95,1.8,TAB,631351,631352
Los Angeles Lakers v Atlanta Hawks,Los Angeles Lakers,Atlanta Hawks,Jalen Johnson,Atlanta Hawks,Los Angeles Lakers,Player PRAs,33.5,1.85,1.9,TAB,631363,631364
Los Angeles Lakers v Atlanta Hawks,Los Angeles Lakers,Atlanta Hawks,LeBron James,Los Angeles Lakers,Atlanta Hawks,Player PRAs,40.5,1.87,1.87,TAB,631641,631642
Los Angeles Lakers v Atlanta Hawks,Los Angeles Lakers,Atlanta Hawks,Max Christie,Los Angeles Lakers,Atlanta Hawks,Player PRAs,15.5,1.87,1.87,TAB,631873,631874
Los Angeles Lakers v Atlanta Hawks,Los Angeles Lakers,Atlanta Hawks,Onyeka Okongwu,Atlanta Hawks,Los Angeles Lakers,Player PRAs,18.5,1.9,1.85,TAB,631815,631816
Los Angeles Lakers v Atlanta Hawks,Los Angeles Lakers,Atlanta Hawks,Rui Hachimura,Los Angeles Lakers,Atlanta Hawks,Player PRAs,18.5,1.95,1.8,TAB,630723,630724
Los Angeles Lakers v Atlanta Hawks,Los Angeles Lakers,Atlanta Hawks,Trae Young,Atlanta Hawks,Los Angeles Lakers,Player PRAs,37.5,1.8,1.95,TAB,631703,631704
Los Angeles Lakers v Atlanta Hawks,Los Angeles Lakers,Atlanta Hawks,Zaccharie Risacher,Atlanta Hawks,Los Angeles Lakers,Player PRAs,15.5,1.85,1.9,TAB,631809,631810
Dallas Mavericks v Cleveland Cavaliers,Dallas Mavericks,Cleveland Cavaliers,Darius Garland,Cleveland Cavaliers,Dallas Mavericks,Player PRAs,19.5,1.04,NA,TAB,616722,NA
Dallas Mavericks v Cleveland Cavaliers,Dallas Mavericks,Cleveland Cavaliers,Evan Mobley,Cleveland Cavaliers,Dallas Mavericks,Player PRAs,19.5,1.04,NA,TAB,616716,NA
Dallas Mavericks v Cleveland Cavaliers,Dallas Mavericks,Cleveland Cavaliers,Jarrett Allen,Cleveland Cavaliers,Dallas Mavericks,Player PRAs,19.5,1.19,NA,TAB,616717,NA
Dallas Mavericks v Cleveland Cavaliers,Dallas Mavericks,Cleveland Cavaliers,P.J. Washington,Dallas Mavericks,Cleveland Cavaliers,Player PRAs,19.5,1.22,NA,TAB,616713,NA
Dallas Mavericks v Cleveland Cavaliers,Dallas Mavericks,Cleveland Cavaliers,Spencer Dinwiddie,Dallas Mavericks,Cleveland Cavaliers,Player PRAs,19.5,1.28,NA,TAB,616712,NA
Dallas Mavericks v Cleveland Cavaliers,Dallas Mavericks,Cleveland Cavaliers,Klay Thompson,Dallas Mavericks,Cleveland Cavaliers,Player PRAs,19.5,1.4,NA,TAB,616714,NA
Dallas Mavericks v Cleveland Cavaliers,Dallas Mavericks,Cleveland Cavaliers,Quentin Grimes,Dallas Mavericks,Cleveland Cavaliers,Player PRAs,19.5,1.6,NA,TAB,616719,NA
Dallas Mavericks v Cleveland Cavaliers,Dallas Mavericks,Cleveland Cavaliers,Dereck Lively II,Dallas Mavericks,Cleveland Cavaliers,Player PRAs,19.5,1.95,NA,TAB,616715,NA
Dallas Mavericks v Cleveland Cavaliers,Dallas Mavericks,Cleveland Cavaliers,Daniel Gafford,Dallas Mavericks,Cleveland Cavaliers,Player PRAs,19.5,2.4,NA,TAB,616720,NA
Dallas Mavericks v Cleveland Cavaliers,Dallas Mavericks,Cleveland Cavaliers,Jaden Hardy,Dallas Mavericks,Cleveland Cavaliers,Player PRAs,19.5,2.9,NA,TAB,616721,NA
Dallas Mavericks v Cleveland Cavaliers,Dallas Mavericks,Cleveland Cavaliers,Caris LeVert,Cleveland Cavaliers,Dallas Mavericks,Player PRAs,19.5,3,NA,TAB,616723,NA
Dallas Mavericks v Cleveland Cavaliers,Dallas Mavericks,Cleveland Cavaliers,Max Strus,Cleveland Cavaliers,Dallas Mavericks,Player PRAs,19.5,3.6,NA,TAB,616724,NA
Dallas Mavericks v Cleveland Cavaliers,Dallas Mavericks,Cleveland Cavaliers,Dean Wade,Cleveland Cavaliers,Dallas Mavericks,Player PRAs,19.5,5,NA,TAB,616718,NA
Dallas Mavericks v Cleveland Cavaliers,Dallas Mavericks,Cleveland Cavaliers,Georges Niang,Cleveland Cavaliers,Dallas Mavericks,Player PRAs,19.5,6,NA,TAB,616725,NA
Dallas Mavericks v Cleveland Cavaliers,Dallas Mavericks,Cleveland Cavaliers,Ty Jerome,Cleveland Cavaliers,Dallas Mavericks,Player PRAs,19.5,6,NA,TAB,616726,NA
Dallas Mavericks v Cleveland Cavaliers,Dallas Mavericks,Cleveland Cavaliers,Donovan Mitchell,Cleveland Cavaliers,Dallas Mavericks,Player PRAs,24.5,1.14,NA,TAB,616733,NA
Dallas Mavericks v Cleveland Cavaliers,Dallas Mavericks,Cleveland Cavaliers,Darius Garland,Cleveland Cavaliers,Dallas Mavericks,Player PRAs,24.5,1.26,NA,TAB,616739,NA
Dallas Mavericks v Cleveland Cavaliers,Dallas Mavericks,Cleveland Cavaliers,Evan Mobley,Cleveland Cavaliers,Dallas Mavericks,Player PRAs,24.5,1.28,NA,TAB,616734,NA
Dallas Mavericks v Cleveland Cavaliers,Dallas Mavericks,Cleveland Cavaliers,P.J. Washington,Dallas Mavericks,Cleveland Cavaliers,Player PRAs,24.5,1.62,NA,TAB,616730,NA
Dallas Mavericks v Cleveland Cavaliers,Dallas Mavericks,Cleveland Cavaliers,Jarrett Allen,Cleveland Cavaliers,Dallas Mavericks,Player PRAs,24.5,1.62,NA,TAB,616735,NA
Dallas Mavericks v Cleveland Cavaliers,Dallas Mavericks,Cleveland Cavaliers,Spencer Dinwiddie,Dallas Mavericks,Cleveland Cavaliers,Player PRAs,24.5,1.72,NA,TAB,616729,NA
Dallas Mavericks v Cleveland Cavaliers,Dallas Mavericks,Cleveland Cavaliers,Klay Thompson,Dallas Mavericks,Cleveland Cavaliers,Player PRAs,24.5,2,NA,TAB,616731,NA
Dallas Mavericks v Cleveland Cavaliers,Dallas Mavericks,Cleveland Cavaliers,Quentin Grimes,Dallas Mavericks,Cleveland Cavaliers,Player PRAs,24.5,2.5,NA,TAB,616736,NA
Dallas Mavericks v Cleveland Cavaliers,Dallas Mavericks,Cleveland Cavaliers,Dereck Lively II,Dallas Mavericks,Cleveland Cavaliers,Player PRAs,24.5,3.5,NA,TAB,616732,NA
Dallas Mavericks v Cleveland Cavaliers,Dallas Mavericks,Cleveland Cavaliers,Daniel Gafford,Dallas Mavericks,Cleveland Cavaliers,Player PRAs,24.5,4.75,NA,TAB,616737,NA
Dallas Mavericks v Cleveland Cavaliers,Dallas Mavericks,Cleveland Cavaliers,Jaden Hardy,Dallas Mavericks,Cleveland Cavaliers,Player PRAs,24.5,6,NA,TAB,616738,NA
Dallas Mavericks v Cleveland Cavaliers,Dallas Mavericks,Cleveland Cavaliers,Caris LeVert,Cleveland Cavaliers,Dallas Mavericks,Player PRAs,24.5,8,NA,TAB,616740,NA
Dallas Mavericks v Cleveland Cavaliers,Dallas Mavericks,Cleveland Cavaliers,Max Strus,Cleveland Cavaliers,Dallas Mavericks,Player PRAs,24.5,8.5,NA,TAB,616741,NA
Dallas Mavericks v Cleveland Cavaliers,Dallas Mavericks,Cleveland Cavaliers,Donovan Mitchell,Cleveland Cavaliers,Dallas Mavericks,Player PRAs,29.5,1.42,NA,TAB,616748,NA
Dallas Mavericks v Cleveland Cavaliers,Dallas Mavericks,Cleveland Cavaliers,Evan Mobley,Cleveland Cavaliers,Dallas Mavericks,Player PRAs,29.5,1.72,NA,TAB,616749,NA
Dallas Mavericks v Cleveland Cavaliers,Dallas Mavericks,Cleveland Cavaliers,Darius Garland,Cleveland Cavaliers,Dallas Mavericks,Player PRAs,29.5,1.8,NA,TAB,616752,NA
Dallas Mavericks v Cleveland Cavaliers,Dallas Mavericks,Cleveland Cavaliers,P.J. Washington,Dallas Mavericks,Cleveland Cavaliers,Player PRAs,29.5,2.6,NA,TAB,616746,NA
Dallas Mavericks v Cleveland Cavaliers,Dallas Mavericks,Cleveland Cavaliers,Jarrett Allen,Cleveland Cavaliers,Dallas Mavericks,Player PRAs,29.5,2.6,NA,TAB,616750,NA
Dallas Mavericks v Cleveland Cavaliers,Dallas Mavericks,Cleveland Cavaliers,Spencer Dinwiddie,Dallas Mavericks,Cleveland Cavaliers,Player PRAs,29.5,2.7,NA,TAB,616745,NA
Dallas Mavericks v Cleveland Cavaliers,Dallas Mavericks,Cleveland Cavaliers,Klay Thompson,Dallas Mavericks,Cleveland Cavaliers,Player PRAs,29.5,3.3,NA,TAB,616747,NA
Dallas Mavericks v Cleveland Cavaliers,Dallas Mavericks,Cleveland Cavaliers,Quentin Grimes,Dallas Mavericks,Cleveland Cavaliers,Player PRAs,29.5,5,NA,TAB,616751,NA
Dallas Mavericks v Cleveland Cavaliers,Dallas Mavericks,Cleveland Cavaliers,Donovan Mitchell,Cleveland Cavaliers,Dallas Mavericks,Player PRAs,34.5,2,NA,TAB,616764,NA
Dallas Mavericks v Cleveland Cavaliers,Dallas Mavericks,Cleveland Cavaliers,Evan Mobley,Cleveland Cavaliers,Dallas Mavericks,Player PRAs,34.5,2.6,NA,TAB,616765,NA
Dallas Mavericks v Cleveland Cavaliers,Dallas Mavericks,Cleveland Cavaliers,Darius Garland,Cleveland Cavaliers,Dallas Mavericks,Player PRAs,34.5,2.9,NA,TAB,616767,NA
Dallas Mavericks v Cleveland Cavaliers,Dallas Mavericks,Cleveland Cavaliers,P.J. Washington,Dallas Mavericks,Cleveland Cavaliers,Player PRAs,34.5,4.75,NA,TAB,616763,NA
Dallas Mavericks v Cleveland Cavaliers,Dallas Mavericks,Cleveland Cavaliers,Spencer Dinwiddie,Dallas Mavericks,Cleveland Cavaliers,Player PRAs,34.5,5,NA,TAB,616761,NA
Dallas Mavericks v Cleveland Cavaliers,Dallas Mavericks,Cleveland Cavaliers,Jarrett Allen,Cleveland Cavaliers,Dallas Mavericks,Player PRAs,34.5,5,NA,TAB,616766,NA
Dallas Mavericks v Cleveland Cavaliers,Dallas Mavericks,Cleveland Cavaliers,Klay Thompson,Dallas Mavericks,Cleveland Cavaliers,Player PRAs,34.5,6,NA,TAB,616762,NA
Dallas Mavericks v Cleveland Cavaliers,Dallas Mavericks,Cleveland Cavaliers,Donovan Mitchell,Cleveland Cavaliers,Dallas Mavericks,Player PRAs,39.5,3.2,NA,TAB,616777,NA
Dallas Mavericks v Cleveland Cavaliers,Dallas Mavericks,Cleveland Cavaliers,Evan Mobley,Cleveland Cavaliers,Dallas Mavericks,Player PRAs,39.5,4.75,NA,TAB,616778,NA
Dallas Mavericks v Cleveland Cavaliers,Dallas Mavericks,Cleveland Cavaliers,Darius Garland,Cleveland Cavaliers,Dallas Mavericks,Player PRAs,39.5,5.5,NA,TAB,616779,NA
Dallas Mavericks v Cleveland Cavaliers,Dallas Mavericks,Cleveland Cavaliers,Donovan Mitchell,Cleveland Cavaliers,Dallas Mavericks,Player PRAs,44.5,6,NA,TAB,616785,NA
Denver Nuggets v San Antonio Spurs,Denver Nuggets,San Antonio Spurs,Michael Porter Jr.,Denver Nuggets,San Antonio Spurs,Player PRAs,19.5,1.19,NA,TAB,617639,NA
Denver Nuggets v San Antonio Spurs,Denver Nuggets,San Antonio Spurs,Russell Westbrook,Denver Nuggets,San Antonio Spurs,Player PRAs,19.5,1.19,NA,TAB,617644,NA
Denver Nuggets v San Antonio Spurs,Denver Nuggets,San Antonio Spurs,Devin Vassell,San Antonio Spurs,Denver Nuggets,Player PRAs,19.5,1.24,NA,TAB,617641,NA
Denver Nuggets v San Antonio Spurs,Denver Nuggets,San Antonio Spurs,Chris Paul,San Antonio Spurs,Denver Nuggets,Player PRAs,19.5,1.55,NA,TAB,617642,NA
Denver Nuggets v San Antonio Spurs,Denver Nuggets,San Antonio Spurs,Keshad Johnson,Miami Heat,NA,Player PRAs,19.5,1.8,NA,TAB,617647,NA
Denver Nuggets v San Antonio Spurs,Denver Nuggets,San Antonio Spurs,Keon Johnson,Brooklyn Nets,NA,Player PRAs,19.5,1.8,NA,TAB,617647,NA
Denver Nuggets v San Antonio Spurs,Denver Nuggets,San Antonio Spurs,Keldon Johnson,San Antonio Spurs,Denver Nuggets,Player PRAs,19.5,1.8,NA,TAB,617647,NA
Denver Nuggets v San Antonio Spurs,Denver Nuggets,San Antonio Spurs,Christian Braun,Denver Nuggets,San Antonio Spurs,Player PRAs,19.5,1.85,NA,TAB,617640,NA
Denver Nuggets v San Antonio Spurs,Denver Nuggets,San Antonio Spurs,Harrison Barnes,San Antonio Spurs,Denver Nuggets,Player PRAs,19.5,3.75,NA,TAB,617643,NA
Denver Nuggets v San Antonio Spurs,Denver Nuggets,San Antonio Spurs,Peyton Watson,Denver Nuggets,San Antonio Spurs,Player PRAs,19.5,4.25,NA,TAB,617645,NA
Denver Nuggets v San Antonio Spurs,Denver Nuggets,San Antonio Spurs,Julian Strawther,Denver Nuggets,San Antonio Spurs,Player PRAs,19.5,6,NA,TAB,617646,NA
Denver Nuggets v San Antonio Spurs,Denver Nuggets,San Antonio Spurs,Tre Jones,San Antonio Spurs,Denver Nuggets,Player PRAs,19.5,9,NA,TAB,617651,NA
Denver Nuggets v San Antonio Spurs,Denver Nuggets,San Antonio Spurs,Jamal Murray,Denver Nuggets,San Antonio Spurs,Player PRAs,24.5,1.17,NA,TAB,617655,NA
Denver Nuggets v San Antonio Spurs,Denver Nuggets,San Antonio Spurs,Michael Porter Jr.,Denver Nuggets,San Antonio Spurs,Player PRAs,24.5,1.6,NA,TAB,617656,NA
Denver Nuggets v San Antonio Spurs,Denver Nuggets,San Antonio Spurs,Russell Westbrook,Denver Nuggets,San Antonio Spurs,Player PRAs,24.5,1.6,NA,TAB,617661,NA
Denver Nuggets v San Antonio Spurs,Denver Nuggets,San Antonio Spurs,Devin Vassell,San Antonio Spurs,Denver Nuggets,Player PRAs,24.5,1.68,NA,TAB,617658,NA
Denver Nuggets v San Antonio Spurs,Denver Nuggets,San Antonio Spurs,Chris Paul,San Antonio Spurs,Denver Nuggets,Player PRAs,24.5,2.6,NA,TAB,617659,NA
Denver Nuggets v San Antonio Spurs,Denver Nuggets,San Antonio Spurs,Keshad Johnson,Miami Heat,NA,Player PRAs,24.5,3,NA,TAB,617662,NA
Denver Nuggets v San Antonio Spurs,Denver Nuggets,San Antonio Spurs,Keon Johnson,Brooklyn Nets,NA,Player PRAs,24.5,3,NA,TAB,617662,NA
Denver Nuggets v San Antonio Spurs,Denver Nuggets,San Antonio Spurs,Keldon Johnson,San Antonio Spurs,Denver Nuggets,Player PRAs,24.5,3,NA,TAB,617662,NA
Denver Nuggets v San Antonio Spurs,Denver Nuggets,San Antonio Spurs,Christian Braun,Denver Nuggets,San Antonio Spurs,Player PRAs,24.5,3.5,NA,TAB,617657,NA
Denver Nuggets v San Antonio Spurs,Denver Nuggets,San Antonio Spurs,Harrison Barnes,San Antonio Spurs,Denver Nuggets,Player PRAs,24.5,9,NA,TAB,617660,NA
Denver Nuggets v San Antonio Spurs,Denver Nuggets,San Antonio Spurs,Victor Wembanyama,San Antonio Spurs,Denver Nuggets,Player PRAs,29.5,1.09,NA,TAB,617673,NA
Denver Nuggets v San Antonio Spurs,Denver Nuggets,San Antonio Spurs,Jamal Murray,Denver Nuggets,San Antonio Spurs,Player PRAs,29.5,1.52,NA,TAB,617671,NA
Denver Nuggets v San Antonio Spurs,Denver Nuggets,San Antonio Spurs,Michael Porter Jr.,Denver Nuggets,San Antonio Spurs,Player PRAs,29.5,2.4,NA,TAB,617672,NA
Denver Nuggets v San Antonio Spurs,Denver Nuggets,San Antonio Spurs,Russell Westbrook,Denver Nuggets,San Antonio Spurs,Player PRAs,29.5,2.5,NA,TAB,617676,NA
Denver Nuggets v San Antonio Spurs,Denver Nuggets,San Antonio Spurs,Devin Vassell,San Antonio Spurs,Denver Nuggets,Player PRAs,29.5,2.7,NA,TAB,617674,NA
Denver Nuggets v San Antonio Spurs,Denver Nuggets,San Antonio Spurs,Chris Paul,San Antonio Spurs,Denver Nuggets,Player PRAs,29.5,5.25,NA,TAB,617675,NA
Denver Nuggets v San Antonio Spurs,Denver Nuggets,San Antonio Spurs,Keshad Johnson,Miami Heat,NA,Player PRAs,29.5,6,NA,TAB,617677,NA
Denver Nuggets v San Antonio Spurs,Denver Nuggets,San Antonio Spurs,Keon Johnson,Brooklyn Nets,NA,Player PRAs,29.5,6,NA,TAB,617677,NA
Denver Nuggets v San Antonio Spurs,Denver Nuggets,San Antonio Spurs,Keldon Johnson,San Antonio Spurs,Denver Nuggets,Player PRAs,29.5,6,NA,TAB,617677,NA
Denver Nuggets v San Antonio Spurs,Denver Nuggets,San Antonio Spurs,Victor Wembanyama,San Antonio Spurs,Denver Nuggets,Player PRAs,34.5,1.26,NA,TAB,617689,NA
Denver Nuggets v San Antonio Spurs,Denver Nuggets,San Antonio Spurs,Jamal Murray,Denver Nuggets,San Antonio Spurs,Player PRAs,34.5,2.25,NA,TAB,617687,NA
Denver Nuggets v San Antonio Spurs,Denver Nuggets,San Antonio Spurs,Michael Porter Jr.,Denver Nuggets,San Antonio Spurs,Player PRAs,34.5,4.25,NA,TAB,617688,NA
Denver Nuggets v San Antonio Spurs,Denver Nuggets,San Antonio Spurs,Russell Westbrook,Denver Nuggets,San Antonio Spurs,Player PRAs,34.5,4.75,NA,TAB,617691,NA
Denver Nuggets v San Antonio Spurs,Denver Nuggets,San Antonio Spurs,Devin Vassell,San Antonio Spurs,Denver Nuggets,Player PRAs,34.5,5,NA,TAB,617690,NA
Denver Nuggets v San Antonio Spurs,Denver Nuggets,San Antonio Spurs,NA,NA,NA,Player PRAs,39.5,1.08,NA,TAB,617703,NA
Denver Nuggets v San Antonio Spurs,Denver Nuggets,San Antonio Spurs,Victor Wembanyama,San Antonio Spurs,Denver Nuggets,Player PRAs,39.5,1.6,NA,TAB,617706,NA
Denver Nuggets v San Antonio Spurs,Denver Nuggets,San Antonio Spurs,Jamal Murray,Denver Nuggets,San Antonio Spurs,Player PRAs,39.5,4,NA,TAB,617704,NA
Denver Nuggets v San Antonio Spurs,Denver Nuggets,San Antonio Spurs,Michael Porter Jr.,Denver Nuggets,San Antonio Spurs,Player PRAs,39.5,8.5,NA,TAB,617705,NA
Denver Nuggets v San Antonio Spurs,Denver Nuggets,San Antonio Spurs,Devin Vassell,San Antonio Spurs,Denver Nuggets,Player PRAs,39.5,9,NA,TAB,617707,NA
Denver Nuggets v San Antonio Spurs,Denver Nuggets,San Antonio Spurs,NA,NA,NA,Player PRAs,44.5,1.28,NA,TAB,617711,NA
Denver Nuggets v San Antonio Spurs,Denver Nuggets,San Antonio Spurs,Victor Wembanyama,San Antonio Spurs,Denver Nuggets,Player PRAs,44.5,2.2,NA,TAB,617713,NA
Denver Nuggets v San Antonio Spurs,Denver Nuggets,San Antonio Spurs,Jamal Murray,Denver Nuggets,San Antonio Spurs,Player PRAs,44.5,8.5,NA,TAB,617712,NA
Denver Nuggets v San Antonio Spurs,Denver Nuggets,San Antonio Spurs,NA,NA,NA,Player PRAs,49.5,1.62,NA,TAB,617717,NA
Denver Nuggets v San Antonio Spurs,Denver Nuggets,San Antonio Spurs,Victor Wembanyama,San Antonio Spurs,Denver Nuggets,Player PRAs,49.5,3.3,NA,TAB,617718,NA
Denver Nuggets v San Antonio Spurs,Denver Nuggets,San Antonio Spurs,NA,NA,NA,Player PRAs,54.5,2.3,NA,TAB,618060,NA
Denver Nuggets v San Antonio Spurs,Denver Nuggets,San Antonio Spurs,Victor Wembanyama,San Antonio Spurs,Denver Nuggets,Player PRAs,54.5,5.5,NA,TAB,618061,NA
Denver Nuggets v San Antonio Spurs,Denver Nuggets,San Antonio Spurs,NA,NA,NA,Player PRAs,59.5,3.6,NA,TAB,618065,NA
Sacramento Kings v Memphis Grizzlies,Sacramento Kings,Memphis Grizzlies,Malik Monk,Sacramento Kings,Memphis Grizzlies,Player PRAs,19.5,1.09,NA,TAB,618514,NA
Sacramento Kings v Memphis Grizzlies,Sacramento Kings,Memphis Grizzlies,DeMar DeRozan,Sacramento Kings,Memphis Grizzlies,Player PRAs,19.5,1.12,NA,TAB,618515,NA
Sacramento Kings v Memphis Grizzlies,Sacramento Kings,Memphis Grizzlies,Zach Edey,Memphis Grizzlies,Sacramento Kings,Player PRAs,19.5,1.42,NA,TAB,618516,NA
Sacramento Kings v Memphis Grizzlies,Sacramento Kings,Memphis Grizzlies,Scotty Pippen Jr.,Memphis Grizzlies,Sacramento Kings,Player PRAs,19.5,1.62,NA,TAB,618520,NA
Sacramento Kings v Memphis Grizzlies,Sacramento Kings,Memphis Grizzlies,Jaylen Wells,Memphis Grizzlies,Sacramento Kings,Player PRAs,19.5,2.1,NA,TAB,618522,NA
Sacramento Kings v Memphis Grizzlies,Sacramento Kings,Memphis Grizzlies,Luke Kennard,Memphis Grizzlies,Sacramento Kings,Player PRAs,19.5,2.2,NA,TAB,618521,NA
Sacramento Kings v Memphis Grizzlies,Sacramento Kings,Memphis Grizzlies,Trey Lyles,Sacramento Kings,Memphis Grizzlies,Player PRAs,19.5,2.5,NA,TAB,618517,NA
Sacramento Kings v Memphis Grizzlies,Sacramento Kings,Memphis Grizzlies,Keon Ellis,Sacramento Kings,Memphis Grizzlies,Player PRAs,19.5,3.4,NA,TAB,618518,NA
Sacramento Kings v Memphis Grizzlies,Sacramento Kings,Memphis Grizzlies,Kevin Huerter,Sacramento Kings,Memphis Grizzlies,Player PRAs,19.5,5.5,NA,TAB,618519,NA
Sacramento Kings v Memphis Grizzlies,Sacramento Kings,Memphis Grizzlies,Jaren Jackson Jr.,Memphis Grizzlies,Sacramento Kings,Player PRAs,24.5,1.09,NA,TAB,618532,NA
Sacramento Kings v Memphis Grizzlies,Sacramento Kings,Memphis Grizzlies,Desmond Bane,Memphis Grizzlies,Sacramento Kings,Player PRAs,24.5,1.11,NA,TAB,618533,NA
Sacramento Kings v Memphis Grizzlies,Sacramento Kings,Memphis Grizzlies,Malik Monk,Sacramento Kings,Memphis Grizzlies,Player PRAs,24.5,1.38,NA,TAB,618530,NA
Sacramento Kings v Memphis Grizzlies,Sacramento Kings,Memphis Grizzlies,DeMar DeRozan,Sacramento Kings,Memphis Grizzlies,Player PRAs,24.5,1.48,NA,TAB,618531,NA
Sacramento Kings v Memphis Grizzlies,Sacramento Kings,Memphis Grizzlies,Zach Edey,Memphis Grizzlies,Sacramento Kings,Player PRAs,24.5,2.05,NA,TAB,618534,NA
Sacramento Kings v Memphis Grizzlies,Sacramento Kings,Memphis Grizzlies,Scotty Pippen Jr.,Memphis Grizzlies,Sacramento Kings,Player PRAs,24.5,2.5,NA,TAB,618537,NA
Sacramento Kings v Memphis Grizzlies,Sacramento Kings,Memphis Grizzlies,Jaylen Wells,Memphis Grizzlies,Sacramento Kings,Player PRAs,24.5,4,NA,TAB,618539,NA
Sacramento Kings v Memphis Grizzlies,Sacramento Kings,Memphis Grizzlies,Luke Kennard,Memphis Grizzlies,Sacramento Kings,Player PRAs,24.5,4,NA,TAB,618538,NA
Sacramento Kings v Memphis Grizzlies,Sacramento Kings,Memphis Grizzlies,Trey Lyles,Sacramento Kings,Memphis Grizzlies,Player PRAs,24.5,5,NA,TAB,618535,NA
Sacramento Kings v Memphis Grizzlies,Sacramento Kings,Memphis Grizzlies,Keon Ellis,Sacramento Kings,Memphis Grizzlies,Player PRAs,24.5,8.5,NA,TAB,618536,NA
Sacramento Kings v Memphis Grizzlies,Sacramento Kings,Memphis Grizzlies,Domantas Sabonis,Sacramento Kings,Memphis Grizzlies,Player PRAs,29.5,1.08,NA,TAB,618546,NA
Sacramento Kings v Memphis Grizzlies,Sacramento Kings,Memphis Grizzlies,De'Aaron Fox,Sacramento Kings,Memphis Grizzlies,Player PRAs,29.5,1.17,NA,TAB,618547,NA
Sacramento Kings v Memphis Grizzlies,Sacramento Kings,Memphis Grizzlies,Jaren Jackson Jr.,Memphis Grizzlies,Sacramento Kings,Player PRAs,29.5,1.3,NA,TAB,618550,NA
Sacramento Kings v Memphis Grizzlies,Sacramento Kings,Memphis Grizzlies,Desmond Bane,Memphis Grizzlies,Sacramento Kings,Player PRAs,29.5,1.36,NA,TAB,618551,NA
Sacramento Kings v Memphis Grizzlies,Sacramento Kings,Memphis Grizzlies,Malik Monk,Sacramento Kings,Memphis Grizzlies,Player PRAs,29.5,1.95,NA,TAB,618548,NA
Sacramento Kings v Memphis Grizzlies,Sacramento Kings,Memphis Grizzlies,DeMar DeRozan,Sacramento Kings,Memphis Grizzlies,Player PRAs,29.5,2.15,NA,TAB,618549,NA
Sacramento Kings v Memphis Grizzlies,Sacramento Kings,Memphis Grizzlies,Scotty Pippen Jr.,Memphis Grizzlies,Sacramento Kings,Player PRAs,29.5,4.75,NA,TAB,618553,NA
Sacramento Kings v Memphis Grizzlies,Sacramento Kings,Memphis Grizzlies,Jaylen Wells,Memphis Grizzlies,Sacramento Kings,Player PRAs,29.5,9,NA,TAB,618555,NA
Sacramento Kings v Memphis Grizzlies,Sacramento Kings,Memphis Grizzlies,Luke Kennard,Memphis Grizzlies,Sacramento Kings,Player PRAs,29.5,9,NA,TAB,618554,NA
Sacramento Kings v Memphis Grizzlies,Sacramento Kings,Memphis Grizzlies,Domantas Sabonis,Sacramento Kings,Memphis Grizzlies,Player PRAs,34.5,1.25,NA,TAB,618562,NA
Sacramento Kings v Memphis Grizzlies,Sacramento Kings,Memphis Grizzlies,De'Aaron Fox,Sacramento Kings,Memphis Grizzlies,Player PRAs,34.5,1.42,NA,TAB,618563,NA
Sacramento Kings v Memphis Grizzlies,Sacramento Kings,Memphis Grizzlies,Jaren Jackson Jr.,Memphis Grizzlies,Sacramento Kings,Player PRAs,34.5,1.7,NA,TAB,618566,NA
Sacramento Kings v Memphis Grizzlies,Sacramento Kings,Memphis Grizzlies,Desmond Bane,Memphis Grizzlies,Sacramento Kings,Player PRAs,34.5,1.8,NA,TAB,618567,NA
Sacramento Kings v Memphis Grizzlies,Sacramento Kings,Memphis Grizzlies,Malik Monk,Sacramento Kings,Memphis Grizzlies,Player PRAs,34.5,3.3,NA,TAB,618564,NA
Sacramento Kings v Memphis Grizzlies,Sacramento Kings,Memphis Grizzlies,DeMar DeRozan,Sacramento Kings,Memphis Grizzlies,Player PRAs,34.5,3.75,NA,TAB,618565,NA
Sacramento Kings v Memphis Grizzlies,Sacramento Kings,Memphis Grizzlies,Domantas Sabonis,Sacramento Kings,Memphis Grizzlies,Player PRAs,39.5,1.65,NA,TAB,618578,NA
Sacramento Kings v Memphis Grizzlies,Sacramento Kings,Memphis Grizzlies,De'Aaron Fox,Sacramento Kings,Memphis Grizzlies,Player PRAs,39.5,2.1,NA,TAB,618579,NA
Sacramento Kings v Memphis Grizzlies,Sacramento Kings,Memphis Grizzlies,Jaren Jackson Jr.,Memphis Grizzlies,Sacramento Kings,Player PRAs,39.5,2.4,NA,TAB,618582,NA
Sacramento Kings v Memphis Grizzlies,Sacramento Kings,Memphis Grizzlies,Desmond Bane,Memphis Grizzlies,Sacramento Kings,Player PRAs,39.5,2.7,NA,TAB,618583,NA
Sacramento Kings v Memphis Grizzlies,Sacramento Kings,Memphis Grizzlies,Malik Monk,Sacramento Kings,Memphis Grizzlies,Player PRAs,39.5,6.5,NA,TAB,618580,NA
Sacramento Kings v Memphis Grizzlies,Sacramento Kings,Memphis Grizzlies,DeMar DeRozan,Sacramento Kings,Memphis Grizzlies,Player PRAs,39.5,7.5,NA,TAB,618581,NA
Sacramento Kings v Memphis Grizzlies,Sacramento Kings,Memphis Grizzlies,Domantas Sabonis,Sacramento Kings,Memphis Grizzlies,Player PRAs,44.5,2.15,NA,TAB,618586,NA
Sacramento Kings v Memphis Grizzlies,Sacramento Kings,Memphis Grizzlies,De'Aaron Fox,Sacramento Kings,Memphis Grizzlies,Player PRAs,44.5,3.4,NA,TAB,618587,NA
Sacramento Kings v Memphis Grizzlies,Sacramento Kings,Memphis Grizzlies,Jaren Jackson Jr.,Memphis Grizzlies,Sacramento Kings,Player PRAs,44.5,4,NA,TAB,618588,NA
Sacramento Kings v Memphis Grizzlies,Sacramento Kings,Memphis Grizzlies,Desmond Bane,Memphis Grizzlies,Sacramento Kings,Player PRAs,44.5,4.5,NA,TAB,618589,NA
Sacramento Kings v Memphis Grizzlies,Sacramento Kings,Memphis Grizzlies,Domantas Sabonis,Sacramento Kings,Memphis Grizzlies,Player PRAs,49.5,3.75,NA,TAB,618592,NA
Sacramento Kings v Memphis Grizzlies,Sacramento Kings,Memphis Grizzlies,De'Aaron Fox,Sacramento Kings,Memphis Grizzlies,Player PRAs,49.5,5.5,NA,TAB,618593,NA
Sacramento Kings v Memphis Grizzlies,Sacramento Kings,Memphis Grizzlies,Jaren Jackson Jr.,Memphis Grizzlies,Sacramento Kings,Player PRAs,49.5,7.5,NA,TAB,618594,NA
Sacramento Kings v Memphis Grizzlies,Sacramento Kings,Memphis Grizzlies,Desmond Bane,Memphis Grizzlies,Sacramento Kings,Player PRAs,49.5,9,NA,TAB,618595,NA
Sacramento Kings v Memphis Grizzlies,Sacramento Kings,Memphis Grizzlies,Domantas Sabonis,Sacramento Kings,Memphis Grizzlies,Player PRAs,54.5,7,NA,TAB,618935,NA
Los Angeles Lakers v Atlanta Hawks,Los Angeles Lakers,Atlanta Hawks,Austin Reaves,Los Angeles Lakers,Atlanta Hawks,Player PRAs,19.5,1.02,NA,TAB,619407,NA
Los Angeles Lakers v Atlanta Hawks,Los Angeles Lakers,Atlanta Hawks,De'Andre Hunter,Atlanta Hawks,Los Angeles Lakers,Player PRAs,19.5,1.36,NA,TAB,619415,NA
Los Angeles Lakers v Atlanta Hawks,Los Angeles Lakers,Atlanta Hawks,Dyson Daniels,Atlanta Hawks,Los Angeles Lakers,Player PRAs,19.5,1.7,NA,TAB,619410,NA
Los Angeles Lakers v Atlanta Hawks,Los Angeles Lakers,Atlanta Hawks,Clint Capela,Atlanta Hawks,Los Angeles Lakers,Player PRAs,19.5,1.95,NA,TAB,619411,NA
Los Angeles Lakers v Atlanta Hawks,Los Angeles Lakers,Atlanta Hawks,Rui Hachimura,Los Angeles Lakers,Atlanta Hawks,Player PRAs,19.5,2,NA,TAB,619408,NA
Los Angeles Lakers v Atlanta Hawks,Los Angeles Lakers,Atlanta Hawks,Onyeka Okongwu,Atlanta Hawks,Los Angeles Lakers,Player PRAs,19.5,2.15,NA,TAB,619416,NA
Los Angeles Lakers v Atlanta Hawks,Los Angeles Lakers,Atlanta Hawks,Zaccharie Risacher,Atlanta Hawks,Los Angeles Lakers,Player PRAs,19.5,2.4,NA,TAB,619412,NA
Los Angeles Lakers v Atlanta Hawks,Los Angeles Lakers,Atlanta Hawks,Max Christie,Los Angeles Lakers,Atlanta Hawks,Player PRAs,19.5,3.4,NA,TAB,619409,NA
Los Angeles Lakers v Atlanta Hawks,Los Angeles Lakers,Atlanta Hawks,Dalton Knecht,Los Angeles Lakers,Atlanta Hawks,Player PRAs,19.5,6.5,NA,TAB,619413,NA
Los Angeles Lakers v Atlanta Hawks,Los Angeles Lakers,Atlanta Hawks,Austin Reaves,Los Angeles Lakers,Atlanta Hawks,Player PRAs,24.5,1.2,NA,TAB,619423,NA
Los Angeles Lakers v Atlanta Hawks,Los Angeles Lakers,Atlanta Hawks,De'Andre Hunter,Atlanta Hawks,Los Angeles Lakers,Player PRAs,24.5,1.85,NA,TAB,619429,NA
Los Angeles Lakers v Atlanta Hawks,Los Angeles Lakers,Atlanta Hawks,Dyson Daniels,Atlanta Hawks,Los Angeles Lakers,Player PRAs,24.5,2.8,NA,TAB,619426,NA
Los Angeles Lakers v Atlanta Hawks,Los Angeles Lakers,Atlanta Hawks,Rui Hachimura,Los Angeles Lakers,Atlanta Hawks,Player PRAs,24.5,3.75,NA,TAB,619424,NA
Los Angeles Lakers v Atlanta Hawks,Los Angeles Lakers,Atlanta Hawks,Clint Capela,Atlanta Hawks,Los Angeles Lakers,Player PRAs,24.5,4,NA,TAB,619427,NA
Los Angeles Lakers v Atlanta Hawks,Los Angeles Lakers,Atlanta Hawks,Onyeka Okongwu,Atlanta Hawks,Los Angeles Lakers,Player PRAs,24.5,4.25,NA,TAB,619430,NA
Los Angeles Lakers v Atlanta Hawks,Los Angeles Lakers,Atlanta Hawks,Zaccharie Risacher,Atlanta Hawks,Los Angeles Lakers,Player PRAs,24.5,4.75,NA,TAB,619428,NA
Los Angeles Lakers v Atlanta Hawks,Los Angeles Lakers,Atlanta Hawks,Anthony Davis,Los Angeles Lakers,Atlanta Hawks,Player PRAs,29.5,1.04,NA,TAB,619589,NA
Los Angeles Lakers v Atlanta Hawks,Los Angeles Lakers,Atlanta Hawks,LeBron James,Los Angeles Lakers,Atlanta Hawks,Player PRAs,29.5,1.09,NA,TAB,619439,NA
Los Angeles Lakers v Atlanta Hawks,Los Angeles Lakers,Atlanta Hawks,Jalen Johnson,Atlanta Hawks,Los Angeles Lakers,Player PRAs,29.5,1.45,NA,TAB,619593,NA
Los Angeles Lakers v Atlanta Hawks,Los Angeles Lakers,Atlanta Hawks,Austin Reaves,Los Angeles Lakers,Atlanta Hawks,Player PRAs,29.5,1.6,NA,TAB,619590,NA
Los Angeles Lakers v Atlanta Hawks,Los Angeles Lakers,Atlanta Hawks,De'Andre Hunter,Atlanta Hawks,Los Angeles Lakers,Player PRAs,29.5,2.7,NA,TAB,619597,NA
Los Angeles Lakers v Atlanta Hawks,Los Angeles Lakers,Atlanta Hawks,Dyson Daniels,Atlanta Hawks,Los Angeles Lakers,Player PRAs,29.5,5.5,NA,TAB,619594,NA
Los Angeles Lakers v Atlanta Hawks,Los Angeles Lakers,Atlanta Hawks,Rui Hachimura,Los Angeles Lakers,Atlanta Hawks,Player PRAs,29.5,9,NA,TAB,619591,NA
Los Angeles Lakers v Atlanta Hawks,Los Angeles Lakers,Atlanta Hawks,Zaccharie Risacher,Atlanta Hawks,Los Angeles Lakers,Player PRAs,29.5,9,NA,TAB,619596,NA
Los Angeles Lakers v Atlanta Hawks,Los Angeles Lakers,Atlanta Hawks,Onyeka Okongwu,Atlanta Hawks,Los Angeles Lakers,Player PRAs,29.5,9,NA,TAB,619599,NA
Los Angeles Lakers v Atlanta Hawks,Los Angeles Lakers,Atlanta Hawks,Clint Capela,Atlanta Hawks,Los Angeles Lakers,Player PRAs,29.5,9,NA,TAB,619595,NA
Los Angeles Lakers v Atlanta Hawks,Los Angeles Lakers,Atlanta Hawks,Anthony Davis,Los Angeles Lakers,Atlanta Hawks,Player PRAs,34.5,1.22,NA,TAB,619605,NA
Los Angeles Lakers v Atlanta Hawks,Los Angeles Lakers,Atlanta Hawks,LeBron James,Los Angeles Lakers,Atlanta Hawks,Player PRAs,34.5,1.33,NA,TAB,619604,NA
Los Angeles Lakers v Atlanta Hawks,Los Angeles Lakers,Atlanta Hawks,Trae Young,Atlanta Hawks,Los Angeles Lakers,Player PRAs,34.5,1.52,NA,TAB,619607,NA
Los Angeles Lakers v Atlanta Hawks,Los Angeles Lakers,Atlanta Hawks,Jalen Johnson,Atlanta Hawks,Los Angeles Lakers,Player PRAs,34.5,2,NA,TAB,619608,NA
Los Angeles Lakers v Atlanta Hawks,Los Angeles Lakers,Atlanta Hawks,Austin Reaves,Los Angeles Lakers,Atlanta Hawks,Player PRAs,34.5,2.4,NA,TAB,619606,NA
Los Angeles Lakers v Atlanta Hawks,Los Angeles Lakers,Atlanta Hawks,De'Andre Hunter,Atlanta Hawks,Los Angeles Lakers,Player PRAs,34.5,4.5,NA,TAB,619610,NA
Los Angeles Lakers v Atlanta Hawks,Los Angeles Lakers,Atlanta Hawks,Dyson Daniels,Atlanta Hawks,Los Angeles Lakers,Player PRAs,34.5,9,NA,TAB,619609,NA
Los Angeles Lakers v Atlanta Hawks,Los Angeles Lakers,Atlanta Hawks,Anthony Davis,Los Angeles Lakers,Atlanta Hawks,Player PRAs,39.5,1.48,NA,TAB,619621,NA
Los Angeles Lakers v Atlanta Hawks,Los Angeles Lakers,Atlanta Hawks,LeBron James,Los Angeles Lakers,Atlanta Hawks,Player PRAs,39.5,1.75,NA,TAB,619620,NA
Los Angeles Lakers v Atlanta Hawks,Los Angeles Lakers,Atlanta Hawks,Trae Young,Atlanta Hawks,Los Angeles Lakers,Player PRAs,39.5,2.15,NA,TAB,619623,NA
Los Angeles Lakers v Atlanta Hawks,Los Angeles Lakers,Atlanta Hawks,Austin Reaves,Los Angeles Lakers,Atlanta Hawks,Player PRAs,39.5,4.25,NA,TAB,619622,NA
Los Angeles Lakers v Atlanta Hawks,Los Angeles Lakers,Atlanta Hawks,De'Andre Hunter,Atlanta Hawks,Los Angeles Lakers,Player PRAs,39.5,8,NA,TAB,619625,NA
Los Angeles Lakers v Atlanta Hawks,Los Angeles Lakers,Atlanta Hawks,Anthony Davis,Los Angeles Lakers,Atlanta Hawks,Player PRAs,44.5,2,NA,TAB,619629,NA
Los Angeles Lakers v Atlanta Hawks,Los Angeles Lakers,Atlanta Hawks,LeBron James,Los Angeles Lakers,Atlanta Hawks,Player PRAs,44.5,2.6,NA,TAB,619628,NA
Los Angeles Lakers v Atlanta Hawks,Los Angeles Lakers,Atlanta Hawks,Anthony Davis,Los Angeles Lakers,Atlanta Hawks,Player PRAs,49.5,3.2,NA,TAB,619635,NA
Los Angeles Lakers v Atlanta Hawks,Los Angeles Lakers,Atlanta Hawks,LeBron James,Los Angeles Lakers,Atlanta Hawks,Player PRAs,49.5,4.5,NA,TAB,619634,NA
Los Angeles Lakers v Atlanta Hawks,Los Angeles Lakers,Atlanta Hawks,Anthony Davis,Los Angeles Lakers,Atlanta Hawks,Player PRAs,54.5,6,NA,TAB,620042,NA
Los Angeles Lakers v Atlanta Hawks,Los Angeles Lakers,Atlanta Hawks,LeBron James,Los Angeles Lakers,Atlanta Hawks,Player PRAs,54.5,8.5,NA,TAB,620041,NA
Dallas Mavericks v Cleveland Cavaliers,Dallas Mavericks,Cleveland Cavaliers,Caris LeVert,Cleveland Cavaliers,Dallas Mavericks,Player PRAs,9.5,1.17,NA,TAB,627956,NA
Dallas Mavericks v Cleveland Cavaliers,Dallas Mavericks,Cleveland Cavaliers,Caris LeVert,Cleveland Cavaliers,Dallas Mavericks,Player PRAs,14.5,1.62,NA,TAB,627957,NA
Dallas Mavericks v Cleveland Cavaliers,Dallas Mavericks,Cleveland Cavaliers,Caris LeVert,Cleveland Cavaliers,Dallas Mavericks,Player PRAs,19.5,2.7,NA,TAB,627958,NA
Dallas Mavericks v Cleveland Cavaliers,Dallas Mavericks,Cleveland Cavaliers,Darius Garland,Cleveland Cavaliers,Dallas Mavericks,Player PRAs,19.5,1.05,NA,TAB,628356,NA
Dallas Mavericks v Cleveland Cavaliers,Dallas Mavericks,Cleveland Cavaliers,Darius Garland,Cleveland Cavaliers,Dallas Mavericks,Player PRAs,24.5,1.25,NA,TAB,628357,NA
Dallas Mavericks v Cleveland Cavaliers,Dallas Mavericks,Cleveland Cavaliers,Darius Garland,Cleveland Cavaliers,Dallas Mavericks,Player PRAs,29.5,1.68,NA,TAB,628358,NA
Dallas Mavericks v Cleveland Cavaliers,Dallas Mavericks,Cleveland Cavaliers,Darius Garland,Cleveland Cavaliers,Dallas Mavericks,Player PRAs,34.5,2.6,NA,TAB,628359,NA
Dallas Mavericks v Cleveland Cavaliers,Dallas Mavericks,Cleveland Cavaliers,Dereck Lively II,Dallas Mavericks,Cleveland Cavaliers,Player PRAs,9.5,1.05,NA,TAB,628367,NA
Dallas Mavericks v Cleveland Cavaliers,Dallas Mavericks,Cleveland Cavaliers,Dereck Lively II,Dallas Mavericks,Cleveland Cavaliers,Player PRAs,14.5,1.28,NA,TAB,628368,NA
Dallas Mavericks v Cleveland Cavaliers,Dallas Mavericks,Cleveland Cavaliers,Dereck Lively II,Dallas Mavericks,Cleveland Cavaliers,Player PRAs,19.5,1.85,1.85,TAB,628369,581878
Dallas Mavericks v Cleveland Cavaliers,Dallas Mavericks,Cleveland Cavaliers,Daniel Gafford,Dallas Mavericks,Cleveland Cavaliers,Player PRAs,9.5,1.11,NA,TAB,634580,NA
Dallas Mavericks v Cleveland Cavaliers,Dallas Mavericks,Cleveland Cavaliers,Daniel Gafford,Dallas Mavericks,Cleveland Cavaliers,Player PRAs,14.5,1.45,NA,TAB,634581,NA
Dallas Mavericks v Cleveland Cavaliers,Dallas Mavericks,Cleveland Cavaliers,Daniel Gafford,Dallas Mavericks,Cleveland Cavaliers,Player PRAs,19.5,2.3,NA,TAB,634582,NA
Dallas Mavericks v Cleveland Cavaliers,Dallas Mavericks,Cleveland Cavaliers,Dean Wade,Cleveland Cavaliers,Dallas Mavericks,Player PRAs,9.5,1.36,NA,TAB,628042,NA
Dallas Mavericks v Cleveland Cavaliers,Dallas Mavericks,Cleveland Cavaliers,Dean Wade,Cleveland Cavaliers,Dallas Mavericks,Player PRAs,14.5,2.15,NA,TAB,628043,NA
Dallas Mavericks v Cleveland Cavaliers,Dallas Mavericks,Cleveland Cavaliers,Donovan Mitchell,Cleveland Cavaliers,Dallas Mavericks,Player PRAs,24.5,1.11,NA,TAB,628137,NA
Dallas Mavericks v Cleveland Cavaliers,Dallas Mavericks,Cleveland Cavaliers,Donovan Mitchell,Cleveland Cavaliers,Dallas Mavericks,Player PRAs,29.5,1.38,NA,TAB,628138,NA
Dallas Mavericks v Cleveland Cavaliers,Dallas Mavericks,Cleveland Cavaliers,Donovan Mitchell,Cleveland Cavaliers,Dallas Mavericks,Player PRAs,34.5,1.9,NA,TAB,628139,NA
Dallas Mavericks v Cleveland Cavaliers,Dallas Mavericks,Cleveland Cavaliers,Evan Mobley,Cleveland Cavaliers,Dallas Mavericks,Player PRAs,19.5,1.06,NA,TAB,628223,NA
Dallas Mavericks v Cleveland Cavaliers,Dallas Mavericks,Cleveland Cavaliers,Evan Mobley,Cleveland Cavaliers,Dallas Mavericks,Player PRAs,24.5,1.28,NA,TAB,628224,NA
Dallas Mavericks v Cleveland Cavaliers,Dallas Mavericks,Cleveland Cavaliers,Evan Mobley,Cleveland Cavaliers,Dallas Mavericks,Player PRAs,29.5,1.75,NA,TAB,628225,NA
Dallas Mavericks v Cleveland Cavaliers,Dallas Mavericks,Cleveland Cavaliers,Evan Mobley,Cleveland Cavaliers,Dallas Mavericks,Player PRAs,34.5,2.8,NA,TAB,628226,NA
Dallas Mavericks v Cleveland Cavaliers,Dallas Mavericks,Cleveland Cavaliers,Georges Niang,Cleveland Cavaliers,Dallas Mavericks,Player PRAs,9.5,1.4,NA,TAB,627836,NA
Dallas Mavericks v Cleveland Cavaliers,Dallas Mavericks,Cleveland Cavaliers,Georges Niang,Cleveland Cavaliers,Dallas Mavericks,Player PRAs,14.5,2.25,NA,TAB,627837,NA
Dallas Mavericks v Cleveland Cavaliers,Dallas Mavericks,Cleveland Cavaliers,Jarrett Allen,Cleveland Cavaliers,Dallas Mavericks,Player PRAs,14.5,1.02,NA,TAB,627890,NA
Dallas Mavericks v Cleveland Cavaliers,Dallas Mavericks,Cleveland Cavaliers,Jarrett Allen,Cleveland Cavaliers,Dallas Mavericks,Player PRAs,19.5,1.19,NA,TAB,627891,NA
Dallas Mavericks v Cleveland Cavaliers,Dallas Mavericks,Cleveland Cavaliers,Jarrett Allen,Cleveland Cavaliers,Dallas Mavericks,Player PRAs,24.5,1.58,NA,TAB,627892,NA
Dallas Mavericks v Cleveland Cavaliers,Dallas Mavericks,Cleveland Cavaliers,Jarrett Allen,Cleveland Cavaliers,Dallas Mavericks,Player PRAs,29.5,2.4,NA,TAB,627893,NA
Dallas Mavericks v Cleveland Cavaliers,Dallas Mavericks,Cleveland Cavaliers,Jaden Hardy,Dallas Mavericks,Cleveland Cavaliers,Player PRAs,9.5,1.18,NA,TAB,635890,NA
Dallas Mavericks v Cleveland Cavaliers,Dallas Mavericks,Cleveland Cavaliers,Jaden Hardy,Dallas Mavericks,Cleveland Cavaliers,Player PRAs,14.5,1.65,NA,TAB,635891,NA
Dallas Mavericks v Cleveland Cavaliers,Dallas Mavericks,Cleveland Cavaliers,Jaden Hardy,Dallas Mavericks,Cleveland Cavaliers,Player PRAs,19.5,2.8,NA,TAB,635892,NA
Dallas Mavericks v Cleveland Cavaliers,Dallas Mavericks,Cleveland Cavaliers,Klay Thompson,Dallas Mavericks,Cleveland Cavaliers,Player PRAs,14.5,1.12,NA,TAB,628148,NA
Dallas Mavericks v Cleveland Cavaliers,Dallas Mavericks,Cleveland Cavaliers,Klay Thompson,Dallas Mavericks,Cleveland Cavaliers,Player PRAs,19.5,1.42,NA,TAB,628149,NA
Dallas Mavericks v Cleveland Cavaliers,Dallas Mavericks,Cleveland Cavaliers,Klay Thompson,Dallas Mavericks,Cleveland Cavaliers,Player PRAs,24.5,2.15,NA,TAB,628150,NA
Dallas Mavericks v Cleveland Cavaliers,Dallas Mavericks,Cleveland Cavaliers,Max Strus,Cleveland Cavaliers,Dallas Mavericks,Player PRAs,9.5,1.24,NA,TAB,636032,NA
Dallas Mavericks v Cleveland Cavaliers,Dallas Mavericks,Cleveland Cavaliers,Max Strus,Cleveland Cavaliers,Dallas Mavericks,Player PRAs,14.5,1.8,1.95,TAB,636033,635989
Dallas Mavericks v Cleveland Cavaliers,Dallas Mavericks,Cleveland Cavaliers,Maxi Kleber,Dallas Mavericks,Cleveland Cavaliers,Player PRAs,9.5,1.72,NA,TAB,634752,NA
Dallas Mavericks v Cleveland Cavaliers,Dallas Mavericks,Cleveland Cavaliers,P.J. Washington,Dallas Mavericks,Cleveland Cavaliers,Player PRAs,14.5,1.04,NA,TAB,628013,NA
Dallas Mavericks v Cleveland Cavaliers,Dallas Mavericks,Cleveland Cavaliers,P.J. Washington,Dallas Mavericks,Cleveland Cavaliers,Player PRAs,19.5,1.24,NA,TAB,628014,NA
Dallas Mavericks v Cleveland Cavaliers,Dallas Mavericks,Cleveland Cavaliers,P.J. Washington,Dallas Mavericks,Cleveland Cavaliers,Player PRAs,24.5,1.7,NA,TAB,628015,NA
Dallas Mavericks v Cleveland Cavaliers,Dallas Mavericks,Cleveland Cavaliers,P.J. Washington,Dallas Mavericks,Cleveland Cavaliers,Player PRAs,29.5,2.7,NA,TAB,628016,NA
Dallas Mavericks v Cleveland Cavaliers,Dallas Mavericks,Cleveland Cavaliers,Quentin Grimes,Dallas Mavericks,Cleveland Cavaliers,Player PRAs,14.5,1.17,NA,TAB,634218,NA
Dallas Mavericks v Cleveland Cavaliers,Dallas Mavericks,Cleveland Cavaliers,Quentin Grimes,Dallas Mavericks,Cleveland Cavaliers,Player PRAs,19.5,1.55,NA,TAB,634219,NA
Dallas Mavericks v Cleveland Cavaliers,Dallas Mavericks,Cleveland Cavaliers,Quentin Grimes,Dallas Mavericks,Cleveland Cavaliers,Player PRAs,24.5,2.4,NA,TAB,634220,NA
Dallas Mavericks v Cleveland Cavaliers,Dallas Mavericks,Cleveland Cavaliers,Spencer Dinwiddie,Dallas Mavericks,Cleveland Cavaliers,Player PRAs,14.5,1.06,NA,TAB,628307,NA
Dallas Mavericks v Cleveland Cavaliers,Dallas Mavericks,Cleveland Cavaliers,Spencer Dinwiddie,Dallas Mavericks,Cleveland Cavaliers,Player PRAs,19.5,1.3,NA,TAB,628308,NA
Dallas Mavericks v Cleveland Cavaliers,Dallas Mavericks,Cleveland Cavaliers,Spencer Dinwiddie,Dallas Mavericks,Cleveland Cavaliers,Player PRAs,24.5,1.85,1.87,TAB,628309,581662
Dallas Mavericks v Cleveland Cavaliers,Dallas Mavericks,Cleveland Cavaliers,Ty Jerome,Cleveland Cavaliers,Dallas Mavericks,Player PRAs,9.5,1.58,NA,TAB,636110,NA
Dallas Mavericks v Cleveland Cavaliers,Dallas Mavericks,Cleveland Cavaliers,Ty Jerome,Cleveland Cavaliers,Dallas Mavericks,Player PRAs,14.5,2.8,NA,TAB,636111,NA
Denver Nuggets v San Antonio Spurs,Denver Nuggets,San Antonio Spurs,Christian Braun,Denver Nuggets,San Antonio Spurs,Player PRAs,9.5,1.04,NA,TAB,571082,NA
Denver Nuggets v San Antonio Spurs,Denver Nuggets,San Antonio Spurs,Christian Braun,Denver Nuggets,San Antonio Spurs,Player PRAs,14.5,1.26,NA,TAB,571083,NA
Denver Nuggets v San Antonio Spurs,Denver Nuggets,San Antonio Spurs,Christian Braun,Denver Nuggets,San Antonio Spurs,Player PRAs,19.5,1.8,1.9,TAB,571084,590062
Denver Nuggets v San Antonio Spurs,Denver Nuggets,San Antonio Spurs,Chris Paul,San Antonio Spurs,Denver Nuggets,Player PRAs,14.5,1.15,NA,TAB,571759,NA
Denver Nuggets v San Antonio Spurs,Denver Nuggets,San Antonio Spurs,Chris Paul,San Antonio Spurs,Denver Nuggets,Player PRAs,19.5,1.5,NA,TAB,571760,NA
Denver Nuggets v San Antonio Spurs,Denver Nuggets,San Antonio Spurs,Chris Paul,San Antonio Spurs,Denver Nuggets,Player PRAs,24.5,2.3,NA,TAB,571761,NA
Denver Nuggets v San Antonio Spurs,Denver Nuggets,San Antonio Spurs,DeAndre Jordan,Denver Nuggets,San Antonio Spurs,Player PRAs,9.5,2.1,NA,TAB,588128,NA
Denver Nuggets v San Antonio Spurs,Denver Nuggets,San Antonio Spurs,Devin Vassell,San Antonio Spurs,Denver Nuggets,Player PRAs,14.5,1.03,NA,TAB,572144,NA
Denver Nuggets v San Antonio Spurs,Denver Nuggets,San Antonio Spurs,Devin Vassell,San Antonio Spurs,Denver Nuggets,Player PRAs,19.5,1.22,NA,TAB,572145,NA
Denver Nuggets v San Antonio Spurs,Denver Nuggets,San Antonio Spurs,Devin Vassell,San Antonio Spurs,Denver Nuggets,Player PRAs,24.5,1.65,NA,TAB,572146,NA
Denver Nuggets v San Antonio Spurs,Denver Nuggets,San Antonio Spurs,Devin Vassell,San Antonio Spurs,Denver Nuggets,Player PRAs,29.5,2.6,NA,TAB,572147,NA
Denver Nuggets v San Antonio Spurs,Denver Nuggets,San Antonio Spurs,Harrison Barnes,San Antonio Spurs,Denver Nuggets,Player PRAs,9.5,1.24,NA,TAB,571948,NA
Denver Nuggets v San Antonio Spurs,Denver Nuggets,San Antonio Spurs,Harrison Barnes,San Antonio Spurs,Denver Nuggets,Player PRAs,14.5,1.8,1.9,TAB,571949,590138
Denver Nuggets v San Antonio Spurs,Denver Nuggets,San Antonio Spurs,Jamal Murray,Denver Nuggets,San Antonio Spurs,Player PRAs,19.5,1.02,NA,TAB,568940,NA
Denver Nuggets v San Antonio Spurs,Denver Nuggets,San Antonio Spurs,Jamal Murray,Denver Nuggets,San Antonio Spurs,Player PRAs,24.5,1.17,NA,TAB,568941,NA
Denver Nuggets v San Antonio Spurs,Denver Nuggets,San Antonio Spurs,Jamal Murray,Denver Nuggets,San Antonio Spurs,Player PRAs,29.5,1.5,NA,TAB,568942,NA
Denver Nuggets v San Antonio Spurs,Denver Nuggets,San Antonio Spurs,Jamal Murray,Denver Nuggets,San Antonio Spurs,Player PRAs,34.5,2.25,NA,TAB,568943,NA
Denver Nuggets v San Antonio Spurs,Denver Nuggets,San Antonio Spurs,Keshad Johnson,Miami Heat,NA,Player PRAs,9.5,1.03,NA,TAB,587859,NA
Denver Nuggets v San Antonio Spurs,Denver Nuggets,San Antonio Spurs,Keon Johnson,Brooklyn Nets,NA,Player PRAs,9.5,1.03,NA,TAB,587859,NA
Denver Nuggets v San Antonio Spurs,Denver Nuggets,San Antonio Spurs,Keldon Johnson,San Antonio Spurs,Denver Nuggets,Player PRAs,9.5,1.03,NA,TAB,587859,NA
Denver Nuggets v San Antonio Spurs,Denver Nuggets,San Antonio Spurs,Keshad Johnson,Miami Heat,NA,Player PRAs,14.5,1.24,NA,TAB,587860,NA
Denver Nuggets v San Antonio Spurs,Denver Nuggets,San Antonio Spurs,Keon Johnson,Brooklyn Nets,NA,Player PRAs,14.5,1.24,NA,TAB,587860,NA
Denver Nuggets v San Antonio Spurs,Denver Nuggets,San Antonio Spurs,Keldon Johnson,San Antonio Spurs,Denver Nuggets,Player PRAs,14.5,1.24,NA,TAB,587860,NA
Denver Nuggets v San Antonio Spurs,Denver Nuggets,San Antonio Spurs,Keshad Johnson,Miami Heat,NA,Player PRAs,19.5,1.72,NA,TAB,587861,NA
Denver Nuggets v San Antonio Spurs,Denver Nuggets,San Antonio Spurs,Keon Johnson,Brooklyn Nets,NA,Player PRAs,19.5,1.72,NA,TAB,587861,NA
Denver Nuggets v San Antonio Spurs,Denver Nuggets,San Antonio Spurs,Keldon Johnson,San Antonio Spurs,Denver Nuggets,Player PRAs,19.5,1.72,NA,TAB,587861,NA
Denver Nuggets v San Antonio Spurs,Denver Nuggets,San Antonio Spurs,Keshad Johnson,Miami Heat,NA,Player PRAs,24.5,2.9,NA,TAB,587862,NA
Denver Nuggets v San Antonio Spurs,Denver Nuggets,San Antonio Spurs,Keon Johnson,Brooklyn Nets,NA,Player PRAs,24.5,2.9,NA,TAB,587862,NA
Denver Nuggets v San Antonio Spurs,Denver Nuggets,San Antonio Spurs,Keldon Johnson,San Antonio Spurs,Denver Nuggets,Player PRAs,24.5,2.9,NA,TAB,587862,NA
Denver Nuggets v San Antonio Spurs,Denver Nuggets,San Antonio Spurs,Michael Porter Jr.,Denver Nuggets,San Antonio Spurs,Player PRAs,19.5,1.17,NA,TAB,570092,NA
Denver Nuggets v San Antonio Spurs,Denver Nuggets,San Antonio Spurs,Michael Porter Jr.,Denver Nuggets,San Antonio Spurs,Player PRAs,24.5,1.52,NA,TAB,570093,NA
Denver Nuggets v San Antonio Spurs,Denver Nuggets,San Antonio Spurs,Michael Porter Jr.,Denver Nuggets,San Antonio Spurs,Player PRAs,29.5,2.3,NA,TAB,570094,NA
Denver Nuggets v San Antonio Spurs,Denver Nuggets,San Antonio Spurs,NA,NA,NA,Player PRAs,39.5,1.07,NA,TAB,570041,NA
Denver Nuggets v San Antonio Spurs,Denver Nuggets,San Antonio Spurs,NA,NA,NA,Player PRAs,44.5,1.26,NA,TAB,570047,NA
Denver Nuggets v San Antonio Spurs,Denver Nuggets,San Antonio Spurs,NA,NA,NA,Player PRAs,49.5,1.6,NA,TAB,570048,NA
Denver Nuggets v San Antonio Spurs,Denver Nuggets,San Antonio Spurs,NA,NA,NA,Player PRAs,54.5,2.3,NA,TAB,570049,NA
Denver Nuggets v San Antonio Spurs,Denver Nuggets,San Antonio Spurs,Peyton Watson,Denver Nuggets,San Antonio Spurs,Player PRAs,9.5,1.28,NA,TAB,588050,NA
Denver Nuggets v San Antonio Spurs,Denver Nuggets,San Antonio Spurs,Peyton Watson,Denver Nuggets,San Antonio Spurs,Player PRAs,14.5,1.9,1.8,TAB,588051,590758
Denver Nuggets v San Antonio Spurs,Denver Nuggets,San Antonio Spurs,Russell Westbrook,Denver Nuggets,San Antonio Spurs,Player PRAs,14.5,1.02,NA,TAB,567566,NA
Denver Nuggets v San Antonio Spurs,Denver Nuggets,San Antonio Spurs,Russell Westbrook,Denver Nuggets,San Antonio Spurs,Player PRAs,19.5,1.19,NA,TAB,567567,NA
Denver Nuggets v San Antonio Spurs,Denver Nuggets,San Antonio Spurs,Russell Westbrook,Denver Nuggets,San Antonio Spurs,Player PRAs,24.5,1.58,NA,TAB,567572,NA
Denver Nuggets v San Antonio Spurs,Denver Nuggets,San Antonio Spurs,Russell Westbrook,Denver Nuggets,San Antonio Spurs,Player PRAs,29.5,2.4,NA,TAB,567573,NA
Denver Nuggets v San Antonio Spurs,Denver Nuggets,San Antonio Spurs,Tre Jones,San Antonio Spurs,Denver Nuggets,Player PRAs,9.5,1.75,2,TAB,587933,590502
Denver Nuggets v San Antonio Spurs,Denver Nuggets,San Antonio Spurs,Victor Wembanyama,San Antonio Spurs,Denver Nuggets,Player PRAs,29.5,1.05,NA,TAB,571331,NA
Denver Nuggets v San Antonio Spurs,Denver Nuggets,San Antonio Spurs,Victor Wembanyama,San Antonio Spurs,Denver Nuggets,Player PRAs,34.5,1.22,NA,TAB,571335,NA
Denver Nuggets v San Antonio Spurs,Denver Nuggets,San Antonio Spurs,Victor Wembanyama,San Antonio Spurs,Denver Nuggets,Player PRAs,39.5,1.55,NA,TAB,571336,NA
Denver Nuggets v San Antonio Spurs,Denver Nuggets,San Antonio Spurs,Victor Wembanyama,San Antonio Spurs,Denver Nuggets,Player PRAs,44.5,2.25,NA,TAB,571341,NA
Sacramento Kings v Memphis Grizzlies,Sacramento Kings,Memphis Grizzlies,DeMar DeRozan,Sacramento Kings,Memphis Grizzlies,Player PRAs,19.5,1.13,NA,TAB,629970,NA
Sacramento Kings v Memphis Grizzlies,Sacramento Kings,Memphis Grizzlies,DeMar DeRozan,Sacramento Kings,Memphis Grizzlies,Player PRAs,24.5,1.45,NA,TAB,629971,NA
Sacramento Kings v Memphis Grizzlies,Sacramento Kings,Memphis Grizzlies,DeMar DeRozan,Sacramento Kings,Memphis Grizzlies,Player PRAs,29.5,2.1,NA,TAB,629972,NA
Sacramento Kings v Memphis Grizzlies,Sacramento Kings,Memphis Grizzlies,De'Aaron Fox,Sacramento Kings,Memphis Grizzlies,Player PRAs,29.5,1.15,NA,TAB,630231,NA
Sacramento Kings v Memphis Grizzlies,Sacramento Kings,Memphis Grizzlies,De'Aaron Fox,Sacramento Kings,Memphis Grizzlies,Player PRAs,34.5,1.45,NA,TAB,630232,NA
Sacramento Kings v Memphis Grizzlies,Sacramento Kings,Memphis Grizzlies,De'Aaron Fox,Sacramento Kings,Memphis Grizzlies,Player PRAs,39.5,2.05,NA,TAB,630233,NA
Sacramento Kings v Memphis Grizzlies,Sacramento Kings,Memphis Grizzlies,Domantas Sabonis,Sacramento Kings,Memphis Grizzlies,Player PRAs,29.5,1.05,NA,TAB,629776,NA
Sacramento Kings v Memphis Grizzlies,Sacramento Kings,Memphis Grizzlies,Domantas Sabonis,Sacramento Kings,Memphis Grizzlies,Player PRAs,34.5,1.22,NA,TAB,629777,NA
Sacramento Kings v Memphis Grizzlies,Sacramento Kings,Memphis Grizzlies,Domantas Sabonis,Sacramento Kings,Memphis Grizzlies,Player PRAs,39.5,1.55,NA,TAB,629778,NA
Sacramento Kings v Memphis Grizzlies,Sacramento Kings,Memphis Grizzlies,Domantas Sabonis,Sacramento Kings,Memphis Grizzlies,Player PRAs,44.5,2.25,NA,TAB,629779,NA
Sacramento Kings v Memphis Grizzlies,Sacramento Kings,Memphis Grizzlies,Desmond Bane,Memphis Grizzlies,Sacramento Kings,Player PRAs,24.5,1.1,NA,TAB,629762,NA
Sacramento Kings v Memphis Grizzlies,Sacramento Kings,Memphis Grizzlies,Desmond Bane,Memphis Grizzlies,Sacramento Kings,Player PRAs,29.5,1.35,NA,TAB,629763,NA
Sacramento Kings v Memphis Grizzlies,Sacramento Kings,Memphis Grizzlies,Desmond Bane,Memphis Grizzlies,Sacramento Kings,Player PRAs,34.5,1.85,1.85,TAB,629764,606928
Sacramento Kings v Memphis Grizzlies,Sacramento Kings,Memphis Grizzlies,Desmond Bane,Memphis Grizzlies,Sacramento Kings,Player PRAs,39.5,3,NA,TAB,629765,NA
Sacramento Kings v Memphis Grizzlies,Sacramento Kings,Memphis Grizzlies,Jaren Jackson Jr.,Memphis Grizzlies,Sacramento Kings,Player PRAs,24.5,1.07,NA,TAB,630019,NA
Sacramento Kings v Memphis Grizzlies,Sacramento Kings,Memphis Grizzlies,Jaren Jackson Jr.,Memphis Grizzlies,Sacramento Kings,Player PRAs,29.5,1.28,NA,TAB,630020,NA
Sacramento Kings v Memphis Grizzlies,Sacramento Kings,Memphis Grizzlies,Jaren Jackson Jr.,Memphis Grizzlies,Sacramento Kings,Player PRAs,34.5,1.7,NA,TAB,630021,NA
Sacramento Kings v Memphis Grizzlies,Sacramento Kings,Memphis Grizzlies,Jaren Jackson Jr.,Memphis Grizzlies,Sacramento Kings,Player PRAs,39.5,2.6,NA,TAB,630022,NA
Sacramento Kings v Memphis Grizzlies,Sacramento Kings,Memphis Grizzlies,Jaylen Wells,Memphis Grizzlies,Sacramento Kings,Player PRAs,9.5,1.06,NA,TAB,630104,NA
Sacramento Kings v Memphis Grizzlies,Sacramento Kings,Memphis Grizzlies,Jaylen Wells,Memphis Grizzlies,Sacramento Kings,Player PRAs,14.5,1.32,NA,TAB,630105,NA
Sacramento Kings v Memphis Grizzlies,Sacramento Kings,Memphis Grizzlies,Jaylen Wells,Memphis Grizzlies,Sacramento Kings,Player PRAs,19.5,1.9,1.8,TAB,630106,606974
Sacramento Kings v Memphis Grizzlies,Sacramento Kings,Memphis Grizzlies,Keon Ellis,Sacramento Kings,Memphis Grizzlies,Player PRAs,9.5,1.22,NA,TAB,630029,NA
Sacramento Kings v Memphis Grizzlies,Sacramento Kings,Memphis Grizzlies,Keon Ellis,Sacramento Kings,Memphis Grizzlies,Player PRAs,14.5,1.72,NA,TAB,630030,NA
Sacramento Kings v Memphis Grizzlies,Sacramento Kings,Memphis Grizzlies,Kevin Huerter,Sacramento Kings,Memphis Grizzlies,Player PRAs,9.5,1.4,NA,TAB,567424,NA
Sacramento Kings v Memphis Grizzlies,Sacramento Kings,Memphis Grizzlies,Kevin Huerter,Sacramento Kings,Memphis Grizzlies,Player PRAs,14.5,2.25,NA,TAB,567425,NA
Sacramento Kings v Memphis Grizzlies,Sacramento Kings,Memphis Grizzlies,Luke Kennard,Memphis Grizzlies,Sacramento Kings,Player PRAs,9.5,1.12,NA,TAB,564562,NA
Sacramento Kings v Memphis Grizzlies,Sacramento Kings,Memphis Grizzlies,Luke Kennard,Memphis Grizzlies,Sacramento Kings,Player PRAs,14.5,1.48,NA,TAB,564563,NA
Sacramento Kings v Memphis Grizzlies,Sacramento Kings,Memphis Grizzlies,Luke Kennard,Memphis Grizzlies,Sacramento Kings,Player PRAs,19.5,2.4,NA,TAB,564564,NA
Sacramento Kings v Memphis Grizzlies,Sacramento Kings,Memphis Grizzlies,Malik Monk,Sacramento Kings,Memphis Grizzlies,Player PRAs,19.5,1.1,NA,TAB,630198,NA
Sacramento Kings v Memphis Grizzlies,Sacramento Kings,Memphis Grizzlies,Malik Monk,Sacramento Kings,Memphis Grizzlies,Player PRAs,24.5,1.36,NA,TAB,630199,NA
Sacramento Kings v Memphis Grizzlies,Sacramento Kings,Memphis Grizzlies,Malik Monk,Sacramento Kings,Memphis Grizzlies,Player PRAs,29.5,1.95,NA,TAB,630200,NA
Sacramento Kings v Memphis Grizzlies,Sacramento Kings,Memphis Grizzlies,NA,NA,NA,Player PRAs,14.5,1.16,NA,TAB,629882,NA
Sacramento Kings v Memphis Grizzlies,Sacramento Kings,Memphis Grizzlies,NA,NA,NA,Player PRAs,19.5,1.55,NA,TAB,629883,NA
Sacramento Kings v Memphis Grizzlies,Sacramento Kings,Memphis Grizzlies,NA,NA,NA,Player PRAs,24.5,2.4,NA,TAB,629884,NA
Sacramento Kings v Memphis Grizzlies,Sacramento Kings,Memphis Grizzlies,Trey Lyles,Sacramento Kings,Memphis Grizzlies,Player PRAs,9.5,1.13,NA,TAB,629902,NA
Sacramento Kings v Memphis Grizzlies,Sacramento Kings,Memphis Grizzlies,Trey Lyles,Sacramento Kings,Memphis Grizzlies,Player PRAs,14.5,1.48,NA,TAB,629903,NA
Sacramento Kings v Memphis Grizzlies,Sacramento Kings,Memphis Grizzlies,Trey Lyles,Sacramento Kings,Memphis Grizzlies,Player PRAs,19.5,2.4,NA,TAB,629904,NA
Sacramento Kings v Memphis Grizzlies,Sacramento Kings,Memphis Grizzlies,Zach Edey,Memphis Grizzlies,Sacramento Kings,Player PRAs,14.5,1.1,NA,TAB,630241,NA
Sacramento Kings v Memphis Grizzlies,Sacramento Kings,Memphis Grizzlies,Zach Edey,Memphis Grizzlies,Sacramento Kings,Player PRAs,19.5,1.4,NA,TAB,630242,NA
Sacramento Kings v Memphis Grizzlies,Sacramento Kings,Memphis Grizzlies,Zach Edey,Memphis Grizzlies,Sacramento Kings,Player PRAs,24.5,2.05,NA,TAB,630243,NA
Los Angeles Lakers v Atlanta Hawks,Los Angeles Lakers,Atlanta Hawks,Anthony Davis,Los Angeles Lakers,Atlanta Hawks,Player PRAs,29.5,1.02,NA,TAB,630999,NA
Los Angeles Lakers v Atlanta Hawks,Los Angeles Lakers,Atlanta Hawks,Anthony Davis,Los Angeles Lakers,Atlanta Hawks,Player PRAs,34.5,1.17,NA,TAB,631000,NA
Los Angeles Lakers v Atlanta Hawks,Los Angeles Lakers,Atlanta Hawks,Anthony Davis,Los Angeles Lakers,Atlanta Hawks,Player PRAs,39.5,1.45,NA,TAB,631001,NA
Los Angeles Lakers v Atlanta Hawks,Los Angeles Lakers,Atlanta Hawks,Anthony Davis,Los Angeles Lakers,Atlanta Hawks,Player PRAs,44.5,2.05,NA,TAB,631002,NA
Los Angeles Lakers v Atlanta Hawks,Los Angeles Lakers,Atlanta Hawks,Austin Reaves,Los Angeles Lakers,Atlanta Hawks,Player PRAs,24.5,1.16,NA,TAB,631133,NA
Los Angeles Lakers v Atlanta Hawks,Los Angeles Lakers,Atlanta Hawks,Austin Reaves,Los Angeles Lakers,Atlanta Hawks,Player PRAs,29.5,1.48,NA,TAB,631134,NA
Los Angeles Lakers v Atlanta Hawks,Los Angeles Lakers,Atlanta Hawks,Austin Reaves,Los Angeles Lakers,Atlanta Hawks,Player PRAs,34.5,2.15,NA,TAB,631135,NA
Los Angeles Lakers v Atlanta Hawks,Los Angeles Lakers,Atlanta Hawks,Clint Capela,Atlanta Hawks,Los Angeles Lakers,Player PRAs,9.5,1.07,NA,TAB,583671,NA
Los Angeles Lakers v Atlanta Hawks,Los Angeles Lakers,Atlanta Hawks,Clint Capela,Atlanta Hawks,Los Angeles Lakers,Player PRAs,14.5,1.33,NA,TAB,583672,NA
Los Angeles Lakers v Atlanta Hawks,Los Angeles Lakers,Atlanta Hawks,Clint Capela,Atlanta Hawks,Los Angeles Lakers,Player PRAs,19.5,1.95,NA,TAB,583673,NA
Los Angeles Lakers v Atlanta Hawks,Los Angeles Lakers,Atlanta Hawks,Cam Reddish,Los Angeles Lakers,Atlanta Hawks,Player PRAs,9.5,2.5,NA,TAB,569507,NA
Los Angeles Lakers v Atlanta Hawks,Los Angeles Lakers,Atlanta Hawks,Dyson Daniels,Atlanta Hawks,Los Angeles Lakers,Player PRAs,9.5,1.02,NA,TAB,568297,NA
Los Angeles Lakers v Atlanta Hawks,Los Angeles Lakers,Atlanta Hawks,Dyson Daniels,Atlanta Hawks,Los Angeles Lakers,Player PRAs,14.5,1.2,NA,TAB,568298,NA
Los Angeles Lakers v Atlanta Hawks,Los Angeles Lakers,Atlanta Hawks,Dyson Daniels,Atlanta Hawks,Los Angeles Lakers,Player PRAs,19.5,1.62,NA,TAB,568299,NA
Los Angeles Lakers v Atlanta Hawks,Los Angeles Lakers,Atlanta Hawks,Dyson Daniels,Atlanta Hawks,Los Angeles Lakers,Player PRAs,24.5,2.6,NA,TAB,568300,NA
Los Angeles Lakers v Atlanta Hawks,Los Angeles Lakers,Atlanta Hawks,De'Andre Hunter,Atlanta Hawks,Los Angeles Lakers,Player PRAs,14.5,1.07,NA,TAB,550111,NA
Los Angeles Lakers v Atlanta Hawks,Los Angeles Lakers,Atlanta Hawks,De'Andre Hunter,Atlanta Hawks,Los Angeles Lakers,Player PRAs,19.5,1.3,NA,TAB,550112,NA
Los Angeles Lakers v Atlanta Hawks,Los Angeles Lakers,Atlanta Hawks,De'Andre Hunter,Atlanta Hawks,Los Angeles Lakers,Player PRAs,24.5,1.85,1.87,TAB,550113,631190
Los Angeles Lakers v Atlanta Hawks,Los Angeles Lakers,Atlanta Hawks,Dalton Knecht,Los Angeles Lakers,Atlanta Hawks,Player PRAs,9.5,1.55,NA,TAB,569921,NA
Los Angeles Lakers v Atlanta Hawks,Los Angeles Lakers,Atlanta Hawks,Dalton Knecht,Los Angeles Lakers,Atlanta Hawks,Player PRAs,14.5,2.7,NA,TAB,569922,NA
Los Angeles Lakers v Atlanta Hawks,Los Angeles Lakers,Atlanta Hawks,Jalen Johnson,Atlanta Hawks,Los Angeles Lakers,Player PRAs,24.5,1.12,NA,TAB,630857,NA
Los Angeles Lakers v Atlanta Hawks,Los Angeles Lakers,Atlanta Hawks,Jalen Johnson,Atlanta Hawks,Los Angeles Lakers,Player PRAs,29.5,1.4,NA,TAB,630858,NA
Los Angeles Lakers v Atlanta Hawks,Los Angeles Lakers,Atlanta Hawks,Jalen Johnson,Atlanta Hawks,Los Angeles Lakers,Player PRAs,34.5,1.95,NA,TAB,630859,NA
Los Angeles Lakers v Atlanta Hawks,Los Angeles Lakers,Atlanta Hawks,LeBron James,Los Angeles Lakers,Atlanta Hawks,Player PRAs,29.5,1.08,NA,TAB,630845,NA
Los Angeles Lakers v Atlanta Hawks,Los Angeles Lakers,Atlanta Hawks,LeBron James,Los Angeles Lakers,Atlanta Hawks,Player PRAs,34.5,1.28,NA,TAB,630846,NA
Los Angeles Lakers v Atlanta Hawks,Los Angeles Lakers,Atlanta Hawks,LeBron James,Los Angeles Lakers,Atlanta Hawks,Player PRAs,39.5,1.7,NA,TAB,630847,NA
Los Angeles Lakers v Atlanta Hawks,Los Angeles Lakers,Atlanta Hawks,LeBron James,Los Angeles Lakers,Atlanta Hawks,Player PRAs,44.5,2.6,NA,TAB,630848,NA
Los Angeles Lakers v Atlanta Hawks,Los Angeles Lakers,Atlanta Hawks,Max Christie,Los Angeles Lakers,Atlanta Hawks,Player PRAs,9.5,1.2,NA,TAB,630960,NA
Los Angeles Lakers v Atlanta Hawks,Los Angeles Lakers,Atlanta Hawks,Max Christie,Los Angeles Lakers,Atlanta Hawks,Player PRAs,14.5,1.68,NA,TAB,630961,NA
Los Angeles Lakers v Atlanta Hawks,Los Angeles Lakers,Atlanta Hawks,Max Christie,Los Angeles Lakers,Atlanta Hawks,Player PRAs,19.5,2.9,NA,TAB,630962,NA
Los Angeles Lakers v Atlanta Hawks,Los Angeles Lakers,Atlanta Hawks,Onyeka Okongwu,Atlanta Hawks,Los Angeles Lakers,Player PRAs,9.5,1.08,NA,TAB,569179,NA
Los Angeles Lakers v Atlanta Hawks,Los Angeles Lakers,Atlanta Hawks,Onyeka Okongwu,Atlanta Hawks,Los Angeles Lakers,Player PRAs,14.5,1.36,NA,TAB,569183,NA
Los Angeles Lakers v Atlanta Hawks,Los Angeles Lakers,Atlanta Hawks,Onyeka Okongwu,Atlanta Hawks,Los Angeles Lakers,Player PRAs,19.5,2.05,NA,TAB,569184,NA
Los Angeles Lakers v Atlanta Hawks,Los Angeles Lakers,Atlanta Hawks,Rui Hachimura,Los Angeles Lakers,Atlanta Hawks,Player PRAs,9.5,1.09,NA,TAB,630973,NA
Los Angeles Lakers v Atlanta Hawks,Los Angeles Lakers,Atlanta Hawks,Rui Hachimura,Los Angeles Lakers,Atlanta Hawks,Player PRAs,14.5,1.4,NA,TAB,630974,NA
Los Angeles Lakers v Atlanta Hawks,Los Angeles Lakers,Atlanta Hawks,Rui Hachimura,Los Angeles Lakers,Atlanta Hawks,Player PRAs,19.5,2.1,NA,TAB,630975,NA
Los Angeles Lakers v Atlanta Hawks,Los Angeles Lakers,Atlanta Hawks,Trae Young,Atlanta Hawks,Los Angeles Lakers,Player PRAs,24.5,1.02,NA,TAB,630923,NA
Los Angeles Lakers v Atlanta Hawks,Los Angeles Lakers,Atlanta Hawks,Trae Young,Atlanta Hawks,Los Angeles Lakers,Player PRAs,29.5,1.16,NA,TAB,630924,NA
Los Angeles Lakers v Atlanta Hawks,Los Angeles Lakers,Atlanta Hawks,Trae Young,Atlanta Hawks,Los Angeles Lakers,Player PRAs,34.5,1.48,NA,TAB,630925,NA
Los Angeles Lakers v Atlanta Hawks,Los Angeles Lakers,Atlanta Hawks,Trae Young,Atlanta Hawks,Los Angeles Lakers,Player PRAs,39.5,2.1,NA,TAB,630926,NA
Los Angeles Lakers v Atlanta Hawks,Los Angeles Lakers,Atlanta Hawks,Zaccharie Risacher,Atlanta Hawks,Los Angeles Lakers,Player PRAs,9.5,1.19,NA,TAB,568427,NA
Los Angeles Lakers v Atlanta Hawks,Los Angeles Lakers,Atlanta Hawks,Zaccharie Risacher,Atlanta Hawks,Los Angeles Lakers,Player PRAs,14.5,1.65,NA,TAB,568428,NA
Los Angeles Lakers v Atlanta Hawks,Los Angeles Lakers,Atlanta Hawks,Zaccharie Risacher,Atlanta Hawks,Los Angeles Lakers,Player PRAs,19.5,2.9,NA,TAB,568429,NA
