match,home_team,away_team,market_name,player_name,player_team,line,over_price,under_price,agency,opposition_team
Detroit Pistons v Charlotte Hornets,Detroit Pistons,Charlotte Hornets,Player Rebounds,Ausar Thompson,Detroit Pistons,1.5,1.01,NA,TopSport,Charlotte Hornets
Detroit Pistons v Charlotte Hornets,Detroit Pistons,Charlotte Hornets,Player Rebounds,Cade Cunningham,Detroit Pistons,1.5,1.01,NA,TopSport,Charlotte Hornets
Detroit Pistons v Charlotte Hornets,Detroit Pistons,Charlotte Hornets,Player Rebounds,Tobias Harris,Detroit Pistons,1.5,1.01,NA,TopSport,Charlotte Hornets
Detroit Pistons v Charlotte Hornets,Detroit Pistons,Charlotte Hornets,Player Rebounds,Isaiah Stewart,Detroit Pistons,1.5,1.02,NA,TopSport,Charlotte Hornets
Detroit Pistons v Charlotte Hornets,Detroit Pistons,Charlotte Hornets,Player Rebounds,Malik Beasley,Detroit Pistons,1.5,1.18,NA,TopSport,Charlotte Hornets
Detroit Pistons v Charlotte Hornets,Detroit Pistons,Charlotte Hornets,Player Rebounds,Josh Green,Charlotte Hornets,1.5,1.2,NA,TopSport,Detroit Pistons
Detroit Pistons v Charlotte Hornets,Detroit Pistons,Charlotte Hornets,Player Rebounds,Tim Hardaway,NA,1.5,1.37,NA,TopSport,NA
Detroit Pistons v Charlotte Hornets,Detroit Pistons,Charlotte Hornets,Player Rebounds,Mark Williams,Charlotte Hornets,3.5,1.02,NA,TopSport,Detroit Pistons
Detroit Pistons v Charlotte Hornets,Detroit Pistons,Charlotte Hornets,Player Rebounds,Miles Bridges,Charlotte Hornets,3.5,1.05,NA,TopSport,Detroit Pistons
Detroit Pistons v Charlotte Hornets,Detroit Pistons,Charlotte Hornets,Player Rebounds,Cade Cunningham,Detroit Pistons,3.5,1.15,NA,TopSport,Charlotte Hornets
Detroit Pistons v Charlotte Hornets,Detroit Pistons,Charlotte Hornets,Player Rebounds,Tobias Harris,Detroit Pistons,3.5,1.16,NA,TopSport,Charlotte Hornets
Detroit Pistons v Charlotte Hornets,Detroit Pistons,Charlotte Hornets,Player Rebounds,Ausar Thompson,Detroit Pistons,3.5,1.19,NA,TopSport,Charlotte Hornets
Detroit Pistons v Charlotte Hornets,Detroit Pistons,Charlotte Hornets,Player Rebounds,Isaiah Stewart,Detroit Pistons,3.5,1.22,NA,TopSport,Charlotte Hornets
Detroit Pistons v Charlotte Hornets,Detroit Pistons,Charlotte Hornets,Player Rebounds,Malik Beasley,Detroit Pistons,3.5,2.1,NA,TopSport,Charlotte Hornets
Detroit Pistons v Charlotte Hornets,Detroit Pistons,Charlotte Hornets,Player Rebounds,Josh Green,Charlotte Hornets,3.5,2.2,NA,TopSport,Detroit Pistons
Detroit Pistons v Charlotte Hornets,Detroit Pistons,Charlotte Hornets,Player Rebounds,Tim Hardaway,NA,3.5,2.75,NA,TopSport,NA
Detroit Pistons v Charlotte Hornets,Detroit Pistons,Charlotte Hornets,Player Rebounds,Jalen Duren,Detroit Pistons,5.5,1.05,NA,TopSport,Charlotte Hornets
Detroit Pistons v Charlotte Hornets,Detroit Pistons,Charlotte Hornets,Player Rebounds,Mark Williams,Charlotte Hornets,5.5,1.1,NA,TopSport,Detroit Pistons
Detroit Pistons v Charlotte Hornets,Detroit Pistons,Charlotte Hornets,Player Rebounds,Miles Bridges,Charlotte Hornets,5.5,1.27,NA,TopSport,Detroit Pistons
Detroit Pistons v Charlotte Hornets,Detroit Pistons,Charlotte Hornets,Player Rebounds,Cade Cunningham,Detroit Pistons,5.5,1.67,NA,TopSport,Charlotte Hornets
Detroit Pistons v Charlotte Hornets,Detroit Pistons,Charlotte Hornets,Player Rebounds,Tobias Harris,Detroit Pistons,5.5,1.7,NA,TopSport,Charlotte Hornets
Detroit Pistons v Charlotte Hornets,Detroit Pistons,Charlotte Hornets,Player Rebounds,Ausar Thompson,Detroit Pistons,5.5,1.8,NA,TopSport,Charlotte Hornets
Detroit Pistons v Charlotte Hornets,Detroit Pistons,Charlotte Hornets,Player Rebounds,Isaiah Stewart,Detroit Pistons,5.5,1.9,NA,TopSport,Charlotte Hornets
Detroit Pistons v Charlotte Hornets,Detroit Pistons,Charlotte Hornets,Player Rebounds,Malik Beasley,Detroit Pistons,5.5,5.5,NA,TopSport,Charlotte Hornets
Detroit Pistons v Charlotte Hornets,Detroit Pistons,Charlotte Hornets,Player Rebounds,Josh Green,Charlotte Hornets,5.5,6,NA,TopSport,Detroit Pistons
Detroit Pistons v Charlotte Hornets,Detroit Pistons,Charlotte Hornets,Player Rebounds,Jalen Duren,Detroit Pistons,7.5,1.24,NA,TopSport,Charlotte Hornets
Detroit Pistons v Charlotte Hornets,Detroit Pistons,Charlotte Hornets,Player Rebounds,Mark Williams,Charlotte Hornets,7.5,1.35,NA,TopSport,Detroit Pistons
Detroit Pistons v Charlotte Hornets,Detroit Pistons,Charlotte Hornets,Player Rebounds,Miles Bridges,Charlotte Hornets,7.5,1.77,NA,TopSport,Detroit Pistons
Detroit Pistons v Charlotte Hornets,Detroit Pistons,Charlotte Hornets,Player Rebounds,Cade Cunningham,Detroit Pistons,7.5,2.6,NA,TopSport,Charlotte Hornets
Detroit Pistons v Charlotte Hornets,Detroit Pistons,Charlotte Hornets,Player Rebounds,Tobias Harris,Detroit Pistons,7.5,2.75,NA,TopSport,Charlotte Hornets
Detroit Pistons v Charlotte Hornets,Detroit Pistons,Charlotte Hornets,Player Rebounds,Ausar Thompson,Detroit Pistons,7.5,3.5,NA,TopSport,Charlotte Hornets
Detroit Pistons v Charlotte Hornets,Detroit Pistons,Charlotte Hornets,Player Rebounds,Isaiah Stewart,Detroit Pistons,7.5,4,NA,TopSport,Charlotte Hornets
Detroit Pistons v Charlotte Hornets,Detroit Pistons,Charlotte Hornets,Player Rebounds,Jalen Duren,Detroit Pistons,9.5,1.62,NA,TopSport,Charlotte Hornets
Detroit Pistons v Charlotte Hornets,Detroit Pistons,Charlotte Hornets,Player Rebounds,Mark Williams,Charlotte Hornets,9.5,1.9,NA,TopSport,Detroit Pistons
Detroit Pistons v Charlotte Hornets,Detroit Pistons,Charlotte Hornets,Player Rebounds,Miles Bridges,Charlotte Hornets,9.5,2.7,NA,TopSport,Detroit Pistons
Detroit Pistons v Charlotte Hornets,Detroit Pistons,Charlotte Hornets,Player Rebounds,Cade Cunningham,Detroit Pistons,9.5,6,NA,TopSport,Charlotte Hornets
Detroit Pistons v Charlotte Hornets,Detroit Pistons,Charlotte Hornets,Player Rebounds,Tobias Harris,Detroit Pistons,9.5,6.5,NA,TopSport,Charlotte Hornets
Detroit Pistons v Charlotte Hornets,Detroit Pistons,Charlotte Hornets,Player Rebounds,Ausar Thompson,Detroit Pistons,9.5,8,NA,TopSport,Charlotte Hornets
Detroit Pistons v Charlotte Hornets,Detroit Pistons,Charlotte Hornets,Player Rebounds,Isaiah Stewart,Detroit Pistons,9.5,9,NA,TopSport,Charlotte Hornets
Detroit Pistons v Charlotte Hornets,Detroit Pistons,Charlotte Hornets,Player Rebounds,Jalen Duren,Detroit Pistons,11.5,2.5,NA,TopSport,Charlotte Hornets
Detroit Pistons v Charlotte Hornets,Detroit Pistons,Charlotte Hornets,Player Rebounds,Mark Williams,Charlotte Hornets,11.5,3,NA,TopSport,Detroit Pistons
Detroit Pistons v Charlotte Hornets,Detroit Pistons,Charlotte Hornets,Player Rebounds,Miles Bridges,Charlotte Hornets,11.5,6.5,NA,TopSport,Detroit Pistons
Detroit Pistons v Charlotte Hornets,Detroit Pistons,Charlotte Hornets,Player Rebounds,Jalen Duren,Detroit Pistons,13.5,4.4,NA,TopSport,Charlotte Hornets
Detroit Pistons v Charlotte Hornets,Detroit Pistons,Charlotte Hornets,Player Rebounds,Mark Williams,Charlotte Hornets,13.5,6,NA,TopSport,Detroit Pistons
Detroit Pistons v Charlotte Hornets,Detroit Pistons,Charlotte Hornets,Player Rebounds,Miles Bridges,Charlotte Hornets,13.5,12,NA,TopSport,Detroit Pistons
Detroit Pistons v Charlotte Hornets,Detroit Pistons,Charlotte Hornets,Player Rebounds,Malik Beasley,Detroit Pistons,1.5,1.03,NA,TopSport,Charlotte Hornets
Detroit Pistons v Charlotte Hornets,Detroit Pistons,Charlotte Hornets,Player Rebounds,Tim Hardaway,NA,1.5,1.1,NA,TopSport,NA
Detroit Pistons v Charlotte Hornets,Detroit Pistons,Charlotte Hornets,Player Rebounds,Ausar Thompson,Detroit Pistons,3.5,1.04,NA,TopSport,Charlotte Hornets
Detroit Pistons v Charlotte Hornets,Detroit Pistons,Charlotte Hornets,Player Rebounds,Tobias Harris,Detroit Pistons,3.5,1.04,NA,TopSport,Charlotte Hornets
Detroit Pistons v Charlotte Hornets,Detroit Pistons,Charlotte Hornets,Player Rebounds,Isaiah Stewart,Detroit Pistons,3.5,1.07,NA,TopSport,Charlotte Hornets
Detroit Pistons v Charlotte Hornets,Detroit Pistons,Charlotte Hornets,Player Rebounds,Malik Beasley,Detroit Pistons,3.5,1.27,NA,TopSport,Charlotte Hornets
Detroit Pistons v Charlotte Hornets,Detroit Pistons,Charlotte Hornets,Player Rebounds,Tim Hardaway,NA,3.5,1.72,NA,TopSport,NA
Detroit Pistons v Charlotte Hornets,Detroit Pistons,Charlotte Hornets,Player Rebounds,Jalen Duren,Detroit Pistons,5.5,1.02,NA,TopSport,Charlotte Hornets
Detroit Pistons v Charlotte Hornets,Detroit Pistons,Charlotte Hornets,Player Rebounds,Miles Bridges,Charlotte Hornets,5.5,1.03,NA,TopSport,Detroit Pistons
Detroit Pistons v Charlotte Hornets,Detroit Pistons,Charlotte Hornets,Player Rebounds,Ausar Thompson,Detroit Pistons,5.5,1.2,NA,TopSport,Charlotte Hornets
Detroit Pistons v Charlotte Hornets,Detroit Pistons,Charlotte Hornets,Player Rebounds,Tobias Harris,Detroit Pistons,5.5,1.2,NA,TopSport,Charlotte Hornets
Detroit Pistons v Charlotte Hornets,Detroit Pistons,Charlotte Hornets,Player Rebounds,Isaiah Stewart,Detroit Pistons,5.5,1.4,NA,TopSport,Charlotte Hornets
Detroit Pistons v Charlotte Hornets,Detroit Pistons,Charlotte Hornets,Player Rebounds,Malik Beasley,Detroit Pistons,5.5,2.15,NA,TopSport,Charlotte Hornets
Detroit Pistons v Charlotte Hornets,Detroit Pistons,Charlotte Hornets,Player Rebounds,Tim Hardaway,NA,5.5,3.5,NA,TopSport,NA
Detroit Pistons v Charlotte Hornets,Detroit Pistons,Charlotte Hornets,Player Rebounds,Miles Bridges,Charlotte Hornets,7.5,1.14,NA,TopSport,Detroit Pistons
Detroit Pistons v Charlotte Hornets,Detroit Pistons,Charlotte Hornets,Player Rebounds,Ausar Thompson,Detroit Pistons,7.5,1.62,NA,TopSport,Charlotte Hornets
Detroit Pistons v Charlotte Hornets,Detroit Pistons,Charlotte Hornets,Player Rebounds,Tobias Harris,Detroit Pistons,7.5,1.62,NA,TopSport,Charlotte Hornets
Detroit Pistons v Charlotte Hornets,Detroit Pistons,Charlotte Hornets,Player Rebounds,Isaiah Stewart,Detroit Pistons,7.5,2.05,NA,TopSport,Charlotte Hornets
Detroit Pistons v Charlotte Hornets,Detroit Pistons,Charlotte Hornets,Player Rebounds,Malik Beasley,Detroit Pistons,7.5,4.4,NA,TopSport,Charlotte Hornets
Detroit Pistons v Charlotte Hornets,Detroit Pistons,Charlotte Hornets,Player Rebounds,Tim Hardaway,NA,7.5,9,NA,TopSport,NA
Detroit Pistons v Charlotte Hornets,Detroit Pistons,Charlotte Hornets,Player Rebounds,Jalen Duren,Detroit Pistons,9.5,1.26,NA,TopSport,Charlotte Hornets
Detroit Pistons v Charlotte Hornets,Detroit Pistons,Charlotte Hornets,Player Rebounds,Miles Bridges,Charlotte Hornets,9.5,1.4,NA,TopSport,Detroit Pistons
Detroit Pistons v Charlotte Hornets,Detroit Pistons,Charlotte Hornets,Player Rebounds,Ausar Thompson,Detroit Pistons,9.5,2.3,NA,TopSport,Charlotte Hornets
Detroit Pistons v Charlotte Hornets,Detroit Pistons,Charlotte Hornets,Player Rebounds,Tobias Harris,Detroit Pistons,9.5,2.3,NA,TopSport,Charlotte Hornets
Detroit Pistons v Charlotte Hornets,Detroit Pistons,Charlotte Hornets,Player Rebounds,Isaiah Stewart,Detroit Pistons,9.5,3.6,NA,TopSport,Charlotte Hornets
Detroit Pistons v Charlotte Hornets,Detroit Pistons,Charlotte Hornets,Player Rebounds,Jalen Duren,Detroit Pistons,11.5,1.62,NA,TopSport,Charlotte Hornets
Detroit Pistons v Charlotte Hornets,Detroit Pistons,Charlotte Hornets,Player Rebounds,Miles Bridges,Charlotte Hornets,11.5,1.9,NA,TopSport,Detroit Pistons
Detroit Pistons v Charlotte Hornets,Detroit Pistons,Charlotte Hornets,Player Rebounds,Ausar Thompson,Detroit Pistons,11.5,4.8,NA,TopSport,Charlotte Hornets
Detroit Pistons v Charlotte Hornets,Detroit Pistons,Charlotte Hornets,Player Rebounds,Tobias Harris,Detroit Pistons,11.5,4.8,NA,TopSport,Charlotte Hornets
Detroit Pistons v Charlotte Hornets,Detroit Pistons,Charlotte Hornets,Player Rebounds,Isaiah Stewart,Detroit Pistons,11.5,8,NA,TopSport,Charlotte Hornets
Detroit Pistons v Charlotte Hornets,Detroit Pistons,Charlotte Hornets,Player Rebounds,Jalen Duren,Detroit Pistons,13.5,2.4,NA,TopSport,Charlotte Hornets
Detroit Pistons v Charlotte Hornets,Detroit Pistons,Charlotte Hornets,Player Rebounds,Miles Bridges,Charlotte Hornets,13.5,3,NA,TopSport,Detroit Pistons
Detroit Pistons v Charlotte Hornets,Detroit Pistons,Charlotte Hornets,Player Rebounds,Ausar Thompson,Detroit Pistons,13.5,9,NA,TopSport,Charlotte Hornets
Detroit Pistons v Charlotte Hornets,Detroit Pistons,Charlotte Hornets,Player Rebounds,Tobias Harris,Detroit Pistons,13.5,9,NA,TopSport,Charlotte Hornets
Toronto Raptors v Orlando Magic,Toronto Raptors,Orlando Magic,Player Rebounds,Jonathan Isaac,Orlando Magic,1.5,1.03,NA,TopSport,Toronto Raptors
Toronto Raptors v Orlando Magic,Toronto Raptors,Orlando Magic,Player Rebounds,Tristan da Silva,Orlando Magic,1.5,1.05,NA,TopSport,Toronto Raptors
Toronto Raptors v Orlando Magic,Toronto Raptors,Orlando Magic,Player Rebounds,Immanuel Quickley,Toronto Raptors,1.5,1.07,NA,TopSport,Orlando Magic
Toronto Raptors v Orlando Magic,Toronto Raptors,Orlando Magic,Player Rebounds,Jalen Suggs,Orlando Magic,1.5,1.08,NA,TopSport,Toronto Raptors
Toronto Raptors v Orlando Magic,Toronto Raptors,Orlando Magic,Player Rebounds,Ochai Agbaji,Toronto Raptors,1.5,1.1,NA,TopSport,Orlando Magic
Toronto Raptors v Orlando Magic,Toronto Raptors,Orlando Magic,Player Rebounds,Gradey Dick,Toronto Raptors,1.5,1.13,NA,TopSport,Orlando Magic
Toronto Raptors v Orlando Magic,Toronto Raptors,Orlando Magic,Player Rebounds,Kentavious Caldwell-Pope,Orlando Magic,1.5,1.46,NA,TopSport,Toronto Raptors
Toronto Raptors v Orlando Magic,Toronto Raptors,Orlando Magic,Player Rebounds,Scottie Barnes,Toronto Raptors,3.5,1.03,NA,TopSport,Orlando Magic
Toronto Raptors v Orlando Magic,Toronto Raptors,Orlando Magic,Player Rebounds,Jonathan Isaac,Orlando Magic,3.5,1.26,NA,TopSport,Toronto Raptors
Toronto Raptors v Orlando Magic,Toronto Raptors,Orlando Magic,Player Rebounds,Tristan da Silva,Orlando Magic,3.5,1.35,NA,TopSport,Toronto Raptors
Toronto Raptors v Orlando Magic,Toronto Raptors,Orlando Magic,Player Rebounds,Immanuel Quickley,Toronto Raptors,3.5,1.55,NA,TopSport,Orlando Magic
Toronto Raptors v Orlando Magic,Toronto Raptors,Orlando Magic,Player Rebounds,Jalen Suggs,Orlando Magic,3.5,1.65,NA,TopSport,Toronto Raptors
Toronto Raptors v Orlando Magic,Toronto Raptors,Orlando Magic,Player Rebounds,Ochai Agbaji,Toronto Raptors,3.5,1.72,NA,TopSport,Orlando Magic
Toronto Raptors v Orlando Magic,Toronto Raptors,Orlando Magic,Player Rebounds,Gradey Dick,Toronto Raptors,3.5,1.9,NA,TopSport,Orlando Magic
Toronto Raptors v Orlando Magic,Toronto Raptors,Orlando Magic,Player Rebounds,Kentavious Caldwell-Pope,Orlando Magic,3.5,3.25,NA,TopSport,Toronto Raptors
Toronto Raptors v Orlando Magic,Toronto Raptors,Orlando Magic,Player Rebounds,Goga Bitadze,Orlando Magic,5.5,1.05,NA,TopSport,Toronto Raptors
Toronto Raptors v Orlando Magic,Toronto Raptors,Orlando Magic,Player Rebounds,Jakob Poeltl,NA,5.5,1.05,NA,TopSport,NA
Toronto Raptors v Orlando Magic,Toronto Raptors,Orlando Magic,Player Rebounds,Scottie Barnes,Toronto Raptors,5.5,1.16,NA,TopSport,Orlando Magic
Toronto Raptors v Orlando Magic,Toronto Raptors,Orlando Magic,Player Rebounds,Jonathan Isaac,Orlando Magic,5.5,2.1,NA,TopSport,Toronto Raptors
Toronto Raptors v Orlando Magic,Toronto Raptors,Orlando Magic,Player Rebounds,Tristan da Silva,Orlando Magic,5.5,2.35,NA,TopSport,Toronto Raptors
Toronto Raptors v Orlando Magic,Toronto Raptors,Orlando Magic,Player Rebounds,Immanuel Quickley,Toronto Raptors,5.5,3,NA,TopSport,Orlando Magic
Toronto Raptors v Orlando Magic,Toronto Raptors,Orlando Magic,Player Rebounds,Jalen Suggs,Orlando Magic,5.5,3.25,NA,TopSport,Toronto Raptors
Toronto Raptors v Orlando Magic,Toronto Raptors,Orlando Magic,Player Rebounds,Ochai Agbaji,Toronto Raptors,5.5,3.5,NA,TopSport,Orlando Magic
Toronto Raptors v Orlando Magic,Toronto Raptors,Orlando Magic,Player Rebounds,Gradey Dick,Toronto Raptors,5.5,4.4,NA,TopSport,Orlando Magic
Toronto Raptors v Orlando Magic,Toronto Raptors,Orlando Magic,Player Rebounds,Goga Bitadze,Orlando Magic,7.5,1.23,NA,TopSport,Toronto Raptors
Toronto Raptors v Orlando Magic,Toronto Raptors,Orlando Magic,Player Rebounds,Jakob Poeltl,NA,7.5,1.25,NA,TopSport,NA
Toronto Raptors v Orlando Magic,Toronto Raptors,Orlando Magic,Player Rebounds,Scottie Barnes,Toronto Raptors,7.5,1.48,NA,TopSport,Orlando Magic
Toronto Raptors v Orlando Magic,Toronto Raptors,Orlando Magic,Player Rebounds,Jonathan Isaac,Orlando Magic,7.5,4.25,NA,TopSport,Toronto Raptors
Toronto Raptors v Orlando Magic,Toronto Raptors,Orlando Magic,Player Rebounds,Tristan da Silva,Orlando Magic,7.5,4.8,NA,TopSport,Toronto Raptors
Toronto Raptors v Orlando Magic,Toronto Raptors,Orlando Magic,Player Rebounds,Immanuel Quickley,Toronto Raptors,7.5,6.5,NA,TopSport,Orlando Magic
Toronto Raptors v Orlando Magic,Toronto Raptors,Orlando Magic,Player Rebounds,Jalen Suggs,Orlando Magic,7.5,7.5,NA,TopSport,Toronto Raptors
Toronto Raptors v Orlando Magic,Toronto Raptors,Orlando Magic,Player Rebounds,Ochai Agbaji,Toronto Raptors,7.5,9,NA,TopSport,Orlando Magic
Toronto Raptors v Orlando Magic,Toronto Raptors,Orlando Magic,Player Rebounds,Goga Bitadze,Orlando Magic,9.5,1.62,NA,TopSport,Toronto Raptors
Toronto Raptors v Orlando Magic,Toronto Raptors,Orlando Magic,Player Rebounds,Jakob Poeltl,NA,9.5,1.65,NA,TopSport,NA
Toronto Raptors v Orlando Magic,Toronto Raptors,Orlando Magic,Player Rebounds,Scottie Barnes,Toronto Raptors,9.5,2.1,NA,TopSport,Orlando Magic
Toronto Raptors v Orlando Magic,Toronto Raptors,Orlando Magic,Player Rebounds,Jonathan Isaac,Orlando Magic,9.5,10,NA,TopSport,Toronto Raptors
Toronto Raptors v Orlando Magic,Toronto Raptors,Orlando Magic,Player Rebounds,Goga Bitadze,Orlando Magic,11.5,2.45,NA,TopSport,Toronto Raptors
Toronto Raptors v Orlando Magic,Toronto Raptors,Orlando Magic,Player Rebounds,Jakob Poeltl,NA,11.5,2.55,NA,TopSport,NA
Toronto Raptors v Orlando Magic,Toronto Raptors,Orlando Magic,Player Rebounds,Scottie Barnes,Toronto Raptors,11.5,3.9,NA,TopSport,Orlando Magic
Toronto Raptors v Orlando Magic,Toronto Raptors,Orlando Magic,Player Rebounds,Goga Bitadze,Orlando Magic,13.5,4.2,NA,TopSport,Toronto Raptors
Toronto Raptors v Orlando Magic,Toronto Raptors,Orlando Magic,Player Rebounds,Jakob Poeltl,NA,13.5,4.4,NA,TopSport,NA
Toronto Raptors v Orlando Magic,Toronto Raptors,Orlando Magic,Player Rebounds,Scottie Barnes,Toronto Raptors,13.5,7.5,NA,TopSport,Orlando Magic
Toronto Raptors v Orlando Magic,Toronto Raptors,Orlando Magic,Player Rebounds,Jonathan Isaac,Orlando Magic,1.5,1.02,NA,TopSport,Toronto Raptors
Toronto Raptors v Orlando Magic,Toronto Raptors,Orlando Magic,Player Rebounds,Ochai Agbaji,Toronto Raptors,1.5,1.03,NA,TopSport,Orlando Magic
Toronto Raptors v Orlando Magic,Toronto Raptors,Orlando Magic,Player Rebounds,Kentavious Caldwell-Pope,Orlando Magic,1.5,1.06,NA,TopSport,Toronto Raptors
Toronto Raptors v Orlando Magic,Toronto Raptors,Orlando Magic,Player Rebounds,Jalen Suggs,Orlando Magic,3.5,1.04,NA,TopSport,Toronto Raptors
Toronto Raptors v Orlando Magic,Toronto Raptors,Orlando Magic,Player Rebounds,Jonathan Isaac,Orlando Magic,3.5,1.2,NA,TopSport,Toronto Raptors
Toronto Raptors v Orlando Magic,Toronto Raptors,Orlando Magic,Player Rebounds,Ochai Agbaji,Toronto Raptors,3.5,1.26,NA,TopSport,Orlando Magic
Toronto Raptors v Orlando Magic,Toronto Raptors,Orlando Magic,Player Rebounds,Kentavious Caldwell-Pope,Orlando Magic,3.5,1.45,NA,TopSport,Toronto Raptors
Toronto Raptors v Orlando Magic,Toronto Raptors,Orlando Magic,Player Rebounds,Immanuel Quickley,Toronto Raptors,5.5,1.04,NA,TopSport,Orlando Magic
Toronto Raptors v Orlando Magic,Toronto Raptors,Orlando Magic,Player Rebounds,Jalen Suggs,Orlando Magic,5.5,1.17,NA,TopSport,Toronto Raptors
Toronto Raptors v Orlando Magic,Toronto Raptors,Orlando Magic,Player Rebounds,Jonathan Isaac,Orlando Magic,5.5,1.83,NA,TopSport,Toronto Raptors
Toronto Raptors v Orlando Magic,Toronto Raptors,Orlando Magic,Player Rebounds,Ochai Agbaji,Toronto Raptors,5.5,2.1,NA,TopSport,Orlando Magic
Toronto Raptors v Orlando Magic,Toronto Raptors,Orlando Magic,Player Rebounds,Kentavious Caldwell-Pope,Orlando Magic,5.5,2.5,NA,TopSport,Toronto Raptors
Toronto Raptors v Orlando Magic,Toronto Raptors,Orlando Magic,Player Rebounds,Immanuel Quickley,Toronto Raptors,7.5,1.15,NA,TopSport,Orlando Magic
Toronto Raptors v Orlando Magic,Toronto Raptors,Orlando Magic,Player Rebounds,Jalen Suggs,Orlando Magic,7.5,1.5,NA,TopSport,Toronto Raptors
Toronto Raptors v Orlando Magic,Toronto Raptors,Orlando Magic,Player Rebounds,Jonathan Isaac,Orlando Magic,7.5,3.6,NA,TopSport,Toronto Raptors
Toronto Raptors v Orlando Magic,Toronto Raptors,Orlando Magic,Player Rebounds,Ochai Agbaji,Toronto Raptors,7.5,4.25,NA,TopSport,Orlando Magic
Toronto Raptors v Orlando Magic,Toronto Raptors,Orlando Magic,Player Rebounds,Kentavious Caldwell-Pope,Orlando Magic,7.5,5.5,NA,TopSport,Toronto Raptors
Toronto Raptors v Orlando Magic,Toronto Raptors,Orlando Magic,Player Rebounds,Goga Bitadze,Orlando Magic,9.5,1.14,NA,TopSport,Toronto Raptors
Toronto Raptors v Orlando Magic,Toronto Raptors,Orlando Magic,Player Rebounds,Immanuel Quickley,Toronto Raptors,9.5,1.42,NA,TopSport,Orlando Magic
Toronto Raptors v Orlando Magic,Toronto Raptors,Orlando Magic,Player Rebounds,Jalen Suggs,Orlando Magic,9.5,2.15,NA,TopSport,Toronto Raptors
Toronto Raptors v Orlando Magic,Toronto Raptors,Orlando Magic,Player Rebounds,Jonathan Isaac,Orlando Magic,9.5,8.5,NA,TopSport,Toronto Raptors
Toronto Raptors v Orlando Magic,Toronto Raptors,Orlando Magic,Player Rebounds,Ochai Agbaji,Toronto Raptors,9.5,10,NA,TopSport,Orlando Magic
Toronto Raptors v Orlando Magic,Toronto Raptors,Orlando Magic,Player Rebounds,Immanuel Quickley,Toronto Raptors,11.5,1.95,NA,TopSport,Orlando Magic
Toronto Raptors v Orlando Magic,Toronto Raptors,Orlando Magic,Player Rebounds,Jalen Suggs,Orlando Magic,11.5,4,NA,TopSport,Toronto Raptors
Toronto Raptors v Orlando Magic,Toronto Raptors,Orlando Magic,Player Rebounds,Scottie Barnes,Toronto Raptors,13.5,1.62,NA,TopSport,Orlando Magic
Toronto Raptors v Orlando Magic,Toronto Raptors,Orlando Magic,Player Rebounds,Goga Bitadze,Orlando Magic,13.5,1.8,NA,TopSport,Toronto Raptors
Toronto Raptors v Orlando Magic,Toronto Raptors,Orlando Magic,Player Rebounds,Immanuel Quickley,Toronto Raptors,13.5,3.5,NA,TopSport,Orlando Magic
Toronto Raptors v Orlando Magic,Toronto Raptors,Orlando Magic,Player Rebounds,Jalen Suggs,Orlando Magic,13.5,8,NA,TopSport,Toronto Raptors
Detroit Pistons v Charlotte Hornets,Detroit Pistons,Charlotte Hornets,Player Rebounds,Cade Cunningham,Detroit Pistons,5.5,1.65,2.11,TopSport,Charlotte Hornets
Detroit Pistons v Charlotte Hornets,Detroit Pistons,Charlotte Hornets,Player Rebounds,Isaiah Stewart,Detroit Pistons,5.5,2.01,1.72,TopSport,Charlotte Hornets
Detroit Pistons v Charlotte Hornets,Detroit Pistons,Charlotte Hornets,Player Rebounds,Jalen Duren,Detroit Pistons,10.5,2,1.72,TopSport,Charlotte Hornets
Detroit Pistons v Charlotte Hornets,Detroit Pistons,Charlotte Hornets,Player Rebounds,Josh Green,Charlotte Hornets,2.5,1.7,2.03,TopSport,Detroit Pistons
Detroit Pistons v Charlotte Hornets,Detroit Pistons,Charlotte Hornets,Player Rebounds,Malik Beasley,Detroit Pistons,3.5,2.4,1.51,TopSport,Charlotte Hornets
Detroit Pistons v Charlotte Hornets,Detroit Pistons,Charlotte Hornets,Player Rebounds,Mark Williams,Charlotte Hornets,9.5,2.03,1.7,TopSport,Detroit Pistons
Detroit Pistons v Charlotte Hornets,Detroit Pistons,Charlotte Hornets,Player Rebounds,Miles Bridges,Charlotte Hornets,7.5,1.83,1.87,TopSport,Detroit Pistons
Detroit Pistons v Charlotte Hornets,Detroit Pistons,Charlotte Hornets,Player Rebounds,Tim Hardaway,NA,2.5,1.98,1.74,TopSport,NA
Detroit Pistons v Charlotte Hornets,Detroit Pistons,Charlotte Hornets,Player Rebounds,Tobias Harris,Detroit Pistons,5.5,1.7,2.03,TopSport,Charlotte Hornets
Toronto Raptors v Orlando Magic,Toronto Raptors,Orlando Magic,Player Rebounds,Goga Bitadze,Orlando Magic,10.5,1.89,1.82,TopSport,Toronto Raptors
Toronto Raptors v Orlando Magic,Toronto Raptors,Orlando Magic,Player Rebounds,Gradey Dick,Toronto Raptors,3.5,1.95,1.76,TopSport,Orlando Magic
Toronto Raptors v Orlando Magic,Toronto Raptors,Orlando Magic,Player Rebounds,Immanuel Quickley,Toronto Raptors,4.5,2.1,1.66,TopSport,Orlando Magic
Toronto Raptors v Orlando Magic,Toronto Raptors,Orlando Magic,Player Rebounds,Jakob Poeltl,NA,10.5,2.08,1.67,TopSport,NA
Toronto Raptors v Orlando Magic,Toronto Raptors,Orlando Magic,Player Rebounds,Jalen Suggs,Orlando Magic,4.5,2.23,1.58,TopSport,Toronto Raptors
Toronto Raptors v Orlando Magic,Toronto Raptors,Orlando Magic,Player Rebounds,Jonathan Isaac,Orlando Magic,5.5,2.08,1.67,TopSport,Toronto Raptors
Toronto Raptors v Orlando Magic,Toronto Raptors,Orlando Magic,Player Rebounds,Kentavious Caldwell-Pope,Orlando Magic,2.5,2.14,1.63,TopSport,Toronto Raptors
Toronto Raptors v Orlando Magic,Toronto Raptors,Orlando Magic,Player Rebounds,Ochai Agbaji,Toronto Raptors,3.5,1.75,1.97,TopSport,Orlando Magic
Toronto Raptors v Orlando Magic,Toronto Raptors,Orlando Magic,Player Rebounds,Scottie Barnes,Toronto Raptors,8.5,1.85,1.85,TopSport,Orlando Magic
Toronto Raptors v Orlando Magic,Toronto Raptors,Orlando Magic,Player Rebounds,Tristan da Silva,Orlando Magic,4.5,1.83,1.87,TopSport,Toronto Raptors
